citation_id,country_or_region,source_label,source_title,source_url,application_type,application_decision,decision_basis
[2],Germany,Germany - Berlin - BSR / Berliner Stadtreinigung waste-company guidance,Biogut: Abfall mit Mehrfach-Nutzen,https://www.bsr.de/biogut,Tea/coffee preparation items,Rejected,Source-level evidence rejects compostable packaging/items or identifies no accepted organics route.
[3],Germany,Germany - Munich - AWM München / municipal sorting rule,Menü,https://www.awm-muenchen.de/abfall-entsorgen/abfalllexikon/detailansicht-lexikoneintrag/bioabfall,Food-waste liners / collection bags,Rejected,Source-level evidence rejects compostable packaging/items or identifies no accepted organics route.
[4],Germany,Germany - Hamburg - Stadtreinigung Hamburg / Wirfuerbio guidance,Facebook,https://www.wirfuerbio.de/srh/,Food-waste liners / collection bags,Rejected,Source-level evidence rejects compostable packaging/items or identifies no accepted organics route.
[5],Germany,Germany - Kitzingen district - Landratsamt Kitzingen / regional government guidance,Landratsamt Kitzingen,https://www.abfallwelt.de/abfaelle/kompostierbare-biomuellbeutel/,Generic compostable packaging / plastics,Rejected,Source-level evidence rejects compostable packaging/items or identifies no accepted organics route.
[7],Germany,Germany - Bamberg - Stadt Bamberg / Biomüll municipal sorting rule,Untermenü,https://www.stadt.bamberg.de/index.php?La=1&mNavID=1829.6&sNavID=1829.450,Generic compostable packaging / plastics,Rejected,Source-level evidence rejects compostable packaging/items or identifies no accepted organics route.
[9],Netherlands,Netherlands - National - Milieu Centraal / government-backed sorting guidance,You are here:,https://www.milieucentraal.nl/minder-afval/afval-scheiden/welk-afval-waar/,Tea/coffee preparation items,Rejected,Source-level evidence rejects compostable packaging/items or identifies no accepted organics route.
[10],Netherlands,Netherlands - HVC service area - HVC / waste-management company guidance,Schoon gft-afval = schoon compost,https://www.hvcgroep.nl/ons-verhaal/nieuws/gft-en-etensresten-hou-het-schoon,Food-waste liners / collection bags,Accepted,Food-waste liners/collection bags are accepted in the ordinary organics route; certification or compostability wording is treated as product qualification.
[10],Netherlands,Netherlands - HVC service area - HVC / waste-management company guidance,Schoon gft-afval = schoon compost,https://www.hvcgroep.nl/ons-verhaal/nieuws/gft-en-etensresten-hou-het-schoon,Flexible films/wraps/pouches,Rejected,Source-level rule is liner-only; this broader application category is outside the accepted application scope.
[10],Netherlands,Netherlands - HVC service area - HVC / waste-management company guidance,Schoon gft-afval = schoon compost,https://www.hvcgroep.nl/ons-verhaal/nieuws/gft-en-etensresten-hou-het-schoon,Generic compostable packaging / plastics,Rejected,Source-level rule is liner-only; this broader application category is outside the accepted application scope.
[11],Netherlands,Netherlands - Roosendaal / Saver service area - Saver NV / waste-company guidance,Hoe gebruik ik composteerbare zakjes? | Saver,https://saver.nl/nieuws-gebruik-composteerbare-zakjes,Food-waste liners / collection bags,Accepted,Food-waste liners/collection bags are accepted in the ordinary organics route; certification or compostability wording is treated as product qualification.
[11],Netherlands,Netherlands - Roosendaal / Saver service area - Saver NV / waste-company guidance,Hoe gebruik ik composteerbare zakjes? | Saver,https://saver.nl/nieuws-gebruik-composteerbare-zakjes,Food-service ware / takeaway packaging,Rejected,Source-level rule is liner-only; this broader application category is outside the accepted application scope.
[12],Netherlands,Netherlands - National - VANG-HHA / Rijkswaterstaat-linked guidance / national government guidance,--- Page 1 ---,https://vang-hha.nl/publish/pages/195563/qena-wat-mag-wel-en-niet-in-de-afvalbak-120324.pdf,Tea/coffee preparation items,Rejected,Source-level evidence rejects compostable packaging/items or identifies no accepted organics route.
[12],Netherlands,Netherlands - National - VANG-HHA / Rijkswaterstaat-linked guidance / national government guidance,--- Page 1 ---,https://vang-hha.nl/publish/pages/195563/qena-wat-mag-wel-en-niet-in-de-afvalbak-120324.pdf,Generic compostable packaging / plastics,Rejected,Source-level evidence rejects compostable packaging/items or identifies no accepted organics route.
[13],Netherlands,Netherlands - Maashorst - Gemeente Maashorst / municipal sorting rule,Voorlezen,https://www.gemeentemaashorst.nl/inwoners/afval/tips/wat-mag-niet-in-de-gfte-container/,Food-waste liners / collection bags,Rejected,Source-level evidence rejects compostable packaging/items or identifies no accepted organics route.
[13],Netherlands,Netherlands - Maashorst - Gemeente Maashorst / municipal sorting rule,Voorlezen,https://www.gemeentemaashorst.nl/inwoners/afval/tips/wat-mag-niet-in-de-gfte-container/,Food-service ware / takeaway packaging,Rejected,Source-level evidence rejects compostable packaging/items or identifies no accepted organics route.
[13],Netherlands,Netherlands - Maashorst - Gemeente Maashorst / municipal sorting rule,Voorlezen,https://www.gemeentemaashorst.nl/inwoners/afval/tips/wat-mag-niet-in-de-gfte-container/,Tea/coffee preparation items,Rejected,Source-level evidence rejects compostable packaging/items or identifies no accepted organics route.
[13],Netherlands,Netherlands - Maashorst - Gemeente Maashorst / municipal sorting rule,Voorlezen,https://www.gemeentemaashorst.nl/inwoners/afval/tips/wat-mag-niet-in-de-gfte-container/,Generic compostable packaging / plastics,Rejected,Source-level evidence rejects compostable packaging/items or identifies no accepted organics route.
[14],Netherlands,Netherlands - Hoeksche Waard / BAR area - RAD / waste-company guidance,Gft,https://www.radbv.nl/gft/,Food-waste liners / collection bags,Rejected,Source-level evidence rejects compostable packaging/items or identifies no accepted organics route.
[14],Netherlands,Netherlands - Hoeksche Waard / BAR area - RAD / waste-company guidance,Gft,https://www.radbv.nl/gft/,Tea/coffee preparation items,Rejected,Source-level evidence rejects compostable packaging/items or identifies no accepted organics route.
[14],Netherlands,Netherlands - Hoeksche Waard / BAR area - RAD / waste-company guidance,Gft,https://www.radbv.nl/gft/,Food-soiled paper / fibre packaging,Rejected,Source-level evidence rejects compostable packaging/items or identifies no accepted organics route.
[14],Netherlands,Netherlands - Hoeksche Waard / BAR area - RAD / waste-company guidance,Gft,https://www.radbv.nl/gft/,Generic compostable packaging / plastics,Rejected,Source-level evidence rejects compostable packaging/items or identifies no accepted organics route.
[15],Netherlands,Netherlands - Limburg South - RD4 / waste-company guidance,Direct naar de inhoud,https://rd4.nl/biozak,Food-waste liners / collection bags,Rejected,Source-level evidence rejects compostable packaging/items or identifies no accepted organics route.
[16],Netherlands,Netherlands - Rotterdam - Gemeente Rotterdam / municipal sorting rule,Leestijd: 8 min,https://www.rotterdam.nl/groente-fruit-en-etensresten-en-tuinafval,Food-service ware / takeaway packaging,Rejected,Source-level evidence rejects compostable packaging/items or identifies no accepted organics route.
[16],Netherlands,Netherlands - Rotterdam - Gemeente Rotterdam / municipal sorting rule,Leestijd: 8 min,https://www.rotterdam.nl/groente-fruit-en-etensresten-en-tuinafval,Tea/coffee preparation items,Rejected,Source-level evidence rejects compostable packaging/items or identifies no accepted organics route.
[17],Netherlands,Netherlands - Twente Region - Twente Milieu / waste-company guidance,"Wel/niet lijst voor gft-afval (GFT, GFT-E, GFE)",https://vang-hha.nl/,Tea/coffee preparation items,Rejected,Source-level evidence rejects compostable packaging/items or identifies no accepted organics route.
[17],Netherlands,Netherlands - Twente Region - Twente Milieu / waste-company guidance,"Wel/niet lijst voor gft-afval (GFT, GFT-E, GFE)",https://vang-hha.nl/,Food-soiled paper / fibre packaging,Rejected,Source-level evidence rejects compostable packaging/items or identifies no accepted organics route.
[17],Netherlands,Netherlands - Twente Region - Twente Milieu / waste-company guidance,"Wel/niet lijst voor gft-afval (GFT, GFT-E, GFE)",https://vang-hha.nl/,Generic compostable packaging / plastics,Rejected,Source-level evidence rejects compostable packaging/items or identifies no accepted organics route.
[18],Belgium,Belgium - Flanders - OVAM / regional government guidance,Bioplastics,https://ovam.vlaanderen.be/bioplastics,Generic compostable packaging / plastics,Rejected,Source-level evidence rejects compostable packaging/items or identifies no accepted organics route.
[19],Belgium,Belgium - Brussels-Capital Region - Bruxelles-Proprete / municipal sorting rule,Sorting and recycling your waste,https://www.arp-gan.be/en/sorting,Food-service ware / takeaway packaging,Rejected,Source-level evidence rejects compostable packaging/items or identifies no accepted organics route.
[19],Belgium,Belgium - Brussels-Capital Region - Bruxelles-Proprete / municipal sorting rule,Sorting and recycling your waste,https://www.arp-gan.be/en/sorting,Food-soiled paper / fibre packaging,Rejected,Source-level evidence rejects compostable packaging/items or identifies no accepted organics route.
[20],France,France - National - ADEME / government advisory,Accueil,https://www.ademe.fr/presse/communique-national/avis-de-lademe-les-limites-des-emballages-en-plastique-compostables/,Food-service ware / takeaway packaging,Rejected,Source-level evidence rejects compostable packaging/items or identifies no accepted organics route.
[20],France,France - National - ADEME / government advisory,Accueil,https://www.ademe.fr/presse/communique-national/avis-de-lademe-les-limites-des-emballages-en-plastique-compostables/,Tea/coffee preparation items,Rejected,Source-level evidence rejects compostable packaging/items or identifies no accepted organics route.
[20],France,France - National - ADEME / government advisory,Accueil,https://www.ademe.fr/presse/communique-national/avis-de-lademe-les-limites-des-emballages-en-plastique-compostables/,Generic compostable packaging / plastics,Rejected,Source-level evidence rejects compostable packaging/items or identifies no accepted organics route.
[21],France,France - Paris - Ville de Paris / municipal sorting rule,Comment trier ses déchets alimentaires à Paris ?,https://www.paris.fr/pages/le-tri-des-dechets-alimentaires-a-paris-24842,Food-waste liners / collection bags,Accepted,Food-waste liners/collection bags are accepted in the ordinary organics route; certification or compostability wording is treated as product qualification.
[21],France,France - Paris - Ville de Paris / municipal sorting rule,Comment trier ses déchets alimentaires à Paris ?,https://www.paris.fr/pages/le-tri-des-dechets-alimentaires-a-paris-24842,Tea/coffee preparation items,Rejected,Source-level rule is liner-only; this broader application category is outside the accepted application scope.
[22],France,France - Lyon Metropole - Metropole de Lyon / municipal sorting rule,Vos questions sur les bornes à compost,https://www.grandlyon.com/mes-services-au-quotidien/gerer-ses-dechets/utiliser-une-borne-a-compost/vos-questions-sur-les-bornes-a-compost,Food-waste liners / collection bags,Accepted with conditions,"Food-waste liners are accepted only as official/designated, locally/facility-approved, or otherwise restricted collection items."
[22],France,France - Lyon Metropole - Metropole de Lyon / municipal sorting rule,Vos questions sur les bornes à compost,https://www.grandlyon.com/mes-services-au-quotidien/gerer-ses-dechets/utiliser-une-borne-a-compost/vos-questions-sur-les-bornes-a-compost,Food-service ware / takeaway packaging,Rejected,Source-level rule is liner-only; this broader application category is outside the accepted application scope.
[22],France,France - Lyon Metropole - Metropole de Lyon / municipal sorting rule,Vos questions sur les bornes à compost,https://www.grandlyon.com/mes-services-au-quotidien/gerer-ses-dechets/utiliser-une-borne-a-compost/vos-questions-sur-les-bornes-a-compost,Tea/coffee preparation items,Rejected,Source-level rule is liner-only; this broader application category is outside the accepted application scope.
[22],France,France - Lyon Metropole - Metropole de Lyon / municipal sorting rule,Vos questions sur les bornes à compost,https://www.grandlyon.com/mes-services-au-quotidien/gerer-ses-dechets/utiliser-une-borne-a-compost/vos-questions-sur-les-bornes-a-compost,Food-soiled paper / fibre packaging,Rejected,Source-level rule is liner-only; this broader application category is outside the accepted application scope.
[22],France,France - Lyon Metropole - Metropole de Lyon / municipal sorting rule,Vos questions sur les bornes à compost,https://www.grandlyon.com/mes-services-au-quotidien/gerer-ses-dechets/utiliser-une-borne-a-compost/vos-questions-sur-les-bornes-a-compost,Generic compostable packaging / plastics,Rejected,Source-level rule is liner-only; this broader application category is outside the accepted application scope.
[23],Italy,Italy - Veneto / Contarina - Contarina / waste-management company,SPORTELLO ONLINE,https://contarina.it/impresa/racolta-differenziata/sacchetti-e-imballaggi-in-materiale-compostabile-1,Food-waste liners / collection bags,Accepted,"Application is accepted in the ordinary organics route; certification or generic compostability is treated as product qualification, not a scenario restriction."
[23],Italy,Italy - Veneto / Contarina - Contarina / waste-management company,SPORTELLO ONLINE,https://contarina.it/impresa/racolta-differenziata/sacchetti-e-imballaggi-in-materiale-compostabile-1,Food-service ware / takeaway packaging,Accepted,"Application is accepted in the ordinary organics route; certification or generic compostability is treated as product qualification, not a scenario restriction."
[23],Italy,Italy - Veneto / Contarina - Contarina / waste-management company,SPORTELLO ONLINE,https://contarina.it/impresa/racolta-differenziata/sacchetti-e-imballaggi-in-materiale-compostabile-1,Shopping/produce bags,Accepted,"Application is accepted in the ordinary organics route; certification or generic compostability is treated as product qualification, not a scenario restriction."
[23],Italy,Italy - Veneto / Contarina - Contarina / waste-management company,SPORTELLO ONLINE,https://contarina.it/impresa/racolta-differenziata/sacchetti-e-imballaggi-in-materiale-compostabile-1,Generic compostable packaging / plastics,Accepted,"Application is accepted in the ordinary organics route; certification or generic compostability is treated as product qualification, not a scenario restriction."
[24],Italy,Italy - National - Italian national bag rules / government-policy evidence,Divieto di commercializzazione dei sacchetti non biodegradabili e compostabili,https://www.comitatoparchi.it/ambiente-ecologia/divieto-di-commercializzazione-dei-sacchetti-non-biodegradabili-e-compostabili/,Shopping/produce bags,Unclear or not stated,"Application is mentioned, but no explicit application-level acceptance or rejection decision is stated."
[24],Italy,Italy - National - Italian national bag rules / government-policy evidence,Divieto di commercializzazione dei sacchetti non biodegradabili e compostabili,https://www.comitatoparchi.it/ambiente-ecologia/divieto-di-commercializzazione-dei-sacchetti-non-biodegradabili-e-compostabili/,Generic compostable packaging / plastics,Unclear or not stated,"Application is mentioned, but no explicit application-level acceptance or rejection decision is stated."
[26],Italy,Italy - Monza - Comune di Monza / MonzaPulita / municipal sorting rule,RISPETTIAMO IL PIANETA,https://www.monzapulita.it/interno.php?id=13,Food-service ware / takeaway packaging,Accepted,"Application is accepted in the ordinary organics route; certification or generic compostability is treated as product qualification, not a scenario restriction."
[26],Italy,Italy - Monza - Comune di Monza / MonzaPulita / municipal sorting rule,RISPETTIAMO IL PIANETA,https://www.monzapulita.it/interno.php?id=13,Shopping/produce bags,Accepted,"Application is accepted in the ordinary organics route; certification or generic compostability is treated as product qualification, not a scenario restriction."
[26],Italy,Italy - Monza - Comune di Monza / MonzaPulita / municipal sorting rule,RISPETTIAMO IL PIANETA,https://www.monzapulita.it/interno.php?id=13,Generic compostable packaging / plastics,Accepted,"Application is accepted in the ordinary organics route; certification or generic compostability is treated as product qualification, not a scenario restriction."
[27],Italy,Italy - Buccinasco - Comune di Buccinasco / municipal sorting rule,Eco(R)esistenza,https://www.comune.buccinasco.mi.it/it/page/trasparenza-servizio-gestione-rifiuti,Food-waste liners / collection bags,Rejected,Source-level evidence rejects compostable packaging/items or identifies no accepted organics route.
[27],Italy,Italy - Buccinasco - Comune di Buccinasco / municipal sorting rule,Eco(R)esistenza,https://www.comune.buccinasco.mi.it/it/page/trasparenza-servizio-gestione-rifiuti,Food-service ware / takeaway packaging,Rejected,Source-level evidence rejects compostable packaging/items or identifies no accepted organics route.
[27],Italy,Italy - Buccinasco - Comune di Buccinasco / municipal sorting rule,Eco(R)esistenza,https://www.comune.buccinasco.mi.it/it/page/trasparenza-servizio-gestione-rifiuti,Flexible films/wraps/pouches,Rejected,Source-level evidence rejects compostable packaging/items or identifies no accepted organics route.
[27],Italy,Italy - Buccinasco - Comune di Buccinasco / municipal sorting rule,Eco(R)esistenza,https://www.comune.buccinasco.mi.it/it/page/trasparenza-servizio-gestione-rifiuti,Generic compostable packaging / plastics,Rejected,Source-level evidence rejects compostable packaging/items or identifies no accepted organics route.
[28],Italy,Italy - Perugia - Comune di Perugia / GESENU / waste-company guidance,--- Page 1 ---,https://www.gesenu.it/MC-API/Risorse/StreamRisorsa.ashx?guid=d8fcef3f-5545-4da8-af7a-ad2377785c31,Food-service ware / takeaway packaging,Rejected,Source-level evidence rejects compostable packaging/items or identifies no accepted organics route.
[28],Italy,Italy - Perugia - Comune di Perugia / GESENU / waste-company guidance,--- Page 1 ---,https://www.gesenu.it/MC-API/Risorse/StreamRisorsa.ashx?guid=d8fcef3f-5545-4da8-af7a-ad2377785c31,Flexible films/wraps/pouches,Rejected,Source-level evidence rejects compostable packaging/items or identifies no accepted organics route.
[28],Italy,Italy - Perugia - Comune di Perugia / GESENU / waste-company guidance,--- Page 1 ---,https://www.gesenu.it/MC-API/Risorse/StreamRisorsa.ashx?guid=d8fcef3f-5545-4da8-af7a-ad2377785c31,Generic compostable packaging / plastics,Rejected,Source-level evidence rejects compostable packaging/items or identifies no accepted organics route.
[29],Italy,Italy - Salerno - Salerno Pulita S.p.A. / waste-company guidance,Home,https://www.salernopulita.it/campagna-bioplastica-compostabile/,Food-service ware / takeaway packaging,Rejected,Source-level evidence rejects compostable packaging/items or identifies no accepted organics route.
[29],Italy,Italy - Salerno - Salerno Pulita S.p.A. / waste-company guidance,Home,https://www.salernopulita.it/campagna-bioplastica-compostabile/,Generic compostable packaging / plastics,Rejected,Source-level evidence rejects compostable packaging/items or identifies no accepted organics route.
[30],Italy,Italy - Borgo Virgilio - Comune di Borgo Virgilio / municipal sorting rule,Raccolta Organico -Sacchetti Biodegradabili Compostabili,https://comune.borgovirgilio.mn.it/it/page/raccolta-organico-sacchetti-biodegradabili-compostabili,Food-service ware / takeaway packaging,Rejected,Source-level rule is liner-only; this broader application category is outside the accepted application scope.
[30],Italy,Italy - Borgo Virgilio - Comune di Borgo Virgilio / municipal sorting rule,Raccolta Organico -Sacchetti Biodegradabili Compostabili,https://comune.borgovirgilio.mn.it/it/page/raccolta-organico-sacchetti-biodegradabili-compostabili,Shopping/produce bags,Rejected,Source-level rule is liner-only; this broader application category is outside the accepted application scope.
[30],Italy,Italy - Borgo Virgilio - Comune di Borgo Virgilio / municipal sorting rule,Raccolta Organico -Sacchetti Biodegradabili Compostabili,https://comune.borgovirgilio.mn.it/it/page/raccolta-organico-sacchetti-biodegradabili-compostabili,Flexible films/wraps/pouches,Rejected,Source-level rule is liner-only; this broader application category is outside the accepted application scope.
[30],Italy,Italy - Borgo Virgilio - Comune di Borgo Virgilio / municipal sorting rule,Raccolta Organico -Sacchetti Biodegradabili Compostabili,https://comune.borgovirgilio.mn.it/it/page/raccolta-organico-sacchetti-biodegradabili-compostabili,Generic compostable packaging / plastics,Rejected,Source-level rule is liner-only; this broader application category is outside the accepted application scope.
[31],Spain,Spain - Madrid - Ayuntamiento de Madrid / municipal FAQ,Volver,https://www.madrid.es/portales/munimadrid/es/Inicio/Medio-ambiente/Recogida-de-residuos/Preguntas-frecuentes-sobre-la-recogida-de-residuos-organicos/?vgnextchannel=f81379ed268fe410VgnVCM1000000b205a0aRCRD&vgnextfmt=default&vgnextoid=28f179e15d7ee510VgnVCM2000001f4a900aRCRD,Food-waste liners / collection bags,Accepted,Food-waste liners/collection bags are accepted in the ordinary organics route; certification or compostability wording is treated as product qualification.
[31],Spain,Spain - Madrid - Ayuntamiento de Madrid / municipal FAQ,Volver,https://www.madrid.es/portales/munimadrid/es/Inicio/Medio-ambiente/Recogida-de-residuos/Preguntas-frecuentes-sobre-la-recogida-de-residuos-organicos/?vgnextchannel=f81379ed268fe410VgnVCM1000000b205a0aRCRD&vgnextfmt=default&vgnextoid=28f179e15d7ee510VgnVCM2000001f4a900aRCRD,Generic compostable packaging / plastics,Rejected,Source-level rule is liner-only; this broader application category is outside the accepted application scope.
[34],Sweden,Sweden - Stockholm - Stockholm Vatten och Avfall / municipal sorting rules,Börjar matavfallspåsarna ta slut?,https://www.stockholmvattenochavfall.se/artiklar-listsida/avfall---sortering-och-atervinning/matavfallspasar/,Food-waste liners / collection bags,Accepted with conditions,"Food-waste liners are accepted only as official/designated, locally/facility-approved, or otherwise restricted collection items."
[35],Finland,Finland - Helsinki region - HSY / regional public utility guidance,Biowaste,https://www.hsy.fi/en/waste-and-recycling/waste-guide/sorting/biowaste/,Food-waste liners / collection bags,Accepted,Food-waste liners/collection bags are accepted in the ordinary organics route; certification or compostability wording is treated as product qualification.
[35],Finland,Finland - Helsinki region - HSY / regional public utility guidance,Biowaste,https://www.hsy.fi/en/waste-and-recycling/waste-guide/sorting/biowaste/,Tea/coffee preparation items,Rejected,Source-level rule is liner-only; this broader application category is outside the accepted application scope.
[35],Finland,Finland - Helsinki region - HSY / regional public utility guidance,Biowaste,https://www.hsy.fi/en/waste-and-recycling/waste-guide/sorting/biowaste/,Food-soiled paper / fibre packaging,Rejected,Source-level rule is liner-only; this broader application category is outside the accepted application scope.
[35],Finland,Finland - Helsinki region - HSY / regional public utility guidance,Biowaste,https://www.hsy.fi/en/waste-and-recycling/waste-guide/sorting/biowaste/,Generic compostable packaging / plastics,Rejected,Source-level rule is liner-only; this broader application category is outside the accepted application scope.
[36],United Kingdom,United Kingdom - UK-wide - WRAP / Recycle Now guidance,18 June 2025,https://www.wrap.ngo/resources/guide/considerations-compostable-plastic-packaging,Flexible films/wraps/pouches,Rejected,Source-level evidence rejects compostable packaging/items or identifies no accepted organics route.
[36],United Kingdom,United Kingdom - UK-wide - WRAP / Recycle Now guidance,18 June 2025,https://www.wrap.ngo/resources/guide/considerations-compostable-plastic-packaging,Generic compostable packaging / plastics,Rejected,Source-level evidence rejects compostable packaging/items or identifies no accepted organics route.
[37],United Kingdom,United Kingdom - London Borough of Camden - Camden Council / municipal sorting rule,Recycling your food waste,https://www.camden.gov.uk/recycling-your-food-waste,Food-waste liners / collection bags,Accepted,Food-waste liners/collection bags are accepted in the ordinary organics route; certification or compostability wording is treated as product qualification.
[37],United Kingdom,United Kingdom - London Borough of Camden - Camden Council / municipal sorting rule,Recycling your food waste,https://www.camden.gov.uk/recycling-your-food-waste,Tea/coffee preparation items,Rejected,Source-level rule is liner-only; this broader application category is outside the accepted application scope.
[37],United Kingdom,United Kingdom - London Borough of Camden - Camden Council / municipal sorting rule,Recycling your food waste,https://www.camden.gov.uk/recycling-your-food-waste,Generic compostable packaging / plastics,Rejected,Source-level rule is liner-only; this broader application category is outside the accepted application scope.
[38],United Kingdom,United Kingdom - Manchester - Manchester City Council / municipal sorting rule,"Bins, rubbish and recycling",https://www.manchester.gov.uk/bins-rubbish-and-recycling/blue-bins-bags-and-containers/green-bins-containers-and-boxes,Food-waste liners / collection bags,Accepted,Food-waste liners/collection bags are accepted in the ordinary organics route; certification or compostability wording is treated as product qualification.
[38],United Kingdom,United Kingdom - Manchester - Manchester City Council / municipal sorting rule,"Bins, rubbish and recycling",https://www.manchester.gov.uk/bins-rubbish-and-recycling/blue-bins-bags-and-containers/green-bins-containers-and-boxes,Tea/coffee preparation items,Rejected,Source-level rule is liner-only; this broader application category is outside the accepted application scope.
[39],United Kingdom,United Kingdom - England - UK Government / national government guidance,Guidance,https://www.gov.uk/guidance/simpler-recycling-household-recycling-in-england,Food-waste liners / collection bags,Accepted with conditions,"Food-waste liners are accepted only as official/designated, locally/facility-approved, or otherwise restricted collection items."
[39],United Kingdom,United Kingdom - England - UK Government / national government guidance,Guidance,https://www.gov.uk/guidance/simpler-recycling-household-recycling-in-england,Tea/coffee preparation items,Rejected,Source-level rule is liner-only; this broader application category is outside the accepted application scope.
[39],United Kingdom,United Kingdom - England - UK Government / national government guidance,Guidance,https://www.gov.uk/guidance/simpler-recycling-household-recycling-in-england,Generic compostable packaging / plastics,Rejected,Source-level rule is liner-only; this broader application category is outside the accepted application scope.
[40],United Kingdom,United Kingdom - East Sussex - East Sussex County Council / municipal sorting rule,Food waste collections,https://www.eastsussex.gov.uk/rubbish-recycling/food-waste-collections,Food-waste liners / collection bags,Accepted with conditions,"Food-waste liners are accepted only as official/designated, locally/facility-approved, or otherwise restricted collection items."
[40],United Kingdom,United Kingdom - East Sussex - East Sussex County Council / municipal sorting rule,Food waste collections,https://www.eastsussex.gov.uk/rubbish-recycling/food-waste-collections,Tea/coffee preparation items,Rejected,Source-level rule is liner-only; this broader application category is outside the accepted application scope.
[40],United Kingdom,United Kingdom - East Sussex - East Sussex County Council / municipal sorting rule,Food waste collections,https://www.eastsussex.gov.uk/rubbish-recycling/food-waste-collections,Generic compostable packaging / plastics,Rejected,Source-level rule is liner-only; this broader application category is outside the accepted application scope.
[41],United Kingdom,United Kingdom - Cornwall - Cornwall Council / municipal sorting rule,Food waste,https://www.cornwall.gov.uk/rubbish-recycling-and-waste/recycling-and-rubbish-collections/how-to-use-your-new-food-waste-recycling-service/,Food-waste liners / collection bags,Accepted,Food-waste liners/collection bags are accepted in the ordinary organics route; certification or compostability wording is treated as product qualification.
[41],United Kingdom,United Kingdom - Cornwall - Cornwall Council / municipal sorting rule,Food waste,https://www.cornwall.gov.uk/rubbish-recycling-and-waste/recycling-and-rubbish-collections/how-to-use-your-new-food-waste-recycling-service/,Food-service ware / takeaway packaging,Rejected,Source-level rule is liner-only; this broader application category is outside the accepted application scope.
[42],United Kingdom,United Kingdom - Portsmouth - Portsmouth City Council / municipal sorting rule,Food waste collection,https://www.portsmouth.gov.uk/services/recycling-and-rubbish/recycling/food-waste-collection-service/,Food-waste liners / collection bags,Accepted,Food-waste liners/collection bags are accepted in the ordinary organics route; certification or compostability wording is treated as product qualification.
[42],United Kingdom,United Kingdom - Portsmouth - Portsmouth City Council / municipal sorting rule,Food waste collection,https://www.portsmouth.gov.uk/services/recycling-and-rubbish/recycling/food-waste-collection-service/,Tea/coffee preparation items,Rejected,Source-level rule is liner-only; this broader application category is outside the accepted application scope.
[42],United Kingdom,United Kingdom - Portsmouth - Portsmouth City Council / municipal sorting rule,Food waste collection,https://www.portsmouth.gov.uk/services/recycling-and-rubbish/recycling/food-waste-collection-service/,Generic compostable packaging / plastics,Rejected,Source-level rule is liner-only; this broader application category is outside the accepted application scope.
[43],United Kingdom,United Kingdom - Lichfield - Lichfield District Council / municipal sorting rule,All about the new food waste service,https://www.lichfielddc.gov.uk/food-waste-3/food-waste/5,Food-waste liners / collection bags,Rejected,Source-level evidence rejects compostable packaging/items or identifies no accepted organics route.
[44],Ireland,Ireland - National brown-bin guidance - MyWaste / official national guidance,The brown bin,https://mywaste.ie/dispose-waste/at-home/three-bin-system/brown-bin/,Food-waste liners / collection bags,Accepted,"Application is accepted in the ordinary organics route; certification or generic compostability is treated as product qualification, not a scenario restriction."
[44],Ireland,Ireland - National brown-bin guidance - MyWaste / official national guidance,The brown bin,https://mywaste.ie/dispose-waste/at-home/three-bin-system/brown-bin/,Tea/coffee preparation items,Accepted,"Application is accepted in the ordinary organics route; certification or generic compostability is treated as product qualification, not a scenario restriction."
[44],Ireland,Ireland - National brown-bin guidance - MyWaste / official national guidance,The brown bin,https://mywaste.ie/dispose-waste/at-home/three-bin-system/brown-bin/,Generic compostable packaging / plastics,Accepted,"Application is accepted in the ordinary organics route; certification or generic compostability is treated as product qualification, not a scenario restriction."
[45],Switzerland,Switzerland - Federal / local varies - FOEN/BAFU / federal guidance,Veröffentlicht am 24. März 2017,https://www.bafu.admin.ch/de/biokunststoff-alles-abbaubar,Generic compostable packaging / plastics,Rejected,Source-level evidence rejects compostable packaging/items or identifies no accepted organics route.
[46],United States,"United States - San Francisco, California - Recology SF + SF Environment / waste company + ordinance",What Goes Where,https://www.recology.com/recology-san-francisco/what-goes-where/,Food-waste liners / collection bags,Accepted,"Application is accepted in the ordinary organics route; certification or generic compostability is treated as product qualification, not a scenario restriction."
[46],United States,"United States - San Francisco, California - Recology SF + SF Environment / waste company + ordinance",What Goes Where,https://www.recology.com/recology-san-francisco/what-goes-where/,Tea/coffee preparation items,Accepted,"Application is accepted in the ordinary organics route; certification or generic compostability is treated as product qualification, not a scenario restriction."
[46],United States,"United States - San Francisco, California - Recology SF + SF Environment / waste company + ordinance",What Goes Where,https://www.recology.com/recology-san-francisco/what-goes-where/,Food-soiled paper / fibre packaging,Accepted,"Application is accepted in the ordinary organics route; certification or generic compostability is treated as product qualification, not a scenario restriction."
[46],United States,"United States - San Francisco, California - Recology SF + SF Environment / waste company + ordinance",What Goes Where,https://www.recology.com/recology-san-francisco/what-goes-where/,Flexible films/wraps/pouches,Accepted,"Application is accepted in the ordinary organics route; certification or generic compostability is treated as product qualification, not a scenario restriction."
[47],United States,"United States - Seattle, Washington - Seattle Public Utilities / municipal rule",Business & Commercial Compostables - Food Service Packaging Requirements,https://www.seattle.gov/utilities/your-services/collection-and-disposal/food-and-yard/business-and-commercial-compostables/food-packaging-requirements,Food-service ware / takeaway packaging,Accepted,"Application is accepted in the ordinary organics route; certification or generic compostability is treated as product qualification, not a scenario restriction."
[47],United States,"United States - Seattle, Washington - Seattle Public Utilities / municipal rule",Business & Commercial Compostables - Food Service Packaging Requirements,https://www.seattle.gov/utilities/your-services/collection-and-disposal/food-and-yard/business-and-commercial-compostables/food-packaging-requirements,Flexible films/wraps/pouches,Accepted,"Application is accepted in the ordinary organics route; certification or generic compostability is treated as product qualification, not a scenario restriction."
[47],United States,"United States - Seattle, Washington - Seattle Public Utilities / municipal rule",Business & Commercial Compostables - Food Service Packaging Requirements,https://www.seattle.gov/utilities/your-services/collection-and-disposal/food-and-yard/business-and-commercial-compostables/food-packaging-requirements,Generic compostable packaging / plastics,Accepted,"Application is accepted in the ordinary organics route; certification or generic compostability is treated as product qualification, not a scenario restriction."
[48],United States,"United States - Hennepin County, Minnesota - Hennepin County / regional government guidance",Environment,https://www.hennepincounty.gov/services/environment/recycling/at-home-recycling/organics-recycling-home,Tea/coffee preparation items,Accepted,"Application is accepted in the ordinary organics route; certification or generic compostability is treated as product qualification, not a scenario restriction."
[48],United States,"United States - Hennepin County, Minnesota - Hennepin County / regional government guidance",Environment,https://www.hennepincounty.gov/services/environment/recycling/at-home-recycling/organics-recycling-home,Flexible films/wraps/pouches,Accepted,"Application is accepted in the ordinary organics route; certification or generic compostability is treated as product qualification, not a scenario restriction."
[48],United States,"United States - Hennepin County, Minnesota - Hennepin County / regional government guidance",Environment,https://www.hennepincounty.gov/services/environment/recycling/at-home-recycling/organics-recycling-home,Generic compostable packaging / plastics,Accepted,"Application is accepted in the ordinary organics route; certification or generic compostability is treated as product qualification, not a scenario restriction."
[49],United States,United States - Minnesota - Minnesota Pollution Control Agency / regional government guidance,Why should I take advantage of organics recycling in my community?,https://www.pca.state.mn.us/air-water-land-climate/frequently-asked-questions-about-organics-recycling,Food-service ware / takeaway packaging,Rejected,Source-level evidence rejects compostable packaging/items or identifies no accepted organics route.
[49],United States,United States - Minnesota - Minnesota Pollution Control Agency / regional government guidance,Why should I take advantage of organics recycling in my community?,https://www.pca.state.mn.us/air-water-land-climate/frequently-asked-questions-about-organics-recycling,Food-soiled paper / fibre packaging,Rejected,Source-level evidence rejects compostable packaging/items or identifies no accepted organics route.
[49],United States,United States - Minnesota - Minnesota Pollution Control Agency / regional government guidance,Why should I take advantage of organics recycling in my community?,https://www.pca.state.mn.us/air-water-land-climate/frequently-asked-questions-about-organics-recycling,Generic compostable packaging / plastics,Rejected,Source-level evidence rejects compostable packaging/items or identifies no accepted organics route.
[50],United States,"United States - Woodland, California - City of Woodland / municipal sorting rule",Skip to Main Content,https://www.cityofwoodland.gov/731/Residential-Organics-Recycling,Food-waste liners / collection bags,Accepted,Food-waste liners/collection bags are accepted in the ordinary organics route; certification or compostability wording is treated as product qualification.
[50],United States,"United States - Woodland, California - City of Woodland / municipal sorting rule",Skip to Main Content,https://www.cityofwoodland.gov/731/Residential-Organics-Recycling,Tea/coffee preparation items,Rejected,Source-level rule is liner-only; this broader application category is outside the accepted application scope.
[50],United States,"United States - Woodland, California - City of Woodland / municipal sorting rule",Skip to Main Content,https://www.cityofwoodland.gov/731/Residential-Organics-Recycling,Generic compostable packaging / plastics,Rejected,Source-level rule is liner-only; this broader application category is outside the accepted application scope.
[51],United States,"United States - San Antonio, Texas - City of San Antonio / municipal sorting rule",opens in new tab or window,https://www.sa.gov/Directory/Departments/SWMD/Recycling-Organics/Organics,Food-waste liners / collection bags,Accepted with conditions,"Food-waste liners are accepted only as official/designated, locally/facility-approved, or otherwise restricted collection items."
[51],United States,"United States - San Antonio, Texas - City of San Antonio / municipal sorting rule",opens in new tab or window,https://www.sa.gov/Directory/Departments/SWMD/Recycling-Organics/Organics,Tea/coffee preparation items,Rejected,Source-level rule is liner-only; this broader application category is outside the accepted application scope.
[51],United States,"United States - San Antonio, Texas - City of San Antonio / municipal sorting rule",opens in new tab or window,https://www.sa.gov/Directory/Departments/SWMD/Recycling-Organics/Organics,Food-soiled paper / fibre packaging,Rejected,Source-level rule is liner-only; this broader application category is outside the accepted application scope.
[51],United States,"United States - San Antonio, Texas - City of San Antonio / municipal sorting rule",opens in new tab or window,https://www.sa.gov/Directory/Departments/SWMD/Recycling-Organics/Organics,Generic compostable packaging / plastics,Rejected,Source-level rule is liner-only; this broader application category is outside the accepted application scope.
[52],United States,"United States - Boulder County, Colorado - Boulder County / A1 Organics-linked guidance / regional government guidance",Skip to menu,https://bouldercounty.gov/environment/composting/composting-changes-faqs/,Food-service ware / takeaway packaging,Rejected,Source-level evidence rejects compostable packaging/items or identifies no accepted organics route.
[52],United States,"United States - Boulder County, Colorado - Boulder County / A1 Organics-linked guidance / regional government guidance",Skip to menu,https://bouldercounty.gov/environment/composting/composting-changes-faqs/,Generic compostable packaging / plastics,Rejected,Source-level evidence rejects compostable packaging/items or identifies no accepted organics route.
[53],Canada,"Canada - Toronto, Ontario - City of Toronto / municipal organics guide",--- Page 1 ---,https://www.toronto.ca/wp-content/uploads/2024/04/9632-CS-24-0110GreenBinOrganicsGuide-April-2024-AODA.pdf,Food-waste liners / collection bags,Accepted,"Application is accepted in the ordinary organics route; certification or generic compostability is treated as product qualification, not a scenario restriction."
[53],Canada,"Canada - Toronto, Ontario - City of Toronto / municipal organics guide",--- Page 1 ---,https://www.toronto.ca/wp-content/uploads/2024/04/9632-CS-24-0110GreenBinOrganicsGuide-April-2024-AODA.pdf,Tea/coffee preparation items,Accepted,"Application is accepted in the ordinary organics route; certification or generic compostability is treated as product qualification, not a scenario restriction."
[53],Canada,"Canada - Toronto, Ontario - City of Toronto / municipal organics guide",--- Page 1 ---,https://www.toronto.ca/wp-content/uploads/2024/04/9632-CS-24-0110GreenBinOrganicsGuide-April-2024-AODA.pdf,Generic compostable packaging / plastics,Accepted,"Application is accepted in the ordinary organics route; certification or generic compostability is treated as product qualification, not a scenario restriction."
[54],Canada,"Canada - Vancouver, British Columbia - City of Vancouver / municipal sorting guide",Skip to content,https://vancouver.ca/home-property-development/green-bin-composting-food-scraps-and-yard-waste.aspx,Tea/coffee preparation items,Accepted,"Application is accepted in the ordinary organics route; certification or generic compostability is treated as product qualification, not a scenario restriction."
[54],Canada,"Canada - Vancouver, British Columbia - City of Vancouver / municipal sorting guide",Skip to content,https://vancouver.ca/home-property-development/green-bin-composting-food-scraps-and-yard-waste.aspx,Food-soiled paper / fibre packaging,Accepted,"Application is accepted in the ordinary organics route; certification or generic compostability is treated as product qualification, not a scenario restriction."
[54],Canada,"Canada - Vancouver, British Columbia - City of Vancouver / municipal sorting guide",Skip to content,https://vancouver.ca/home-property-development/green-bin-composting-food-scraps-and-yard-waste.aspx,Generic compostable packaging / plastics,Accepted,"Application is accepted in the ordinary organics route; certification or generic compostability is treated as product qualification, not a scenario restriction."
[55],Canada,"Canada - Calgary, Alberta - City of Calgary / municipal guidance",Information,https://www.calgary.ca/waste/residential/compostable-bags-liners.html,Food-waste liners / collection bags,Accepted,Food-waste liners/collection bags are accepted in the ordinary organics route; certification or compostability wording is treated as product qualification.
[55],Canada,"Canada - Calgary, Alberta - City of Calgary / municipal guidance",Information,https://www.calgary.ca/waste/residential/compostable-bags-liners.html,Generic compostable packaging / plastics,Rejected,Source-level rule is liner-only; this broader application category is outside the accepted application scope.
[56],Canada,Canada - Montreal / Lachine borough - Lachine Borough / municipal FAQ,--- Page 1 ---,http://grame.org/FAQ_EN2.pdf,Food-waste liners / collection bags,Accepted,Food-waste liners/collection bags are accepted in the ordinary organics route; certification or compostability wording is treated as product qualification.
[56],Canada,Canada - Montreal / Lachine borough - Lachine Borough / municipal FAQ,--- Page 1 ---,http://grame.org/FAQ_EN2.pdf,Flexible films/wraps/pouches,Rejected,Source-level rule is liner-only; this broader application category is outside the accepted application scope.
[56],Canada,Canada - Montreal / Lachine borough - Lachine Borough / municipal FAQ,--- Page 1 ---,http://grame.org/FAQ_EN2.pdf,Generic compostable packaging / plastics,Rejected,Source-level rule is liner-only; this broader application category is outside the accepted application scope.
[57],Canada,"Canada - London, Ontario - City of London / municipal sorting rule",Green Bin,https://london.ca/living-london/garbage-recycling/green-bin,Food-waste liners / collection bags,Accepted,Food-waste liners/collection bags are accepted in the ordinary organics route; certification or compostability wording is treated as product qualification.
[57],Canada,"Canada - London, Ontario - City of London / municipal sorting rule",Green Bin,https://london.ca/living-london/garbage-recycling/green-bin,Tea/coffee preparation items,Rejected,Source-level rule is liner-only; this broader application category is outside the accepted application scope.
[57],Canada,"Canada - London, Ontario - City of London / municipal sorting rule",Green Bin,https://london.ca/living-london/garbage-recycling/green-bin,Food-soiled paper / fibre packaging,Rejected,Source-level rule is liner-only; this broader application category is outside the accepted application scope.
[57],Canada,"Canada - London, Ontario - City of London / municipal sorting rule",Green Bin,https://london.ca/living-london/garbage-recycling/green-bin,Generic compostable packaging / plastics,Rejected,Source-level rule is liner-only; this broader application category is outside the accepted application scope.
[58],Canada,"Canada - Richmond, British Columbia - City of Richmond / municipal sorting rule",Green Cart Recycling,https://www.richmond.ca/services/recycling-garbage/foodyardwaste/greencart.htm,Food-waste liners / collection bags,Accepted with conditions,"Food-waste liners are accepted only as official/designated, locally/facility-approved, or otherwise restricted collection items."
[58],Canada,"Canada - Richmond, British Columbia - City of Richmond / municipal sorting rule",Green Cart Recycling,https://www.richmond.ca/services/recycling-garbage/foodyardwaste/greencart.htm,Tea/coffee preparation items,Rejected,Source-level rule is liner-only; this broader application category is outside the accepted application scope.
[58],Canada,"Canada - Richmond, British Columbia - City of Richmond / municipal sorting rule",Green Cart Recycling,https://www.richmond.ca/services/recycling-garbage/foodyardwaste/greencart.htm,Food-soiled paper / fibre packaging,Rejected,Source-level rule is liner-only; this broader application category is outside the accepted application scope.
[58],Canada,"Canada - Richmond, British Columbia - City of Richmond / municipal sorting rule",Green Cart Recycling,https://www.richmond.ca/services/recycling-garbage/foodyardwaste/greencart.htm,Generic compostable packaging / plastics,Rejected,Source-level rule is liner-only; this broader application category is outside the accepted application scope.
[59],Canada,"Canada - Saskatoon, Saskatchewan - City of Saskatoon / municipal sorting rule",Services for Residents,https://www.saskatoon.ca/services-residents/waste-recycling/organics-food-yard-waste/curbside-organics-green-cart,Food-waste liners / collection bags,Accepted,Food-waste liners/collection bags are accepted in the ordinary organics route; certification or compostability wording is treated as product qualification.
[59],Canada,"Canada - Saskatoon, Saskatchewan - City of Saskatoon / municipal sorting rule",Services for Residents,https://www.saskatoon.ca/services-residents/waste-recycling/organics-food-yard-waste/curbside-organics-green-cart,Tea/coffee preparation items,Rejected,Source-level rule is liner-only; this broader application category is outside the accepted application scope.
[59],Canada,"Canada - Saskatoon, Saskatchewan - City of Saskatoon / municipal sorting rule",Services for Residents,https://www.saskatoon.ca/services-residents/waste-recycling/organics-food-yard-waste/curbside-organics-green-cart,Food-soiled paper / fibre packaging,Rejected,Source-level rule is liner-only; this broader application category is outside the accepted application scope.
[59],Canada,"Canada - Saskatoon, Saskatchewan - City of Saskatoon / municipal sorting rule",Services for Residents,https://www.saskatoon.ca/services-residents/waste-recycling/organics-food-yard-waste/curbside-organics-green-cart,Flexible films/wraps/pouches,Rejected,Source-level rule is liner-only; this broader application category is outside the accepted application scope.
[59],Canada,"Canada - Saskatoon, Saskatchewan - City of Saskatoon / municipal sorting rule",Services for Residents,https://www.saskatoon.ca/services-residents/waste-recycling/organics-food-yard-waste/curbside-organics-green-cart,Generic compostable packaging / plastics,Rejected,Source-level rule is liner-only; this broader application category is outside the accepted application scope.
[60],Canada,"Canada - Niagara Region, Ontario - Niagara Region / regional government guidance",Acceptable Compostable Bags and Where to Buy Them,https://www.niagararegion.ca/waste/containers/compostable-bags.aspx,Food-service ware / takeaway packaging,Rejected,Source-level rule is liner-only; this broader application category is outside the accepted application scope.
[60],Canada,"Canada - Niagara Region, Ontario - Niagara Region / regional government guidance",Acceptable Compostable Bags and Where to Buy Them,https://www.niagararegion.ca/waste/containers/compostable-bags.aspx,Shopping/produce bags,Rejected,Source-level rule is liner-only; this broader application category is outside the accepted application scope.
[60],Canada,"Canada - Niagara Region, Ontario - Niagara Region / regional government guidance",Acceptable Compostable Bags and Where to Buy Them,https://www.niagararegion.ca/waste/containers/compostable-bags.aspx,Generic compostable packaging / plastics,Rejected,Source-level rule is liner-only; this broader application category is outside the accepted application scope.
[61],Canada,"Canada - Manicouagan, Québec - Régie de gestion des matières résiduelles Manicouagan / composting facility rule",Bac brun,https://regiemanicouagan.qc.ca/services/collectes/bac-brun/,Food-service ware / takeaway packaging,Rejected,Source-level evidence rejects compostable packaging/items or identifies no accepted organics route.
[62],Canada,Canada - Province of Quebec (General Municipal Guidance) - RECYC-QUÉBEC / Bureau de normalisation du Québec (BNQ) / regional government guidance,RECYC-QUÉBEC - Notre guide d'utilisation des sacs : choisir le bon,https://www.recyc-quebec.gouv.qc.ca/municipalites/matieres-organiques/participation-citoyenne/guide-utilisation-sacs,Food-waste liners / collection bags,Accepted,Food-waste liners/collection bags are accepted in the ordinary organics route; certification or compostability wording is treated as product qualification.
[62],Canada,Canada - Province of Quebec (General Municipal Guidance) - RECYC-QUÉBEC / Bureau de normalisation du Québec (BNQ) / regional government guidance,RECYC-QUÉBEC - Notre guide d'utilisation des sacs : choisir le bon,https://www.recyc-quebec.gouv.qc.ca/municipalites/matieres-organiques/participation-citoyenne/guide-utilisation-sacs,Generic compostable packaging / plastics,Rejected,Source-level rule is liner-only; this broader application category is outside the accepted application scope.
[63],Australia,Australia - New South Wales - NSW EPA / state government FOGO guidance,FOGO information for households,https://www.epa.nsw.gov.au/Your-environment/Recycling-and-reuse/household-recycling-overview/FOGO-information-for-households,Food-waste liners / collection bags,Accepted,Food-waste liners/collection bags are accepted in the ordinary organics route; certification or compostability wording is treated as product qualification.
[63],Australia,Australia - New South Wales - NSW EPA / state government FOGO guidance,FOGO information for households,https://www.epa.nsw.gov.au/Your-environment/Recycling-and-reuse/household-recycling-overview/FOGO-information-for-households,Tea/coffee preparation items,Rejected,Source-level rule is liner-only; this broader application category is outside the accepted application scope.
[63],Australia,Australia - New South Wales - NSW EPA / state government FOGO guidance,FOGO information for households,https://www.epa.nsw.gov.au/Your-environment/Recycling-and-reuse/household-recycling-overview/FOGO-information-for-households,Generic compostable packaging / plastics,Rejected,Source-level rule is liner-only; this broader application category is outside the accepted application scope.
[64],Australia,Australia - City of Sydney - City of Sydney / municipal food-scraps service,Skip to content,https://www.cityofsydney.nsw.gov.au/waste-recycling-services/prepare-for-your-food-scraps-recycling-collection,Food-waste liners / collection bags,Accepted,Food-waste liners/collection bags are accepted in the ordinary organics route; certification or compostability wording is treated as product qualification.
[64],Australia,Australia - City of Sydney - City of Sydney / municipal food-scraps service,Skip to content,https://www.cityofsydney.nsw.gov.au/waste-recycling-services/prepare-for-your-food-scraps-recycling-collection,Tea/coffee preparation items,Rejected,Source-level rule is liner-only; this broader application category is outside the accepted application scope.
[64],Australia,Australia - City of Sydney - City of Sydney / municipal food-scraps service,Skip to content,https://www.cityofsydney.nsw.gov.au/waste-recycling-services/prepare-for-your-food-scraps-recycling-collection,Flexible films/wraps/pouches,Rejected,Source-level rule is liner-only; this broader application category is outside the accepted application scope.
[64],Australia,Australia - City of Sydney - City of Sydney / municipal food-scraps service,Skip to content,https://www.cityofsydney.nsw.gov.au/waste-recycling-services/prepare-for-your-food-scraps-recycling-collection,Generic compostable packaging / plastics,Rejected,Source-level rule is liner-only; this broader application category is outside the accepted application scope.
[65],Australia,"Australia - Melbourne and Manningham, Victoria - City of Melbourne + Manningham / municipal FOGO rules",Food and garden organics,https://www.melbourne.vic.gov.au/food-and-garden-organics-service,Food-waste liners / collection bags,Accepted with conditions,"Food-waste liners are accepted only as official/designated, locally/facility-approved, or otherwise restricted collection items."
[65],Australia,"Australia - Melbourne and Manningham, Victoria - City of Melbourne + Manningham / municipal FOGO rules",Food and garden organics,https://www.melbourne.vic.gov.au/food-and-garden-organics-service,Food-service ware / takeaway packaging,Rejected,Source-level rule is liner-only; this broader application category is outside the accepted application scope.
[66],Australia,"Australia - Randwick, New South Wales - Randwick City Council / municipal sorting rule",Home,https://www.randwick.nsw.gov.au/about-us/news/news-items/2022/december/fogo-changes-from-2023-its-just-for-food-scraps-and-garden-clippings,Food-waste liners / collection bags,Accepted,Food-waste liners/collection bags are accepted in the ordinary organics route; certification or compostability wording is treated as product qualification.
[66],Australia,"Australia - Randwick, New South Wales - Randwick City Council / municipal sorting rule",Home,https://www.randwick.nsw.gov.au/about-us/news/news-items/2022/december/fogo-changes-from-2023-its-just-for-food-scraps-and-garden-clippings,Food-service ware / takeaway packaging,Rejected,Source-level rule is liner-only; this broader application category is outside the accepted application scope.
[66],Australia,"Australia - Randwick, New South Wales - Randwick City Council / municipal sorting rule",Home,https://www.randwick.nsw.gov.au/about-us/news/news-items/2022/december/fogo-changes-from-2023-its-just-for-food-scraps-and-garden-clippings,Food-soiled paper / fibre packaging,Rejected,Source-level rule is liner-only; this broader application category is outside the accepted application scope.
[66],Australia,"Australia - Randwick, New South Wales - Randwick City Council / municipal sorting rule",Home,https://www.randwick.nsw.gov.au/about-us/news/news-items/2022/december/fogo-changes-from-2023-its-just-for-food-scraps-and-garden-clippings,Generic compostable packaging / plastics,Rejected,Source-level rule is liner-only; this broader application category is outside the accepted application scope.
[67],Australia,"Australia - Inner West, New South Wales - Inner West Council / municipal sorting rule",FOGO (Food organics garden organics),https://www.innerwest.nsw.gov.au/household-bins/fogo-food-organics-garden-organics,Food-waste liners / collection bags,Rejected,Source-level evidence rejects compostable packaging/items or identifies no accepted organics route.
[67],Australia,"Australia - Inner West, New South Wales - Inner West Council / municipal sorting rule",FOGO (Food organics garden organics),https://www.innerwest.nsw.gov.au/household-bins/fogo-food-organics-garden-organics,Tea/coffee preparation items,Rejected,Source-level evidence rejects compostable packaging/items or identifies no accepted organics route.
[67],Australia,"Australia - Inner West, New South Wales - Inner West Council / municipal sorting rule",FOGO (Food organics garden organics),https://www.innerwest.nsw.gov.au/household-bins/fogo-food-organics-garden-organics,Flexible films/wraps/pouches,Rejected,Source-level evidence rejects compostable packaging/items or identifies no accepted organics route.
[67],Australia,"Australia - Inner West, New South Wales - Inner West Council / municipal sorting rule",FOGO (Food organics garden organics),https://www.innerwest.nsw.gov.au/household-bins/fogo-food-organics-garden-organics,Generic compostable packaging / plastics,Rejected,Source-level evidence rejects compostable packaging/items or identifies no accepted organics route.
[68],Australia,Australia - South Australia (Regional Processing Networks) - Green Industries South Australia (GISA) Operational Guidance / regional government guidance,Reducing food waste – resources for households,https://www.greenindustries.sa.gov.au/food-waste-resources-households,Food-waste liners / collection bags,Accepted with conditions,"Food-waste liners are accepted only as official/designated, locally/facility-approved, or otherwise restricted collection items."
[69],New Zealand,New Zealand - National - Ministry for the Environment / national kerbside standard,"Material excluded from kerbside food scraps and food and garden waste collections | Ministry for the Environment, New Zealand",https://environment.govt.nz/what-government-is-doing/areas-of-work/waste/improving-household-recycling-and-food-scrap-collections/material-excluded-from-kerbside-food-scraps-and-food-and-garden-waste-collections/,Generic compostable packaging / plastics,Rejected,Source-level evidence rejects compostable packaging/items or identifies no accepted organics route.
[70],New Zealand,New Zealand - New Plymouth District - NPDC / municipal food-scraps rule,Skip to main content,https://www.npdc.govt.nz/zero-waste/recycling-and-rubbish-collection/your-food-scraps-bin/,Generic compostable packaging / plastics,Rejected,Source-level evidence rejects compostable packaging/items or identifies no accepted organics route.
[71],Japan,"Japan - Mashiko, Tochigi - 益子町 / municipal sorting rule",--- Page 1 ---,https://www.town.mashiko.lg.jp/data/doc/1396155521_doc_87_0.pdf,Food-waste liners / collection bags,Accepted with conditions,"Food-waste liners are accepted only as official/designated, locally/facility-approved, or otherwise restricted collection items."
[72],Japan,"Japan - Makkari, Hokkaidō - 真狩村 / municipal sorting rule",ごみの出し方・注意事項,https://www.vill.makkari.lg.jp/kurashi/gomi/bunbetsu/dashikata/,Food-waste liners / collection bags,Rejected,Source-level evidence rejects compostable packaging/items or identifies no accepted organics route.
[73],Japan,"Japan - Niseko, Hokkaidō - ニセコ町 / municipal sorting / program document",--- Page 1 ---,https://www.town.niseko.lg.jp/resources/output/contents/file/release/903/13734/80b6adbfc21896406dd4d482d212e7d5.pdf,Food-waste liners / collection bags,Rejected,Source-level evidence rejects compostable packaging/items or identifies no accepted organics route.
[74],Japan,"Japan - Toyohashi, Aichi - 豊橋市 / municipal sorting rule",生ごみ分別について,https://www.city.toyohashi.lg.jp/26526.htm,Food-waste liners / collection bags,Unclear or not stated,"Application is mentioned, but no explicit application-level acceptance or rejection decision is stated."
[75],Japan,"Japan - National - Ministry of Agriculture, Forestry and Fisheries / national government guidance",このページの本文へ移動,https://www.maff.go.jp/j/syouan/nouan/kome/k_hiryo/compostable_plastic.html,Food-waste liners / collection bags,Accepted with conditions,"Food-waste liners are accepted only as official/designated, locally/facility-approved, or otherwise restricted collection items."
[76],Spain,Spain - Vigo (Galicia) - Concello de Vigo / municipal sorting rule,Saltar al contenido,https://hoxe.vigo.org/movemonos/limp_org_form.php?lang=cas,Food-waste liners / collection bags,Rejected,Source-level evidence rejects compostable packaging/items or identifies no accepted organics route.
[77],Belgium,Belgium - National (all three regions) - Fost Plus (producer responsibility organisation) / waste-company guidance,"FAQ Bio-based/sourced plastics, bio-degradable and compostable plastics | Fost Plus",https://www.fostplus.be/fr/media/1374/download%20(FR);%20https:/www.fostplus.be/nl/media/1373/download%20(NL),Generic compostable packaging / plastics,Rejected,Source-level evidence rejects compostable packaging/items or identifies no accepted organics route.
[78],Belgium,Belgium - Flanders (national D4R guideline) - Fost Plus — Design for Recycling guidelines (Algemene D4R richtlijnen) / waste-company guidance,--- Page 1 ---,https://www.fostplus.be/nl/media/343/download,Generic compostable packaging / plastics,Rejected,Source-level evidence rejects compostable packaging/items or identifies no accepted organics route.
[79],Belgium,Belgium - Ghent (Flanders) - IVAGO (Ghent intermunicipal waste company) / hauler guidance,"IVAGO gft-zakken and GFT-zakkenzone | IVAGO, Ghent",https://www.ivago.be/nl/particulier/afval/gids/gft;%20https:/www.ivago.be/nl/particulier/dienst/composteerbare-zakjes;%20https:/www.ivago.be/nl/particulier/blog/100-composteerbaar-0-gft,Food-waste liners / collection bags,Accepted,Food-waste liners/collection bags are accepted in the ordinary organics route; certification or compostability wording is treated as product qualification.
[79],Belgium,Belgium - Ghent (Flanders) - IVAGO (Ghent intermunicipal waste company) / hauler guidance,"IVAGO gft-zakken and GFT-zakkenzone | IVAGO, Ghent",https://www.ivago.be/nl/particulier/afval/gids/gft;%20https:/www.ivago.be/nl/particulier/dienst/composteerbare-zakjes;%20https:/www.ivago.be/nl/particulier/blog/100-composteerbaar-0-gft,Food-service ware / takeaway packaging,Rejected,Source-level rule is liner-only; this broader application category is outside the accepted application scope.
[83],Denmark,Denmark - Roskilde (Zealand) - Roskilde Kommune / municipal sorting rule,start på hovedindhold,https://www.roskilde.dk/da-dk/service-og-selvbetjening/borger/affald-og-genbrug/hvordan-sorterer-jeg-affaldet/madaffald/,Food-waste liners / collection bags,Accepted,Food-waste liners/collection bags are accepted in the ordinary organics route; certification or compostability wording is treated as product qualification.
[84],Sweden,Sweden - National - Avfall Sverige (Swedish Waste Management association — industry body for certified biogas facilities) / composting facility rule / certification standard,Hem,https://www.avfallsverige.se/fakta-statistik/certifierad-atervinning/certifieringsregler-for-biogodsel/nya-krav-pa-pasar-for-matavfall/,Food-waste liners / collection bags,Rejected,Source-level evidence rejects compostable packaging/items or identifies no accepted organics route.
[88],Switzerland,Switzerland - Zürich (city / canton) - Biogas Zürich AG (anaerobic digestion treatment facility) / anaerobic digestion facility rule,Aktuell,https://biogaszuerich.ch/aktuell-faq/,Food-waste liners / collection bags,Accepted with conditions,"Application is accepted only in a controlled, facility-approved, event, commercial, or dedicated collection context."
[91],Chile,Chile - Vitacura - Municipal organic-waste / composting guidance,¡Retiro de residuos orgánicos gratuito! | Vitacura Sustentable,https://sustentable.vitacura.cl/organico/,Food-waste liners / collection bags,Accepted,Food-waste liners/collection bags are accepted in the ordinary organics route; certification or compostability wording is treated as product qualification.
[92],Mexico,Mexico - Mexico City / CDMX - Solid-waste regulation,"Norma Ambiental NACDMX-010-AMBT-2019 | Secretar?a del Medio Ambiente, Ciudad de M?xico",https://data.sedema.cdmx.gob.mx/sitios/conadf/documentos/NACDMX_010_AMBT_2019.pdf,Food-waste liners / collection bags,Accepted,Food-waste liners/collection bags are accepted in the ordinary organics route; certification or compostability wording is treated as product qualification.
[92],Mexico,Mexico - Mexico City / CDMX - Solid-waste regulation,"Norma Ambiental NACDMX-010-AMBT-2019 | Secretar?a del Medio Ambiente, Ciudad de M?xico",https://data.sedema.cdmx.gob.mx/sitios/conadf/documentos/NACDMX_010_AMBT_2019.pdf,Flexible films/wraps/pouches,Rejected,Source-level rule is liner-only; this broader application category is outside the accepted application scope.
[97],Luxembourg,Luxembourg - Luxembourg City - Ville de Luxembourg - Déchets organiques de cuisine,Écoutez,https://www.vdl.lu/fr/vivre/domicile-au-quotidien/collecter-et-trier-ses-dechets/par-type-de-dechets/dechets-organiques-de-cuisine,Tea/coffee preparation items,Rejected,Source-level evidence rejects compostable packaging/items or identifies no accepted organics route.
[97],Luxembourg,Luxembourg - Luxembourg City - Ville de Luxembourg - Déchets organiques de cuisine,Écoutez,https://www.vdl.lu/fr/vivre/domicile-au-quotidien/collecter-et-trier-ses-dechets/par-type-de-dechets/dechets-organiques-de-cuisine,Generic compostable packaging / plastics,Rejected,Source-level evidence rejects compostable packaging/items or identifies no accepted organics route.
[98],Poland,Poland - Toruń - Miasto Toruń and MPO Toruń - STOP foliówkom w pojemnikach BIO - rozdajemy BIOworki,2025-01-24,https://www.mpo.torun.pl/__jw-webdev/mpo/324/stop-foliowkom-w-pojemnikach-bio-rozdajemy-bioworki,Food-waste liners / collection bags,Rejected,Source-level evidence rejects compostable packaging/items or identifies no accepted organics route.
[98],Poland,Poland - Toruń - Miasto Toruń and MPO Toruń - STOP foliówkom w pojemnikach BIO - rozdajemy BIOworki,2025-01-24,https://www.mpo.torun.pl/__jw-webdev/mpo/324/stop-foliowkom-w-pojemnikach-bio-rozdajemy-bioworki,Generic compostable packaging / plastics,Rejected,Source-level evidence rejects compostable packaging/items or identifies no accepted organics route.
[99],Portugal,Portugal - LIPOR municipalities - Lipor - FAQ - Gestão de Resíduos – Campanha Reciclar é Dar +,HOME,https://www.lipor.pt/darmais/faq/gestao-residuos.html,Food-waste liners / collection bags,Accepted,Food-waste liners/collection bags are accepted in the ordinary organics route; certification or compostability wording is treated as product qualification.
[100],Poland,Poland - Warsaw - Urząd m. st. Warszawy - Biodegradowalne opakowania np. ze skrobi kukurydzianej,Co chcesz wyrzucić?,https://segregujna5.um.warszawa.pl/odpady/biodegradowalne-opakowania-np-ze-skrobi-kukurydzianej/,Generic compostable packaging / plastics,Rejected,Source-level evidence rejects compostable packaging/items or identifies no accepted organics route.
[101],Slovakia,Slovakia - Bratislava - OLO a.s. - Ako správne triediť kuchynský bioodpad?,Ako správne triediť kuchynský bioodpad?,https://www.olo.sk/odpad/ako-spravne-triedit-odpad/kbro,Food-waste liners / collection bags,Rejected,Source-level evidence rejects compostable packaging/items or identifies no accepted organics route.
[102],Luxembourg,Luxembourg - National - Administration de l'environnement - 1x1 Offalltrennung,--- Page 1 ---,https://environnement.public.lu/dam-assets/documents/offall_a_ressourcen/1x1-offalltrennung/01-aev-flyer-fr-online.pdf,Tea/coffee preparation items,Rejected,Source-level evidence rejects compostable packaging/items or identifies no accepted organics route.
[107],Norway,Norway - Rogaland (Molde/Romsdal region) - RIR (Romsdals-halv og Innlandets Renovasjon) - Nedbrytbare matavfallsposer til matavfall fra 1. januar,Hjem,https://www.rir.no/aktuelt/nedbrytbare-matavfallsposer,Food-waste liners / collection bags,Accepted,Food-waste liners/collection bags are accepted in the ordinary organics route; certification or compostability wording is treated as product qualification.
[110],Finland,"Finland - Helsinki Metropolitan Area (Helsinki, Espoo, Vantaa, Kauniainen) - HSY (Helsinki Region Environmental Services Authority) - Biohajoava muovi"" (Biodegradable plastic sorting guidance)",Jäteoppaaseen,https://www.hsy.fi/jatteet-ja-kierratys/jateopas-ja-lajitteluohjeet/jatteet/biohajoava-muovi/,Food-service ware / takeaway packaging,Rejected,Source-level evidence rejects compostable packaging/items or identifies no accepted organics route.
[110],Finland,"Finland - Helsinki Metropolitan Area (Helsinki, Espoo, Vantaa, Kauniainen) - HSY (Helsinki Region Environmental Services Authority) - Biohajoava muovi"" (Biodegradable plastic sorting guidance)",Jäteoppaaseen,https://www.hsy.fi/jatteet-ja-kierratys/jateopas-ja-lajitteluohjeet/jatteet/biohajoava-muovi/,Generic compostable packaging / plastics,Rejected,Source-level evidence rejects compostable packaging/items or identifies no accepted organics route.
[111],Finland,"Finland - Kainuu region - Ekokymppi (Kainuu waste authority) - Biojäte"" sorting guide",Biojäte,https://www.ekokymppi.fi/tietopankki/lajittelu/biojate.html,Food-waste liners / collection bags,Accepted,Food-waste liners/collection bags are accepted in the ordinary organics route; certification or compostability wording is treated as product qualification.
[111],Finland,"Finland - Kainuu region - Ekokymppi (Kainuu waste authority) - Biojäte"" sorting guide",Biojäte,https://www.ekokymppi.fi/tietopankki/lajittelu/biojate.html,Food-soiled paper / fibre packaging,Rejected,Source-level rule is liner-only; this broader application category is outside the accepted application scope.
[112],Finland,"Finland - Jyväskylä, Laukaa, Muurame, Toivakka - Mustankorkea (composting facility) - Biohajoava, kompostoituva vai biopohjainen?"" (blog/guidance)",Blogit,https://www.mustankorkea.fi/blogit/biohajoavat-tuotteet/,Food-service ware / takeaway packaging,Rejected,Source-level evidence rejects compostable packaging/items or identifies no accepted organics route.
[112],Finland,"Finland - Jyväskylä, Laukaa, Muurame, Toivakka - Mustankorkea (composting facility) - Biohajoava, kompostoituva vai biopohjainen?"" (blog/guidance)",Blogit,https://www.mustankorkea.fi/blogit/biohajoavat-tuotteet/,Generic compostable packaging / plastics,Rejected,Source-level evidence rejects compostable packaging/items or identifies no accepted organics route.
[113],Ireland,"Ireland - National - MyWaste.ie (national waste guidance portal — government funded, operated by Regional Waste Management Planning Offices) - Brown bin collection service",Brown bin collection service,https://mywaste.ie/dispose-waste/at-home/three-bin-system/brown-bin/brown-bin-collection-service/,Food-service ware / takeaway packaging,Accepted,"Application is accepted in the ordinary organics route; certification or generic compostability is treated as product qualification, not a scenario restriction."
[113],Ireland,"Ireland - National - MyWaste.ie (national waste guidance portal — government funded, operated by Regional Waste Management Planning Offices) - Brown bin collection service",Brown bin collection service,https://mywaste.ie/dispose-waste/at-home/three-bin-system/brown-bin/brown-bin-collection-service/,Food-soiled paper / fibre packaging,Accepted,"Application is accepted in the ordinary organics route; certification or generic compostability is treated as product qualification, not a scenario restriction."
[113],Ireland,"Ireland - National - MyWaste.ie (national waste guidance portal — government funded, operated by Regional Waste Management Planning Offices) - Brown bin collection service",Brown bin collection service,https://mywaste.ie/dispose-waste/at-home/three-bin-system/brown-bin/brown-bin-collection-service/,Generic compostable packaging / plastics,Accepted,"Application is accepted in the ordinary organics route; certification or generic compostability is treated as product qualification, not a scenario restriction."
[114],Ireland,"Ireland - Dún Laoghaire-Rathdown County - Dún Laoghaire-Rathdown County Council - Food Waste"" (waste guidance page)",Waste,https://www.dlrcoco.ie/recycling-waste/waste/food-waste,Food-waste liners / collection bags,Rejected,Source-level evidence rejects compostable packaging/items or identifies no accepted organics route.
[114],Ireland,"Ireland - Dún Laoghaire-Rathdown County - Dún Laoghaire-Rathdown County Council - Food Waste"" (waste guidance page)",Waste,https://www.dlrcoco.ie/recycling-waste/waste/food-waste,Generic compostable packaging / plastics,Rejected,Source-level evidence rejects compostable packaging/items or identifies no accepted organics route.
[118],Germany,Germany - Braunschweig - Stadt Braunschweig / Kompostierbare Kunststoffe in Biotonne,Zur Startseite springen,https://www.braunschweig.de/leben/wohnen_energie_abfall/usbs/bioplastik.php,Generic compostable packaging / plastics,Rejected,Source-level evidence rejects compostable packaging/items or identifies no accepted organics route.
[124],Slovenia,Slovenia - Ljubljana - JP VOKA SNAGA / biodegradable bio-organic waste guidance,Biowaste | JP VOKA SNAGA,https://www.vokasnaga.si/en/separating-and-collecting-waste/biodegradable-bio-organic-waste,Food-waste liners / collection bags,Accepted,Food-waste liners/collection bags are accepted in the ordinary organics route; certification or compostability wording is treated as product qualification.
[125],South Korea,"South Korea - Dobong-gu, Seoul - household waste disposal guide",생활폐기물 배출안내 | 도봉구,https://www.dobong.go.kr/subsite/waste/Contents.asp?code=10007358,Food-waste liners / collection bags,Rejected,Source-level evidence rejects compostable packaging/items or identifies no accepted organics route.
[127],Canada,"Canada - Halifax, Nova Scotia - Green carts, leaf and yard material","Green carts, leaf and yard material",https://www.halifax.ca/home-property/garbage-recycling-green-cart/green-carts-leaf-yard-material,Tea/coffee preparation items,Rejected,Source-level rule is liner-only; this broader application category is outside the accepted application scope.
[127],Canada,"Canada - Halifax, Nova Scotia - Green carts, leaf and yard material","Green carts, leaf and yard material",https://www.halifax.ca/home-property/garbage-recycling-green-cart/green-carts-leaf-yard-material,Food-soiled paper / fibre packaging,Rejected,Source-level rule is liner-only; this broader application category is outside the accepted application scope.
[127],Canada,"Canada - Halifax, Nova Scotia - Green carts, leaf and yard material","Green carts, leaf and yard material",https://www.halifax.ca/home-property/garbage-recycling-green-cart/green-carts-leaf-yard-material,Flexible films/wraps/pouches,Rejected,Source-level rule is liner-only; this broader application category is outside the accepted application scope.
[127],Canada,"Canada - Halifax, Nova Scotia - Green carts, leaf and yard material","Green carts, leaf and yard material",https://www.halifax.ca/home-property/garbage-recycling-green-cart/green-carts-leaf-yard-material,Generic compostable packaging / plastics,Rejected,Source-level rule is liner-only; this broader application category is outside the accepted application scope.
[128],Canada,"Canada - Calgary, Alberta - What can go in your green cart",What can go in your green cart,https://www.calgary.ca/waste/residential/what-can-go-in-green-cart.html,Food-waste liners / collection bags,Accepted with conditions,"Food-waste liners are accepted only as official/designated, locally/facility-approved, or otherwise restricted collection items."
[128],Canada,"Canada - Calgary, Alberta - What can go in your green cart",What can go in your green cart,https://www.calgary.ca/waste/residential/what-can-go-in-green-cart.html,Tea/coffee preparation items,Rejected,Source-level rule is liner-only; this broader application category is outside the accepted application scope.
[128],Canada,"Canada - Calgary, Alberta - What can go in your green cart",What can go in your green cart,https://www.calgary.ca/waste/residential/what-can-go-in-green-cart.html,Food-soiled paper / fibre packaging,Rejected,Source-level rule is liner-only; this broader application category is outside the accepted application scope.
[128],Canada,"Canada - Calgary, Alberta - What can go in your green cart",What can go in your green cart,https://www.calgary.ca/waste/residential/what-can-go-in-green-cart.html,Flexible films/wraps/pouches,Rejected,Source-level rule is liner-only; this broader application category is outside the accepted application scope.
[128],Canada,"Canada - Calgary, Alberta - What can go in your green cart",What can go in your green cart,https://www.calgary.ca/waste/residential/what-can-go-in-green-cart.html,Generic compostable packaging / plastics,Rejected,Source-level rule is liner-only; this broader application category is outside the accepted application scope.
[129],Canada,"Canada - Montréal, Québec - Get details about food waste collections",Get details about food waste collections,https://montreal.ca/en/how-to/get-details-about-food-waste-collections,Food-service ware / takeaway packaging,Rejected,Source-level evidence rejects compostable packaging/items or identifies no accepted organics route.
[129],Canada,"Canada - Montréal, Québec - Get details about food waste collections",Get details about food waste collections,https://montreal.ca/en/how-to/get-details-about-food-waste-collections,Food-soiled paper / fibre packaging,Rejected,Source-level evidence rejects compostable packaging/items or identifies no accepted organics route.
[129],Canada,"Canada - Montréal, Québec - Get details about food waste collections",Get details about food waste collections,https://montreal.ca/en/how-to/get-details-about-food-waste-collections,Generic compostable packaging / plastics,Rejected,Source-level evidence rejects compostable packaging/items or identifies no accepted organics route.
[130],Portugal,"Portugal - LIPOR service area / Greater Porto - Os sacos compostáveis podem ser colocados no Contentor Castanho, dos Resíduos Alimentares?","Os sacos compostáveis podem ser colocados no Contentor Castanho, dos Resíduos Alimentares?",https://www.lipor.pt/pt/perguntas-frequentes/tratamento-centralizado-recolha-seletiva-de-biorresiduos/faq-221/,Food-waste liners / collection bags,Accepted,Food-waste liners/collection bags are accepted in the ordinary organics route; certification or compostability wording is treated as product qualification.
[133],Czechia,Czechia - Brno-Chrlice - Třídění odpadů,Třídění odpadů,https://www.mcchrlice.brno.cz/trideni-odpadu/ms-11715,Food-waste liners / collection bags,Rejected,Source-level evidence rejects compostable packaging/items or identifies no accepted organics route.
[134],Denmark,Denmark - Copenhagen - Sådan sorterer du madaffald,Sådan sorterer du madaffald,https://affald.kk.dk/affaldsfraktion/saadan-sorterer-du-madaffald,Food-waste liners / collection bags,Accepted with conditions,"Food-waste liners are accepted only as official/designated, locally/facility-approved, or otherwise restricted collection items."
[135],Iceland,Iceland - Reykjavík - Our bins,Our bins,https://reykjavik.is/en/sorphirda/tunnur,Tea/coffee preparation items,Rejected,Source-level evidence rejects compostable packaging/items or identifies no accepted organics route.
[135],Iceland,Iceland - Reykjavík - Our bins,Our bins,https://reykjavik.is/en/sorphirda/tunnur,Food-soiled paper / fibre packaging,Rejected,Source-level evidence rejects compostable packaging/items or identifies no accepted organics route.
[135],Iceland,Iceland - Reykjavík - Our bins,Our bins,https://reykjavik.is/en/sorphirda/tunnur,Flexible films/wraps/pouches,Rejected,Source-level evidence rejects compostable packaging/items or identifies no accepted organics route.
[135],Iceland,Iceland - Reykjavík - Our bins,Our bins,https://reykjavik.is/en/sorphirda/tunnur,Generic compostable packaging / plastics,Rejected,Source-level evidence rejects compostable packaging/items or identifies no accepted organics route.
[136],United States,"United States - New York City, NY - Curbside Composting",Curbside Composting,https://www.nyc.gov/site/dsny/collection/residents/curbside-composting.page,Food-waste liners / collection bags,Accepted,Food-waste liners/collection bags are accepted in the ordinary organics route; certification or compostability wording is treated as product qualification.
[136],United States,"United States - New York City, NY - Curbside Composting",Curbside Composting,https://www.nyc.gov/site/dsny/collection/residents/curbside-composting.page,Food-service ware / takeaway packaging,Rejected,Source-level rule is liner-only; this broader application category is outside the accepted application scope.
[136],United States,"United States - New York City, NY - Curbside Composting",Curbside Composting,https://www.nyc.gov/site/dsny/collection/residents/curbside-composting.page,Food-soiled paper / fibre packaging,Rejected,Source-level rule is liner-only; this broader application category is outside the accepted application scope.
[136],United States,"United States - New York City, NY - Curbside Composting",Curbside Composting,https://www.nyc.gov/site/dsny/collection/residents/curbside-composting.page,Flexible films/wraps/pouches,Rejected,Source-level rule is liner-only; this broader application category is outside the accepted application scope.
[136],United States,"United States - New York City, NY - Curbside Composting",Curbside Composting,https://www.nyc.gov/site/dsny/collection/residents/curbside-composting.page,Generic compostable packaging / plastics,Rejected,Source-level rule is liner-only; this broader application category is outside the accepted application scope.
[137],United States,"United States - Austin, Texas - Rule Amendments: Drop Off & Curbside Services",Rule Amendments: Drop Off & Curbside Services,https://services.austintexas.gov/edims/document.cfm?id=470851,Food-waste liners / collection bags,Accepted,Food-waste liners/collection bags are accepted in the ordinary organics route; certification or compostability wording is treated as product qualification.
[138],United States,"United States - King County, Washington - How to compost right",How to compost right,https://kingcounty.gov/en/dept/dnrp/waste-services/garbage-recycling-compost/services/food-yard-waste/how-to-compost,Tea/coffee preparation items,Rejected,Source-level rule is liner-only; this broader application category is outside the accepted application scope.
[138],United States,"United States - King County, Washington - How to compost right",How to compost right,https://kingcounty.gov/en/dept/dnrp/waste-services/garbage-recycling-compost/services/food-yard-waste/how-to-compost,Shopping/produce bags,Rejected,Source-level rule is liner-only; this broader application category is outside the accepted application scope.
[139],United States,"United States - Portland, Oregon - Compost – what goes in the bin",Compost – what goes in the bin,https://www.portland.gov/bps/garbage-recycling/compost,Food-waste liners / collection bags,Rejected,Source-level evidence rejects compostable packaging/items or identifies no accepted organics route.
[139],United States,"United States - Portland, Oregon - Compost – what goes in the bin",Compost – what goes in the bin,https://www.portland.gov/bps/garbage-recycling/compost,Tea/coffee preparation items,Rejected,Source-level evidence rejects compostable packaging/items or identifies no accepted organics route.
[139],United States,"United States - Portland, Oregon - Compost – what goes in the bin",Compost – what goes in the bin,https://www.portland.gov/bps/garbage-recycling/compost,Food-soiled paper / fibre packaging,Rejected,Source-level evidence rejects compostable packaging/items or identifies no accepted organics route.
[139],United States,"United States - Portland, Oregon - Compost – what goes in the bin",Compost – what goes in the bin,https://www.portland.gov/bps/garbage-recycling/compost,Flexible films/wraps/pouches,Rejected,Source-level evidence rejects compostable packaging/items or identifies no accepted organics route.
[139],United States,"United States - Portland, Oregon - Compost – what goes in the bin",Compost – what goes in the bin,https://www.portland.gov/bps/garbage-recycling/compost,Generic compostable packaging / plastics,Rejected,Source-level evidence rejects compostable packaging/items or identifies no accepted organics route.
[140],United States,"United States - La Mesa, California - Organic Recycling - Residential",Organic Recycling - Residential,https://la-mesa-city.edcodisposal.com/residential-waste-services/curbside-pickup/organic-recycling/,Food-waste liners / collection bags,Rejected,Source-level evidence rejects compostable packaging/items or identifies no accepted organics route.
[140],United States,"United States - La Mesa, California - Organic Recycling - Residential",Organic Recycling - Residential,https://la-mesa-city.edcodisposal.com/residential-waste-services/curbside-pickup/organic-recycling/,Tea/coffee preparation items,Rejected,Source-level evidence rejects compostable packaging/items or identifies no accepted organics route.
[140],United States,"United States - La Mesa, California - Organic Recycling - Residential",Organic Recycling - Residential,https://la-mesa-city.edcodisposal.com/residential-waste-services/curbside-pickup/organic-recycling/,Food-soiled paper / fibre packaging,Rejected,Source-level evidence rejects compostable packaging/items or identifies no accepted organics route.
[141],United States,United States - South San Francisco / San Mateo County service area - Residential Organics,Residential Organics,https://ssfscavenger.com/residential-organics/,Tea/coffee preparation items,Rejected,Source-level evidence rejects compostable packaging/items or identifies no accepted organics route.
[141],United States,United States - South San Francisco / San Mateo County service area - Residential Organics,Residential Organics,https://ssfscavenger.com/residential-organics/,Food-soiled paper / fibre packaging,Rejected,Source-level evidence rejects compostable packaging/items or identifies no accepted organics route.
[141],United States,United States - South San Francisco / San Mateo County service area - Residential Organics,Residential Organics,https://ssfscavenger.com/residential-organics/,Flexible films/wraps/pouches,Rejected,Source-level evidence rejects compostable packaging/items or identifies no accepted organics route.
[141],United States,United States - South San Francisco / San Mateo County service area - Residential Organics,Residential Organics,https://ssfscavenger.com/residential-organics/,Generic compostable packaging / plastics,Rejected,Source-level evidence rejects compostable packaging/items or identifies no accepted organics route.
[142],United Kingdom,United Kingdom - Greater Manchester - The truth about compostable packaging,The truth about compostable packaging,https://recycleforgreatermanchester.com/blog/the-truth-about-compostable-packaging/,Food-service ware / takeaway packaging,Rejected,Source-level evidence rejects compostable packaging/items or identifies no accepted organics route.
[142],United Kingdom,United Kingdom - Greater Manchester - The truth about compostable packaging,The truth about compostable packaging,https://recycleforgreatermanchester.com/blog/the-truth-about-compostable-packaging/,Generic compostable packaging / plastics,Rejected,Source-level evidence rejects compostable packaging/items or identifies no accepted organics route.
[143],Japan,"Japan - Minamata City, Kumamoto Prefecture - Food-waste recycling / kitchen-garbage recycling page",Food-waste recycling / kitchen-garbage recycling page,https://www.city.minamata.lg.jp/kankyo/kiji003458/index.html,Food-waste liners / collection bags,Accepted with conditions,"Food-waste liners are accepted only as official/designated, locally/facility-approved, or otherwise restricted collection items."
[144],Japan,"Japan - Zushi City, Kanagawa Prefecture - Zushi food-waste collection system-design PDF",Zushi food-waste collection system-design PDF,https://www.city.zushi.kanagawa.jp/_res/projects/default_project/_page_/001/002/133/namagomi_seidosekkei202302.pdf,Food-waste liners / collection bags,Accepted with conditions,"Food-waste liners are accepted only as official/designated, locally/facility-approved, or otherwise restricted collection items."
[148],Poland,Poland - Wrocław - Wrocław bio-waste sorting page,Wrocław bio-waste sorting page,https://www.wroclaw.pl/zielony-wroclaw/segregacja-gdzie-wyrzucac-bioodpady-resztki-z-kuchni-kompost-jak-zaoszczedzic-120-zl,Food-waste liners / collection bags,Accepted,Food-waste liners/collection bags are accepted in the ordinary organics route; certification or compostability wording is treated as product qualification.
[150],Greece,Greece - National / municipalities - Biowaste Guide for Municipalities,Biowaste Guide for Municipalities,https://www.giz.de/de/downloads/Biowaste%20Guide%20for%20municipalities%20EN.pdf,Food-waste liners / collection bags,Rejected,Source-level evidence rejects compostable packaging/items or identifies no accepted organics route.
[150],Greece,Greece - National / municipalities - Biowaste Guide for Municipalities,Biowaste Guide for Municipalities,https://www.giz.de/de/downloads/Biowaste%20Guide%20for%20municipalities%20EN.pdf,Generic compostable packaging / plastics,Rejected,Source-level evidence rejects compostable packaging/items or identifies no accepted organics route.
[151],South Korea,South Korea - Seoul - added municipal/authority operational source,null 상세 |  | 씽글벙글 서울(서울 1인가구 포털),https://1in.seoul.go.kr/front/board/boardContentsView.do?board_id=9&contents_id=8db9ef985ddc4d589554c602a258f761,Food-waste liners / collection bags,Rejected,Source-level evidence rejects compostable packaging/items or identifies no accepted organics route.
[152],United Kingdom,United Kingdom - Westminster - added municipal/authority operational source,Using the food waste service,https://www.westminster.gov.uk/food-waste-recycling-expansion/using-food-waste-service,Food-waste liners / collection bags,Rejected,Source-level evidence rejects compostable packaging/items or identifies no accepted organics route.
[152],United Kingdom,United Kingdom - Westminster - added municipal/authority operational source,Using the food waste service,https://www.westminster.gov.uk/food-waste-recycling-expansion/using-food-waste-service,Tea/coffee preparation items,Rejected,Source-level evidence rejects compostable packaging/items or identifies no accepted organics route.
[152],United Kingdom,United Kingdom - Westminster - added municipal/authority operational source,Using the food waste service,https://www.westminster.gov.uk/food-waste-recycling-expansion/using-food-waste-service,Food-soiled paper / fibre packaging,Rejected,Source-level evidence rejects compostable packaging/items or identifies no accepted organics route.
[152],United Kingdom,United Kingdom - Westminster - added municipal/authority operational source,Using the food waste service,https://www.westminster.gov.uk/food-waste-recycling-expansion/using-food-waste-service,Generic compostable packaging / plastics,Rejected,Source-level evidence rejects compostable packaging/items or identifies no accepted organics route.
[153],United Kingdom,United Kingdom - Leeds - added municipal/authority operational source,Main navigation,https://www.leeds.gov.uk/bins-and-recycling/your-bins/food-waste-bin,Food-waste liners / collection bags,Accepted,Food-waste liners/collection bags are accepted in the ordinary organics route; certification or compostability wording is treated as product qualification.
[153],United Kingdom,United Kingdom - Leeds - added municipal/authority operational source,Main navigation,https://www.leeds.gov.uk/bins-and-recycling/your-bins/food-waste-bin,Tea/coffee preparation items,Rejected,Source-level rule is liner-only; this broader application category is outside the accepted application scope.
[153],United Kingdom,United Kingdom - Leeds - added municipal/authority operational source,Main navigation,https://www.leeds.gov.uk/bins-and-recycling/your-bins/food-waste-bin,Generic compostable packaging / plastics,Rejected,Source-level rule is liner-only; this broader application category is outside the accepted application scope.
[154],Netherlands,Netherlands - The Hague - added municipal/authority operational source,Separating waste: organic waste (GFT),https://www.denhaag.nl/en/waste-and-recycling/separating-waste-and-recycling/separating-waste-organic-waste-gft/,Tea/coffee preparation items,Rejected,Source-level evidence rejects compostable packaging/items or identifies no accepted organics route.
[154],Netherlands,Netherlands - The Hague - added municipal/authority operational source,Separating waste: organic waste (GFT),https://www.denhaag.nl/en/waste-and-recycling/separating-waste-and-recycling/separating-waste-organic-waste-gft/,Generic compostable packaging / plastics,Rejected,Source-level evidence rejects compostable packaging/items or identifies no accepted organics route.
[155],Netherlands,Netherlands - Maastricht - added municipal/authority operational source,Hoofdnavigatie Engels,https://www.gemeentemaastricht.nl/en/vegetable-fruit-garden-and-food-waste,Food-waste liners / collection bags,Accepted with conditions,"Food-waste liners are accepted only as official/designated, locally/facility-approved, or otherwise restricted collection items."
[155],Netherlands,Netherlands - Maastricht - added municipal/authority operational source,Hoofdnavigatie Engels,https://www.gemeentemaastricht.nl/en/vegetable-fruit-garden-and-food-waste,Food-service ware / takeaway packaging,Rejected,Source-level rule is liner-only; this broader application category is outside the accepted application scope.
[155],Netherlands,Netherlands - Maastricht - added municipal/authority operational source,Hoofdnavigatie Engels,https://www.gemeentemaastricht.nl/en/vegetable-fruit-garden-and-food-waste,Generic compostable packaging / plastics,Rejected,Source-level rule is liner-only; this broader application category is outside the accepted application scope.
[157],Greece,Greece - Chania-DEDISA - added municipal/authority operational source,Food waste separate collection - Chania Prefecture Biowaste,https://www.chania.gr/wp-content/uploads/2020/12/55/43694/8pages_16x16_dedisa_en_corrected.pdf,Food-waste liners / collection bags,Accepted,Food-waste liners/collection bags are accepted in the ordinary organics route; certification or compostability wording is treated as product qualification.
[157],Greece,Greece - Chania-DEDISA - added municipal/authority operational source,Food waste separate collection - Chania Prefecture Biowaste,https://www.chania.gr/wp-content/uploads/2020/12/55/43694/8pages_16x16_dedisa_en_corrected.pdf,Tea/coffee preparation items,Rejected,Source-level rule is liner-only; this broader application category is outside the accepted application scope.
[157],Greece,Greece - Chania-DEDISA - added municipal/authority operational source,Food waste separate collection - Chania Prefecture Biowaste,https://www.chania.gr/wp-content/uploads/2020/12/55/43694/8pages_16x16_dedisa_en_corrected.pdf,Flexible films/wraps/pouches,Rejected,Source-level rule is liner-only; this broader application category is outside the accepted application scope.
[157],Greece,Greece - Chania-DEDISA - added municipal/authority operational source,Food waste separate collection - Chania Prefecture Biowaste,https://www.chania.gr/wp-content/uploads/2020/12/55/43694/8pages_16x16_dedisa_en_corrected.pdf,Generic compostable packaging / plastics,Rejected,Source-level rule is liner-only; this broader application category is outside the accepted application scope.
[159],France,France - Bordeaux Métropole - added municipal/authority operational source,Navigation principale,https://www.bordeaux-metropole.fr/a-votre-service/services-aux-particuliers/dechets/je-trie-je-valorise/dechets-alimentaires,Food-waste liners / collection bags,Accepted with conditions,"Food-waste liners are accepted only as official/designated, locally/facility-approved, or otherwise restricted collection items."
[161],France,France - Grenoble Alpes Métropole - added municipal/authority operational source,Menu,https://www.grenoblealpesmetropole.fr/80-les-dechets-alimentaires.htm,Food-waste liners / collection bags,Accepted with conditions,"Food-waste liners are accepted only as official/designated, locally/facility-approved, or otherwise restricted collection items."
[161],France,France - Grenoble Alpes Métropole - added municipal/authority operational source,Menu,https://www.grenoblealpesmetropole.fr/80-les-dechets-alimentaires.htm,Tea/coffee preparation items,Rejected,Source-level rule is liner-only; this broader application category is outside the accepted application scope.
[162],Norway,Norway - BIR Bergen - added municipal/authority operational source,Råd for riktig bruk av papirposen til matavfall,https://bir.no/bli-kvitt-boss/matavfall/poser-til-matavfall/,Food-waste liners / collection bags,Rejected,Source-level evidence rejects compostable packaging/items or identifies no accepted organics route.
[163],Norway,Norway - MOVAR - added municipal/authority operational source,Bioposer,https://www.movar.no/bioposer-til-matavfall.html,Food-waste liners / collection bags,Accepted with conditions,"Food-waste liners are accepted only as official/designated, locally/facility-approved, or otherwise restricted collection items."
[164],Norway,Norway - TRV Trondheim - added municipal/authority operational source,Slik får du tak i bioposer til matavfall og plastsekker til plastemballasje,https://trv.no/bioposer-plastsekker/,Food-waste liners / collection bags,Accepted,Food-waste liners/collection bags are accepted in the ordinary organics route; certification or compostability wording is treated as product qualification.
[165],Spain,Spain - Dénia - added municipal/authority operational source,Ayuntamiento de Dénia,https://denia.es/es/denia/actualitat/noticia.aspx?id=6498,Food-waste liners / collection bags,Accepted,Food-waste liners/collection bags are accepted in the ordinary organics route; certification or compostability wording is treated as product qualification.
[166],Spain,Spain - Zaragoza - added municipal/authority operational source,El Ayuntamiento repartirá 7.600 rollos de bolsas compostables y 6.000 cubos domésticos para residuos orgánicos a través de los Puntos Limpios Móviles,https://www.zaragoza.es/sede/servicio/noticia/338669,Food-waste liners / collection bags,Accepted,Food-waste liners/collection bags are accepted in the ordinary organics route; certification or compostability wording is treated as product qualification.
[168],Sweden,Sweden - Gothenburg - added municipal/authority operational source,Vanliga sökningar,https://goteborg.se/wps/portal?uri=gbglnk%3Agbg.page.86ec7f04-66b5-4ce7-9e46-5542060a756d2,Food-waste liners / collection bags,Accepted,Food-waste liners/collection bags are accepted in the ordinary organics route; certification or compostability wording is treated as product qualification.
[170],Iceland,Iceland - Akureyri - Municipal/operator organic-waste sorting guidance,Akureyri PDF source,https://gamli.akureyri.is/static/files/Umhverfismal-/aureyri-flokkunarleidbeiningar-en.pdf,Food-waste liners / collection bags,Rejected,Source-level evidence rejects compostable packaging/items or identifies no accepted organics route.
[170],Iceland,Iceland - Akureyri - Municipal/operator organic-waste sorting guidance,Akureyri PDF source,https://gamli.akureyri.is/static/files/Umhverfismal-/aureyri-flokkunarleidbeiningar-en.pdf,Tea/coffee preparation items,Rejected,Source-level evidence rejects compostable packaging/items or identifies no accepted organics route.
[172],Slovakia,Slovakia - Trnava - Municipal/operator organic-waste sorting guidance,Oficiálne stránky mesta Trnava,https://www.trnava.sk/zivotne-situacie/716/kompostovatelne-vrecka-na-rozlozitelny-kuchynsky-bioodpad,Food-waste liners / collection bags,Accepted with conditions,"Food-waste liners are accepted only as official/designated, locally/facility-approved, or otherwise restricted collection items."
[174],Denmark,Denmark - Aalborg - Municipal/operator organic-waste sorting guidance,Food waste in Aalborg Municipality,https://nordvaerk.dk/borger/aalborg-kommune-borger/affaldssortering/madaffald-i-aalborg-kommune/,Food-waste liners / collection bags,Rejected,Source-level evidence rejects compostable packaging/items or identifies no accepted organics route.
[174],Denmark,Denmark - Aalborg - Municipal/operator organic-waste sorting guidance,Food waste in Aalborg Municipality,https://nordvaerk.dk/borger/aalborg-kommune-borger/affaldssortering/madaffald-i-aalborg-kommune/,Tea/coffee preparation items,Rejected,Source-level evidence rejects compostable packaging/items or identifies no accepted organics route.
[175],Czechia,Czechia - Plzeň - Municipal/operator organic-waste sorting guidance,Typy odpadů a nakládání s nimi,https://odpady.plzen.eu/mesto-a-odpady/typy-odpadu/trideni-odpadu/biologicky-rozlozitelny-odpad/,Food-waste liners / collection bags,Rejected,Source-level evidence rejects compostable packaging/items or identifies no accepted organics route.
[176],New Zealand,New Zealand - Christchurch - City Council green-bin organics guidance,Organics – green bin : Christchurch City Council,https://ccc.govt.nz/services/rubbish-and-recycling/greenbin,Food-waste liners / collection bags,Rejected,Source-level evidence rejects compostable packaging/items or identifies no accepted organics route.
[176],New Zealand,New Zealand - Christchurch - City Council green-bin organics guidance,Organics – green bin : Christchurch City Council,https://ccc.govt.nz/services/rubbish-and-recycling/greenbin,Tea/coffee preparation items,Rejected,Source-level evidence rejects compostable packaging/items or identifies no accepted organics route.
[176],New Zealand,New Zealand - Christchurch - City Council green-bin organics guidance,Organics – green bin : Christchurch City Council,https://ccc.govt.nz/services/rubbish-and-recycling/greenbin,Generic compostable packaging / plastics,Rejected,Source-level evidence rejects compostable packaging/items or identifies no accepted organics route.
[177],New Zealand,New Zealand - Auckland - Council food-scraps / compostable liner guidance,The best of both worlds - compost and food scraps - OurAuckland,https://ourauckland.aucklandcouncil.govt.nz/news/2023/04/the-best-of-both-worlds-compost-and-food-scraps/,Food-waste liners / collection bags,Accepted with conditions,"Application is accepted only in a controlled, facility-approved, event, commercial, or dedicated collection context."
[177],New Zealand,New Zealand - Auckland - Council food-scraps / compostable liner guidance,The best of both worlds - compost and food scraps - OurAuckland,https://ourauckland.aucklandcouncil.govt.nz/news/2023/04/the-best-of-both-worlds-compost-and-food-scraps/,Food-service ware / takeaway packaging,Accepted with conditions,"Application is accepted only in a controlled, facility-approved, event, commercial, or dedicated collection context."
[178],Belgium,Belgium - Wallonia / Intradel - Organic-waste collection guidance,Intradel - Les déchets organiques,https://www.intradel.be/trier-ses-dechets/les-collectes-en-porte-a-porte-1/les-dechets-organiques.htm?lng=fr,Food-waste liners / collection bags,Accepted,Food-waste liners/collection bags are accepted in the ordinary organics route; certification or compostability wording is treated as product qualification.
[178],Belgium,Belgium - Wallonia / Intradel - Organic-waste collection guidance,Intradel - Les déchets organiques,https://www.intradel.be/trier-ses-dechets/les-collectes-en-porte-a-porte-1/les-dechets-organiques.htm?lng=fr,Tea/coffee preparation items,Rejected,Source-level rule is liner-only; this broader application category is outside the accepted application scope.
[179],Belgium,Belgium - Wallonia / Hygea - Organic-waste sorting guidance,Les déchets organiques | Hygea,https://www.hygea.be/prevention-dechets/tri-dechets/dechets-organiques,Tea/coffee preparation items,Rejected,Source-level evidence rejects compostable packaging/items or identifies no accepted organics route.
[180],Slovenia,Slovenia - Maribor - Municipal waste-sorting guidance,Kako ločevati in odlagati odpadke? - Maribor.si,https://okolje.maribor.si/kakoloevatiinodlagatiodpadk,Food-waste liners / collection bags,Rejected,Source-level evidence rejects compostable packaging/items or identifies no accepted organics route.
[181],Slovenia,Slovenia - Kranj / Komunala Kranj - Brown-bin biowaste guidance,Zaščita rjavega zabojnika in pravilno odlaganje bioloških odpadkov | Komunala Kranj,https://www.komunala-kranj.si/zascita-rjavega-zabojnika-in-pravilno-odlaganje-bioloskih-odpadkov,Food-waste liners / collection bags,Accepted,Food-waste liners/collection bags are accepted in the ordinary organics route; certification or compostability wording is treated as product qualification.
[181],Slovenia,Slovenia - Kranj / Komunala Kranj - Brown-bin biowaste guidance,Zaščita rjavega zabojnika in pravilno odlaganje bioloških odpadkov | Komunala Kranj,https://www.komunala-kranj.si/zascita-rjavega-zabojnika-in-pravilno-odlaganje-bioloskih-odpadkov,Generic compostable packaging / plastics,Rejected,Source-level rule is liner-only; this broader application category is outside the accepted application scope.
[182],Luxembourg,Luxembourg - Minett Kompost - Organic-waste bag / collection guidance,Organique sans plastique - c‘est esthétique,https://minett-kompost.lu/organique-sans-plastique-cest-esthetique/,Food-waste liners / collection bags,Accepted,Food-waste liners/collection bags are accepted in the ordinary organics route; certification or compostability wording is treated as product qualification.
[183],Costa Rica,Costa Rica - Costa Rica / community or domestic composting context - ComposterOs - community composting guidance / operator-style guidance,¿Es compostable? Qué agregar y qué no agregar a la compostera,https://composteros.go.cr/blog/-/blogs/-es-compostable-que-agregar-y-que-no-agregar-a-la-compostera,Generic compostable packaging / plastics,Unclear or not stated,"Application is mentioned, but no explicit application-level acceptance or rejection decision is stated."
[184],Czechia,Czechia - Karlovy Vary - L?ze?sk? lesy a parky Karlovy Vary - local municipal-operator sorting guidance,Bioodpad,https://www.llpkv.cz/sluzby-pro-obcany/bioodpad,Food-waste liners / collection bags,Rejected,Source-level evidence rejects compostable packaging/items or identifies no accepted organics route.
