citation_id,source_label,application_type,application_decision,decision_basis,matched_regex_or_rule,matched_text,evidence_excerpt,reference_acceptance,reference_acceptance_matched_rule,reference_acceptance_matched_text
[2],Germany - Berlin - BSR / Berliner Stadtreinigung waste-company guidance,Tea/coffee preparation items,Rejected,Source-level evidence rejects compostable packaging/items or identifies no accepted organics route.,\b(tea\s*bag|teabag|coffee\s*filter|coffee\s*(pod|capsule)|k[- ]?cup|espresso\s*capsule|teebeutel|kaffeefilter|theezakjes?|koffiefilters?|sachet[s]?\s+de\s+th[ée]|filtre[s]?\s+.*caf[ée]|capsule[s]?\s+de\s+caf[ée])s?\b,teebeutel,"ickelt in Zeitungspapier) alte Lebensmittel (ohne Verpackung) Obst-/Gemüsereste, Schalen, auch von Zitrusfrüchten Kaffeesatz, -filter, Tee, Teebeutel, Eierschalen Küchenpapier Grün-/Strauchschnitt, Laub, Blumen (dafür auch BSR-Laubsäcke nutzen) Das darf nicht rein: Kunststoffe, Verpackung",Rejected,"(plastik|kunststoff|bioplastik|biokunststoff|kompostierbare?\w*\s+(biobeutel|beutel|t[üu]ten)|verpackungen|folien|t[üu]ten).{0,180}(d[üu]rfen\s+nicht|geh[öo]ren\s+nicht|nicht\s+in\s+(die\s+)?biotonne|darf\s+nicht\s+rein|kein\s+plastik|verboten|nicht\s+ausreichend)",plastik und auch bioplastik dürfen nicht in die biotonne
[3],Germany - Munich - AWM München / municipal sorting rule,Food-waste liners / collection bags,Rejected,Source-level evidence rejects compostable packaging/items or identifies no accepted organics route.,\b(sac[s]?\s+(compostable|biod[ée]gradable)|sacco\s+compostabile|sacchetti\s+compostabil\w*|bolsa\s+compostable|bolsas\s+compostables|sacos?\s+compost[áa]veis|kompostierbare?\w*\s+(beutel|t[üu]ten|biobeutel)|composteerbare?\w*\s+(zak|zakken|zakjes)|biozak\w*|bioposer|matavfallsp[åa]sar|bioavfallsp[åa]sar|bioj[äa]tepussi|vre[čc]ke|worki|s[áa][čc]ky)\b,kompostierbare biobeutel,"rom. Größere Mengen Baum- und Strauchschnitt können Sie an den Münchner Wertstoffhöfen entsorgen. Hinweis Plastiktüten und auch sogenannte ""kompostierbare Biobeutel"" dürfen nicht in die Biotonne! Biotonne In die gebührenfreien Biotonnen sollen Küchen- und Gartenabfälle. Mehr Infos Auf dieser Website ve",Rejected,"(plastik|kunststoff|bioplastik|biokunststoff|kompostierbare?\w*\s+(biobeutel|beutel|t[üu]ten)|verpackungen|folien|t[üu]ten).{0,180}(d[üu]rfen\s+nicht|geh[öo]ren\s+nicht|nicht\s+in\s+(die\s+)?biotonne|darf\s+nicht\s+rein|kein\s+plastik|verboten|nicht\s+ausreichend)","plastiktüten und auch sogenannte ""kompostierbare biobeutel"" dürfen nicht in die biotonne"
[4],Germany - Hamburg - Stadtreinigung Hamburg / Wirfuerbio guidance,Food-waste liners / collection bags,Rejected,Source-level evidence rejects compostable packaging/items or identifies no accepted organics route.,\b(sac[s]?\s+(compostable|biod[ée]gradable)|sacco\s+compostabile|sacchetti\s+compostabil\w*|bolsa\s+compostable|bolsas\s+compostables|sacos?\s+compost[áa]veis|kompostierbare?\w*\s+(beutel|t[üu]ten|biobeutel)|composteerbare?\w*\s+(zak|zakken|zakjes)|biozak\w*|bioposer|matavfallsp[åa]sar|bioavfallsp[åa]sar|bioj[äa]tepussi|vre[čc]ke|worki|s[áa][čc]ky)\b,kompostierbare beutel,"eil „Erdöl“ enthalten, der aber grundsätzlich biologisch abbaubar sein muss. Innerhalb des Produktionsprozesses unserer Anlagen werden auch kompostierbare Beutel nicht sicher vollständig biologisch abgebaut. Die Zersetzungszeit dieser Tüten liegt deutlich über den Produktionszeiten. Wir wollen sauber",Rejected,"(plastik|kunststoff|bioplastik|biokunststoff|kompostierbare?\w*\s+(biobeutel|beutel|t[üu]ten)|verpackungen|folien|t[üu]ten).{0,180}(d[üu]rfen\s+nicht|geh[öo]ren\s+nicht|nicht\s+in\s+(die\s+)?biotonne|darf\s+nicht\s+rein|kein\s+plastik|verboten|nicht\s+ausreichend)",plastik im biomüll. *auch kompostierbare plastiktüten dürfen nicht in die biotonne. kein plastik
[5],Germany - Kitzingen district - Landratsamt Kitzingen / regional government guidance,Generic compostable packaging / plastics,Rejected,Source-level evidence rejects compostable packaging/items or identifies no accepted organics route.,"\b(compostable|biodegradable|industrially\s+compostable|certified\s+compostable|bioplastic|bio[- ]?plastic|bioplastics|composteerbaar\w*|kompostierbar\w*|compostabil\w*|biod[ée]gradable\w*|biohajoava|kompostoituva|biolagunev\w*|kompostitav\w*|biolo[šs]ko\s+razgradljiv\w*|kompostowaln\w*|biodegradowaln\w*)\b.{0,140}\b(packaging|plastic|plastics|product|products|material|materials|item|items|verpackungen|kunststoff|emballage|embalagem|imballagg|envase|verpakking|pakend|pakkauks|opakowania|embala[žz]a|obaly|muovi|pakkauks|label|sticker)\w*",kompostierbare biomüllbeutel grünabfälle papierabfälle verpackungen übersicht duale systeme glasverpackungen kunststoff,le Problemabfallsammlung Ident-System Abfallgebühr Übersicht Grundlagen Leistungen Gebührenspiegel Abfälle Übersicht Restabfälle Bioabfälle Kompostierbare Biomüllbeutel Grünabfälle Papierabfälle Verpackungen Übersicht Duale Systeme Glasverpackungen Kunststoff- und Metal ---WINDOW--- Landratsamt Kitzingen Tourismus Stadt Kitzingen News Tonnen & Abfuhr Übersicht Mülltonnen Übersicht Restabfalltonne,Rejected,"(plastik|kunststoff|bioplastik|biokunststoff|kompostierbare?\w*\s+(biobeutel|beutel|t[üu]ten)|verpackungen|folien|t[üu]ten).{0,180}(d[üu]rfen\s+nicht|geh[öo]ren\s+nicht|nicht\s+in\s+(die\s+)?biotonne|darf\s+nicht\s+rein|kein\s+plastik|verboten|nicht\s+ausreichend)",kunststoffe und verpackungen für pflanzenschutzmittel abfall-abc sammelbeutel aus biologisch abbaubaren kunststoffen verwendung in der biotonne verboten
[7],Germany - Bamberg - Stadt Bamberg / Biomüll municipal sorting rule,Generic compostable packaging / plastics,Rejected,Source-level evidence rejects compostable packaging/items or identifies no accepted organics route.,"\b(compostable|biodegradable|industrially\s+compostable|certified\s+compostable|bioplastic|bio[- ]?plastic|bioplastics|composteerbaar\w*|kompostierbar\w*|compostabil\w*|biod[ée]gradable\w*|biohajoava|kompostoituva|biolagunev\w*|kompostitav\w*|biolo[šs]ko\s+razgradljiv\w*|kompostowaln\w*|biodegradowaln\w*)\b.{0,140}\b(packaging|plastic|plastics|product|products|material|materials|item|items|verpackungen|kunststoff|emballage|embalagem|imballagg|envase|verpakking|pakend|pakkauks|opakowania|embala[žz]a|obaly|muovi|pakkauks|label|sticker)\w*",kompostierbare und andere plastiktüten alle arten von plastik-verpackungen,"nsreste Kaffee- und Teefilter Kleintierstreu aus Heu u. Stroh Was darf nicht in die Biotonne? Katzenstreu Problemmüll Holz- und Kohlenasche kompostierbare und andere Plastiktüten alle Arten von Plastik-Verpackungen ---WINDOW--- Untermenü Vorlesen Vorlesen ""Vorlesen"" ist eine Funktion von Drittanbietern. Mehr dazu in unserer Datenschutzerklärung. Aktivi",Rejected,"(ikke|inte|må\s+ikke|skal\s+ikke|ei|ei\s+saa|ei\s+kuulu).{0,180}(komposterbar\w*|bioposer|bioplast|plast|biohajoava\w*|kompostoituva\w*|muovipakkauk\w*|kertak[äa]ytt[öo]astia)",eintierstreu aus heu u. stroh was darf nicht in die biotonne? katzenstreu problemmüll holz- und kohlenasche kompostierbare und andere plastiktüten alle arten von plast
[9],Netherlands - National - Milieu Centraal / government-backed sorting guidance,Tea/coffee preparation items,Rejected,Source-level evidence rejects compostable packaging/items or identifies no accepted organics route.,\b(tea\s*bag|teabag|coffee\s*filter|coffee\s*(pod|capsule)|k[- ]?cup|espresso\s*capsule|teebeutel|kaffeefilter|theezakjes?|koffiefilters?|sachet[s]?\s+de\s+th[ée]|filtre[s]?\s+.*caf[ée]|capsule[s]?\s+de\s+caf[ée])s?\b,theezakje,"tic en batterijen kunnen voor een groot deel hergebruikt worden. Dat bespaart nieuwe grondstoffen,... Lees meer Afvalquiz: welk afval waar? Theezakje, pizzadoos of piepschuim… weet jij wat er in welke bak hoort? Doe de afvalquiz en ontdek hoe goed jij bent in afval scheiden. Lees meer",Rejected,"(ikke|inte|må\s+ikke|skal\s+ikke|ei|ei\s+saa|ei\s+kuulu).{0,180}(komposterbar\w*|bioposer|bioplast|plast|biohajoava\w*|kompostoituva\w*|muovipakkauk\w*|kertak[äa]ytt[öo]astia)","ein snoeiafval. maar niet: kattenbakvulling, bioplast"
[10],Netherlands - HVC service area - HVC / waste-management company guidance,Food-waste liners / collection bags,Accepted,Food-waste liners/collection bags are accepted in the ordinary organics route; certification or compostability wording is treated as product qualification.,"(?:uitzondering|speciaal\s+gft[- ]?zakje|gft[- ]?zakje|gfe\+?t[- ]?zakje|biozakje|composteerbaar\w*\s+zakje).{0,160}\b(?:mag\s+w[eé]l|mag|toegestaan|gebruiken|gebruik|in\s+(?:de\s+)?gft|in\s+(?:de\s+)?groene\s+container)\b",uitzondering: speciaal gft-zakje er is één handige uitzondering… misschien gebruik,"verpakkingen bij gft en etensresten, ook niet als ze zijn gemaakt van (composteerbare) bioplastics. Deze laatsten horen bij het restafval. Uitzondering: speciaal gft-zakje Er is één handige uitzondering… Misschien gebruik je in de keuken een biologisch afbreekbaar gft-zakje met Kiemplantlogo of OK Compostlogo om jouw etensresten mee in te zamelen? Zo'n zakje",Collection liners only,"(?:uitzondering|speciaal\s+gft[- ]?zakje|gft[- ]?zakje|gfe\+?t[- ]?zakje|biozakje|composteerbaar\w*\s+zakje).{0,160}\b(?:mag\s+w[eé]l|mag|toegestaan|gebruiken|gebruik|in\s+(?:de\s+)?gft|in\s+(?:de\s+)?groene\s+container)\b",uitzondering: speciaal gft-zakje er is één handige uitzondering… misschien gebruik
[10],Netherlands - HVC service area - HVC / waste-management company guidance,Flexible films/wraps/pouches,Rejected,Source-level rule is liner-only; this broader application category is outside the accepted application scope.,"\b(mailer|postal\s*bag|e[- ]?commerce\s*packaging|garment\s*bag|poly\s*bag|protective\s*film|stretch\s*film|shrink\s*film|wrapper|wrap|pouch|pouches|wikkels|films?|folien|buste)\w*\b.{0,160}\b(compostable|biodegradable|bioplastic|compostabil|biodegradabil|organic waste|compost|brown\s+bin|green\s+cart)","wikkels van tijdschriften: ze zijn steeds vaker van bioplastic. bioplastic wordt gemaakt van mais, suikerriet of aardappels. enkele hebben het label compost","de achterkant ook niet uit te halen. Een instinker: composteerbare bioplastic Wegwerpbestek en -borden, verpakkingen om groente of fruit en wikkels van tijdschriften: ze zijn steeds vaker van bioplastic. Bioplastic wordt gemaakt van mais, suikerriet of aardappels. Enkele hebben het label composteerbaar, maar in de praktijk duurt het composteren van deze artikelen langer dan het proces in de composteerinstallaties: het blijft er dus",Collection liners only,"(?:uitzondering|speciaal\s+gft[- ]?zakje|gft[- ]?zakje|gfe\+?t[- ]?zakje|biozakje|composteerbaar\w*\s+zakje).{0,160}\b(?:mag\s+w[eé]l|mag|toegestaan|gebruiken|gebruik|in\s+(?:de\s+)?gft|in\s+(?:de\s+)?groene\s+container)\b",uitzondering: speciaal gft-zakje er is één handige uitzondering… misschien gebruik
[10],Netherlands - HVC service area - HVC / waste-management company guidance,Generic compostable packaging / plastics,Rejected,Source-level rule is liner-only; this broader application category is outside the accepted application scope.,"\b(compostable|biodegradable|industrially\s+compostable|certified\s+compostable|bioplastic|bio[- ]?plastic|bioplastics|composteerbaar\w*|kompostierbar\w*|compostabil\w*|biod[ée]gradable\w*|biohajoava|kompostoituva|biolagunev\w*|kompostitav\w*|biolo[šs]ko\s+razgradljiv\w*|kompostowaln\w*|biodegradowaln\w*)\b.{0,140}\b(packaging|plastic|plastics|product|products|material|materials|item|items|verpackungen|kunststoff|emballage|embalagem|imballagg|envase|verpakking|pakend|pakkauks|opakowania|embala[žz]a|obaly|muovi|pakkauks|label|sticker)\w*","bioplastic wegwerpbestek en -borden, verpakkingen","blijven maken. Want wat er aan de voorkant niet in gaat hoeven we er aan de achterkant ook niet uit te halen. Een instinker: composteerbare bioplastic Wegwerpbestek en -borden, verpakkingen om groente of fruit en wikkels van tijdschriften: ze zijn steeds vaker van bioplastic. Bioplastic wordt gemaakt van mais, suikerriet of aar",Collection liners only,"(?:uitzondering|speciaal\s+gft[- ]?zakje|gft[- ]?zakje|gfe\+?t[- ]?zakje|biozakje|composteerbaar\w*\s+zakje).{0,160}\b(?:mag\s+w[eé]l|mag|toegestaan|gebruiken|gebruik|in\s+(?:de\s+)?gft|in\s+(?:de\s+)?groene\s+container)\b",uitzondering: speciaal gft-zakje er is één handige uitzondering… misschien gebruik
[11],Netherlands - Roosendaal / Saver service area - Saver NV / waste-company guidance,Food-waste liners / collection bags,Accepted,Food-waste liners/collection bags are accepted in the ordinary organics route; certification or compostability wording is treated as product qualification.,\b(sac[s]?\s+(compostable|biod[ée]gradable)|sacco\s+compostabile|sacchetti\s+compostabil\w*|bolsa\s+compostable|bolsas\s+compostables|sacos?\s+compost[áa]veis|kompostierbare?\w*\s+(beutel|t[üu]ten|biobeutel)|composteerbare?\w*\s+(zak|zakken|zakjes)|biozak\w*|bioposer|matavfallsp[åa]sar|bioavfallsp[åa]sar|bioj[äa]tepussi|vre[čc]ke|worki|s[áa][čc]ky)\b,composteerbare zakjes,Netherlands - Roosendaal / Saver service area - Saver NV / waste-company guidance | Hoe gebruik ik composteerbare zakjes? | Saver | https://saver.nl/nieuws-gebruik-composteerbare-zakjes Hoe gebruik ik composteerbare zakjes? | Saver Naar hoofdinhoud Werken bij,Collection liners only,"(bioj[äa]te|matavfall|food\s*waste|gft|gfe\+?t).{0,180}(compostable|composteerbare?\w*|biologisch\s+afbreekbare?\w*|biohajoava\w*|komposterbar\w*|paper|papieren?)\s+(bag|liner|pussi|zak|zakje|pose)s?","gft+e-afval in de groene container gooit, moeten dit wel composteerbare zak"
[11],Netherlands - Roosendaal / Saver service area - Saver NV / waste-company guidance,Food-service ware / takeaway packaging,Rejected,Source-level rule is liner-only; this broader application category is outside the accepted application scope.,"\b(cup|plate|bowl|tray|container|cutlery|fork|spoon|knife|straw|lid|stoviglie|posate|bicchieri|piatti|contenitori|kahvimuki|kertak[äa]ytt[öo]astia|vaisselle|gobelets?|assiettes?|couverts?|vasos?|platos?|cubiertos?)\w*\b.{0,140}\b(compostable|biodegradable|compostabil|biodegradabil|organic|umido|compost|biohajoava|kompostoituva)","container gooit, moeten dit wel compost","kjes. Mag ik ook andere zakjes gebruiken? Natuurlijk mag je ook andere zakjes gebruiken. Als je deze zakjes met je GFT+E-afval in de groene container gooit, moeten dit wel composteerbare zakjes zijn. Let er dus bij het kopen van de zakjes op dat dit logo op de verpakking staat. Geeft Saver naast de PBD- zakken ook com",Collection liners only,"(bioj[äa]te|matavfall|food\s*waste|gft|gfe\+?t).{0,180}(compostable|composteerbare?\w*|biologisch\s+afbreekbare?\w*|biohajoava\w*|komposterbar\w*|paper|papieren?)\s+(bag|liner|pussi|zak|zakje|pose)s?","gft+e-afval in de groene container gooit, moeten dit wel composteerbare zak"
[12],Netherlands - National - VANG-HHA / Rijkswaterstaat-linked guidance / national government guidance,Tea/coffee preparation items,Rejected,Source-level evidence rejects compostable packaging/items or identifies no accepted organics route.,\b(tea\s*bag|teabag|coffee\s*filter|coffee\s*(pod|capsule)|k[- ]?cup|espresso\s*capsule|teebeutel|kaffeefilter|theezakjes?|koffiefilters?|sachet[s]?\s+de\s+th[ée]|filtre[s]?\s+.*caf[ée]|capsule[s]?\s+de\s+caf[ée])s?\b,theezakjes,"dat ze keihard zijn en niet verteren, toch in de gft-bak. Dit heeft te maken met de algemene regel dat alles wat op het bord ligt, in de biobak mag. Losse thee, theezakjes, koffiedik, koffiefilters en koffiepads Als er een kartelrand aan de buitenzijde van het filterpapier zit, dan zij",Rejected,"(niet\s+in\s+(de\s+)?gft|mag\s+niet\s+(in|bij)|niet\s+bij\s+(het\s+)?gft|gooi\s+nooit|hoort\s+niet\s+in|niet\s+toegestaan).{0,200}(bioplastic|composteerbaar\w*|biologisch\s+afbreekbaar\w*|verpakking\w*|plastic|wegwerpbestek|borden|bekers|zakjes?)",hoort niet in de gft-bak? wel/niet gft-afval | q&a: wat mag wel en niet in de gft-bak | juni 2020 --- page 6 --- afvalfractie toelichting speciale composteerbare gft-inzamelzakken qua composteerbare verpakkingen
[12],Netherlands - National - VANG-HHA / Rijkswaterstaat-linked guidance / national government guidance,Generic compostable packaging / plastics,Rejected,Source-level evidence rejects compostable packaging/items or identifies no accepted organics route.,"\b(compostable|biodegradable|industrially\s+compostable|certified\s+compostable|bioplastic|bio[- ]?plastic|bioplastics|composteerbaar\w*|kompostierbar\w*|compostabil\w*|biod[ée]gradable\w*|biohajoava|kompostoituva|biolagunev\w*|kompostitav\w*|biolo[šs]ko\s+razgradljiv\w*|kompostowaln\w*|biodegradowaln\w*)\b.{0,140}\b(packaging|plastic|plastics|product|products|material|materials|item|items|verpackungen|kunststoff|emballage|embalagem|imballagg|envase|verpakking|pakend|pakkauks|opakowania|embala[žz]a|obaly|muovi|pakkauks|label|sticker)\w*",composteerbaar en niet-composteerbaar plastic,"n en vervuilt de biobak. Kaaskorst Een kaaskorst bevat vaak plastic. Restafval . Koffiecups, ook composteerbare Koffiecups zijn doorgaans van aluminium of plastic gemaakt. Het verschil tussen composteerbaar en niet-composteerbaar plastic is niet goed te zien. Introductie van de vormvaste composteerbare cup op de wel-l",Rejected,"(niet\s+in\s+(de\s+)?gft|mag\s+niet\s+(in|bij)|niet\s+bij\s+(het\s+)?gft|gooi\s+nooit|hoort\s+niet\s+in|niet\s+toegestaan).{0,200}(bioplastic|composteerbaar\w*|biologisch\s+afbreekbaar\w*|verpakking\w*|plastic|wegwerpbestek|borden|bekers|zakjes?)",hoort niet in de gft-bak? wel/niet gft-afval | q&a: wat mag wel en niet in de gft-bak | juni 2020 --- page 6 --- afvalfractie toelichting speciale composteerbare gft-inzamelzakken qua composteerbare verpakkingen
[13],Netherlands - Maashorst - Gemeente Maashorst / municipal sorting rule,Food-waste liners / collection bags,Rejected,Source-level evidence rejects compostable packaging/items or identifies no accepted organics route.,"(?:uitzondering|speciaal\s+gft[- ]?zakje|gft[- ]?zakje|gfe\+?t[- ]?zakje|biozakje|composteerbaar\w*\s+zakje).{0,160}\b(?:mag\s+w[eé]l|mag|toegestaan|gebruiken|gebruik|in\s+(?:de\s+)?gft|in\s+(?:de\s+)?groene\s+container)\b","gft-zakjes met een speciaal keurmerk, zoals het kiemplantlogo of ok compostlogo, mogen in de gft","e langzaam afbreekt en er zitten nog schadelijke stoffen in. Daarom moeten deze producten gewoon bij het restafval. Wat mag dan wél? Alleen gft-zakjes met een speciaal keurmerk, zoals het Kiemplantlogo of OK compostlogo, mogen in de GFT+E-container. Die zakjes zijn speciaal gemaakt om goed mee te composteren, bevatten geen schadelijke stoffen en helpen je bij het scheiden v",Rejected,"(niet\s+in\s+(de\s+)?gft|mag\s+niet\s+(in|bij)|niet\s+bij\s+(het\s+)?gft|gooi\s+nooit|hoort\s+niet\s+in|niet\s+toegestaan).{0,200}(bioplastic|composteerbaar\w*|biologisch\s+afbreekbaar\w*|verpakking\w*|plastic|wegwerpbestek|borden|bekers|zakjes?)",niet in de gft+e-bak én ook niet bij het plastic
[13],Netherlands - Maashorst - Gemeente Maashorst / municipal sorting rule,Food-service ware / takeaway packaging,Rejected,Source-level evidence rejects compostable packaging/items or identifies no accepted organics route.,"\b(cup|plate|bowl|tray|container|cutlery|fork|spoon|knife|straw|lid|stoviglie|posate|bicchieri|piatti|contenitori|kahvimuki|kertak[äa]ytt[öo]astia|vaisselle|gobelets?|assiettes?|couverts?|vasos?|platos?|cubiertos?)\w*\b.{0,140}\b(compostable|biodegradable|compostabil|biodegradabil|organic|umido|compost|biohajoava|kompostoituva)","container mag? of kom je er met onderstaand lijstje achter dat je per ongeluk jarenlang iets bij je gft+e hebt gegooid, terwijl dat niet mocht? compost","vaak zonder dat we het doorhebben. GFT+E is de afkorting voor Groente-, Fruit-, Tuinafval en Etensresten. Weet jij wat er niet in je GFT+E-container mag? Of kom je er met onderstaand lijstje achter dat je per ongeluk jarenlang iets bij je GFT+E hebt gegooid, terwijl dat niet mocht? Composteerbare producten Je zou denken dat spullen zoals composteerbaar wegwerpbestek of biologisch afbreekbare verpakkingen juist wél in de GFT+E-",Rejected,"(niet\s+in\s+(de\s+)?gft|mag\s+niet\s+(in|bij)|niet\s+bij\s+(het\s+)?gft|gooi\s+nooit|hoort\s+niet\s+in|niet\s+toegestaan).{0,200}(bioplastic|composteerbaar\w*|biologisch\s+afbreekbaar\w*|verpakking\w*|plastic|wegwerpbestek|borden|bekers|zakjes?)",niet in de gft+e-bak én ook niet bij het plastic
[13],Netherlands - Maashorst - Gemeente Maashorst / municipal sorting rule,Tea/coffee preparation items,Rejected,Source-level evidence rejects compostable packaging/items or identifies no accepted organics route.,\b(tea\s*bag|teabag|coffee\s*filter|coffee\s*(pod|capsule)|k[- ]?cup|espresso\s*capsule|teebeutel|kaffeefilter|theezakjes?|koffiefilters?|sachet[s]?\s+de\s+th[ée]|filtre[s]?\s+.*caf[ée]|capsule[s]?\s+de\s+caf[ée])s?\b,theezakjes,"aar er kunnen schadelijke stoffen in zitten. Die maken het compost onbruikbaar. Gooi as daarom altijd bij het restafval. En hoe zit het met theezakjes? Die mochten een tijd wel bij het GFT+E, toen weer niet vanwege plastic, en nu weer wel – verwarrend, hè? Gelukkig is het nu duidelijk: the",Rejected,"(niet\s+in\s+(de\s+)?gft|mag\s+niet\s+(in|bij)|niet\s+bij\s+(het\s+)?gft|gooi\s+nooit|hoort\s+niet\s+in|niet\s+toegestaan).{0,200}(bioplastic|composteerbaar\w*|biologisch\s+afbreekbaar\w*|verpakking\w*|plastic|wegwerpbestek|borden|bekers|zakjes?)",niet in de gft+e-bak én ook niet bij het plastic
[13],Netherlands - Maashorst - Gemeente Maashorst / municipal sorting rule,Generic compostable packaging / plastics,Rejected,Source-level evidence rejects compostable packaging/items or identifies no accepted organics route.,"\b(compostable|biodegradable|industrially\s+compostable|certified\s+compostable|bioplastic|bio[- ]?plastic|bioplastics|composteerbaar\w*|kompostierbar\w*|compostabil\w*|biod[ée]gradable\w*|biohajoava|kompostoituva|biolagunev\w*|kompostitav\w*|biolo[šs]ko\s+razgradljiv\w*|kompostowaln\w*|biodegradowaln\w*)\b.{0,140}\b(packaging|plastic|plastics|product|products|material|materials|item|items|verpackungen|kunststoff|emballage|embalagem|imballagg|envase|verpakking|pakend|pakkauks|opakowania|embala[žz]a|obaly|muovi|pakkauks|label|sticker)\w*",composteerbaar wegwerpbestek of biologisch afbreekbare verpakkingen juist wél in de gft+e-container mogen. maar dat is niet zo. composteerbaar plastic,"t je per ongeluk jarenlang iets bij je GFT+E hebt gegooid, terwijl dat niet mocht? Composteerbare producten Je zou denken dat spullen zoals composteerbaar wegwerpbestek of biologisch afbreekbare verpakkingen juist wél in de GFT+E-container mogen. Maar dat is niet zo. Composteerbaar plastic hoort níet in de GFT+E-container. Het breekt te langzaam afbreekt en er zitten nog schadelijke stoffen in. Daarom moeten deze producten gew",Rejected,"(niet\s+in\s+(de\s+)?gft|mag\s+niet\s+(in|bij)|niet\s+bij\s+(het\s+)?gft|gooi\s+nooit|hoort\s+niet\s+in|niet\s+toegestaan).{0,200}(bioplastic|composteerbaar\w*|biologisch\s+afbreekbaar\w*|verpakking\w*|plastic|wegwerpbestek|borden|bekers|zakjes?)",niet in de gft+e-bak én ook niet bij het plastic
[14],Netherlands - Hoeksche Waard / BAR area - RAD / waste-company guidance,Food-waste liners / collection bags,Rejected,Source-level evidence rejects compostable packaging/items or identifies no accepted organics route.,\b(sac[s]?\s+(compostable|biod[ée]gradable)|sacco\s+compostabile|sacchetti\s+compostabil\w*|bolsa\s+compostable|bolsas\s+compostables|sacos?\s+compost[áa]veis|kompostierbare?\w*\s+(beutel|t[üu]ten|biobeutel)|composteerbare?\w*\s+(zak|zakken|zakjes)|biozak\w*|bioposer|matavfallsp[åa]sar|bioavfallsp[åa]sar|bioj[äa]tepussi|vre[čc]ke|worki|s[áa][čc]ky)\b,composteerbare zakjes,"n, pluizen Kattenbakvulling (ook biologisch afbreekbare) Poep en mest van grote dieren (hond, paard, koe et cetera) Hondenpoep, ook niet in composteerbare zakjes Overig Plastic/plastic zakken Zakken van textiel Bewaarbakjes Geen enkel soort metaal Glas Grote stukken papier of karton Bioplastic/compos",Rejected,"(niet\s+in\s+(de\s+)?gft|mag\s+niet\s+(in|bij)|niet\s+bij\s+(het\s+)?gft|gooi\s+nooit|hoort\s+niet\s+in|niet\s+toegestaan).{0,200}(bioplastic|composteerbaar\w*|biologisch\s+afbreekbaar\w*|verpakking\w*|plastic|wegwerpbestek|borden|bekers|zakjes?)","niet bij gft keukenafval frituurvet en olie kaaskorsten kauwgom koffiecups, ook composteerbare verpakkingen"
[14],Netherlands - Hoeksche Waard / BAR area - RAD / waste-company guidance,Tea/coffee preparation items,Rejected,Source-level evidence rejects compostable packaging/items or identifies no accepted organics route.,\b(tea\s*bag|teabag|coffee\s*filter|coffee\s*(pod|capsule)|k[- ]?cup|espresso\s*capsule|teebeutel|kaffeefilter|theezakjes?|koffiefilters?|sachet[s]?\s+de\s+th[ée]|filtre[s]?\s+.*caf[ée]|capsule[s]?\s+de\s+caf[ée])s?\b,theezakjes,"t, kliekjes Groente-, fruit- en snijresten en schillen Jus en bakvet (gestold) Koekjes, snoep, chocolade, noten, pitten, snacks Losse thee, theezakjes, koffiepads en koffiedik (het papieren filter mag er ook bij) Notendoppen, (mossel)schelpen en eierschalen Zuivelproducten zoals kaas Aarda",Rejected,"(niet\s+in\s+(de\s+)?gft|mag\s+niet\s+(in|bij)|niet\s+bij\s+(het\s+)?gft|gooi\s+nooit|hoort\s+niet\s+in|niet\s+toegestaan).{0,200}(bioplastic|composteerbaar\w*|biologisch\s+afbreekbaar\w*|verpakking\w*|plastic|wegwerpbestek|borden|bekers|zakjes?)","niet bij gft keukenafval frituurvet en olie kaaskorsten kauwgom koffiecups, ook composteerbare verpakkingen"
[14],Netherlands - Hoeksche Waard / BAR area - RAD / waste-company guidance,Food-soiled paper / fibre packaging,Rejected,Source-level evidence rejects compostable packaging/items or identifies no accepted organics route.,"\b(napkin|paper\s*towel|pizza\s*box|paper\s*bag|cardboard|kitchen\s*towel|keukenpapier|talouspaperi|lautasliinat|k[üu]chenpapier|paper\s+napkin|carton|serviette)s?\b.{0,140}\b(compost|organic|food waste|biowaste|biotonne|gft|bioj[äa]te|brown\s+bin)\b","keukenpapier, servetten, wc-papier, papieren zakdoekjes niet bij gft","n, hamster) met hun poep Overig Composteerbare GFT-inzamelzakken met kiemplant-logo Papier gebruikt om bijv. etensresten op te vegen, zoals keukenpapier, servetten, wc-papier, papieren zakdoekjes Niet bij gft Keukenafval Frituurvet en olie Kaaskorsten Kauwgom Koffiecups, ook composteerbare Verpakkingen van wat voor materiaal dan ook Fijn tuinafva",Rejected,"(niet\s+in\s+(de\s+)?gft|mag\s+niet\s+(in|bij)|niet\s+bij\s+(het\s+)?gft|gooi\s+nooit|hoort\s+niet\s+in|niet\s+toegestaan).{0,200}(bioplastic|composteerbaar\w*|biologisch\s+afbreekbaar\w*|verpakking\w*|plastic|wegwerpbestek|borden|bekers|zakjes?)","niet bij gft keukenafval frituurvet en olie kaaskorsten kauwgom koffiecups, ook composteerbare verpakkingen"
[14],Netherlands - Hoeksche Waard / BAR area - RAD / waste-company guidance,Generic compostable packaging / plastics,Rejected,Source-level evidence rejects compostable packaging/items or identifies no accepted organics route.,"\b(compostable|biodegradable|industrially\s+compostable|certified\s+compostable|bioplastic|bio[- ]?plastic|bioplastics|composteerbaar\w*|kompostierbar\w*|compostabil\w*|biod[ée]gradable\w*|biohajoava|kompostoituva|biolagunev\w*|kompostitav\w*|biolo[šs]ko\s+razgradljiv\w*|kompostowaln\w*|biodegradowaln\w*)\b.{0,140}\b(packaging|plastic|plastics|product|products|material|materials|item|items|verpackungen|kunststoff|emballage|embalagem|imballagg|envase|verpakking|pakend|pakkauks|opakowania|embala[žz]a|obaly|muovi|pakkauks|label|sticker)\w*",bioplastic/composteerbaar plastic,"osteerbare zakjes Overig Plastic/plastic zakken Zakken van textiel Bewaarbakjes Geen enkel soort metaal Glas Grote stukken papier of karton Bioplastic/composteerbaar plastic Textiel Koffiecups, ook composteerbare Kurk Luiers en incontinentiemateriaal Puin Tabak, sigaretten, as Stofzuigerzakken en inhoud Bakjes,",Rejected,"(niet\s+in\s+(de\s+)?gft|mag\s+niet\s+(in|bij)|niet\s+bij\s+(het\s+)?gft|gooi\s+nooit|hoort\s+niet\s+in|niet\s+toegestaan).{0,200}(bioplastic|composteerbaar\w*|biologisch\s+afbreekbaar\w*|verpakking\w*|plastic|wegwerpbestek|borden|bekers|zakjes?)","niet bij gft keukenafval frituurvet en olie kaaskorsten kauwgom koffiecups, ook composteerbare verpakkingen"
[15],Netherlands - Limburg South - RD4 / waste-company guidance,Food-waste liners / collection bags,Rejected,Source-level evidence rejects compostable packaging/items or identifies no accepted organics route.,\b(sac[s]?\s+(compostable|biod[ée]gradable)|sacco\s+compostabile|sacchetti\s+compostabil\w*|bolsa\s+compostable|bolsas\s+compostables|sacos?\s+compost[áa]veis|kompostierbare?\w*\s+(beutel|t[üu]ten|biobeutel)|composteerbare?\w*\s+(zak|zakken|zakjes)|biozak\w*|bioposer|matavfallsp[åa]sar|bioavfallsp[åa]sar|bioj[äa]tepussi|vre[čc]ke|worki|s[áa][čc]ky)\b,biozak,Netherlands - Limburg South - RD4 / waste-company guidance | Direct naar de inhoud | https://rd4.nl/biozak Direct naar de inhoud Inwoners Bedrijven Medewerkers Ik woon in: kies een gemeente Beekdaelen Brunssum Eijsden-Margraten Gulpen-Wittem Heer,Rejected,"(niet\s+in\s+(de\s+)?gft|mag\s+niet\s+(in|bij)|niet\s+bij\s+(het\s+)?gft|gooi\s+nooit|hoort\s+niet\s+in|niet\s+toegestaan).{0,200}(bioplastic|composteerbaar\w*|biologisch\s+afbreekbaar\w*|verpakking\w*|plastic|wegwerpbestek|borden|bekers|zakjes?)",niet toegestaan. het maakt daarbij niet uit of het wel goed op de verpakking van de zakjes
[16],Netherlands - Rotterdam - Gemeente Rotterdam / municipal sorting rule,Food-service ware / takeaway packaging,Rejected,Source-level evidence rejects compostable packaging/items or identifies no accepted organics route.,"\b(cup|plate|bowl|tray|container|cutlery|fork|spoon|knife|straw|lid|stoviglie|posate|bicchieri|piatti|contenitori|kahvimuki|kertak[äa]ytt[öo]astia|vaisselle|gobelets?|assiettes?|couverts?|vasos?|platos?|cubiertos?)\w*\b.{0,140}\b(compostable|biodegradable|compostabil|biodegradabil|organic|umido|compost|biohajoava|kompostoituva)",container? schone en bruikbare compost,"uizendknoop, mogen niet bij het gfe+t. Wilt u weten in welke bak uw afval hoort? Dan kunt u dat opzoeken in de Afvalscheidingswijzer . Link opent een externe pagina in een nieuw browsertabblad. . Wat mag niet in de gfe+t-container? Schone en bruikbare compost maken van gfe+t is alleen mogelijk als bij het dit afval g",Rejected,"(ikke|inte|må\s+ikke|skal\s+ikke|ei|ei\s+saa|ei\s+kuulu).{0,180}(komposterbar\w*|bioposer|bioplast|plast|biohajoava\w*|kompostoituva\w*|muovipakkauk\w*|kertak[äa]ytt[öo]astia)","eierschalen • graten • botjes • doppen van pinda's en noten • schelpen (mossel, oester) • kaas (zonder plast"
[16],Netherlands - Rotterdam - Gemeente Rotterdam / municipal sorting rule,Tea/coffee preparation items,Rejected,Source-level evidence rejects compostable packaging/items or identifies no accepted organics route.,\b(tea\s*bag|teabag|coffee\s*filter|coffee\s*(pod|capsule)|k[- ]?cup|espresso\s*capsule|teebeutel|kaffeefilter|theezakjes?|koffiefilters?|sachet[s]?\s+de\s+th[ée]|filtre[s]?\s+.*caf[ée]|capsule[s]?\s+de\s+caf[ée])s?\b,koffiefilters,"graten • botjes • doppen van pinda’s en noten • schelpen (mossel, oester) • kaas (zonder plastic korsten) • brood • rijst • deeg • pasta • koffiedik • koffiefilters • koffiepads • theebladeren/losse thee • theezakjes • etensresten (gekookt of ongekoo",Rejected,"(ikke|inte|må\s+ikke|skal\s+ikke|ei|ei\s+saa|ei\s+kuulu).{0,180}(komposterbar\w*|bioposer|bioplast|plast|biohajoava\w*|kompostoituva\w*|muovipakkauk\w*|kertak[äa]ytt[öo]astia)","eierschalen • graten • botjes • doppen van pinda's en noten • schelpen (mossel, oester) • kaas (zonder plast"
[17],Netherlands - Twente Region - Twente Milieu / waste-company guidance,Tea/coffee preparation items,Rejected,Source-level evidence rejects compostable packaging/items or identifies no accepted organics route.,\b(tea\s*bag|teabag|coffee\s*filter|coffee\s*(pod|capsule)|k[- ]?cup|espresso\s*capsule|teebeutel|kaffeefilter|theezakjes?|koffiefilters?|sachet[s]?\s+de\s+th[ée]|filtre[s]?\s+.*caf[ée]|capsule[s]?\s+de\s+caf[ée])s?\b,theezakjes,"inafval (GFT) | Korte lijst Wel Groente- en fruitresten en schillen Etensresten (ook botjes en graten) Brood, deeg, rijst, pasta Losse thee, theezakjes, koffiefilters, koffiepads Strooisel (hooi, stro, zaagsel) van kleine knaagdieren, met hun poep Bloemen en planten Fijn tuinafval Niet",Rejected,niet\s+verpakkingen\s+en\s+wegwerpproducten\s+van\s+wat\s+voor\s+materiaal\s+dan\s+ook,niet verpakkingen en wegwerpproducten van wat voor materiaal dan ook
[17],Netherlands - Twente Region - Twente Milieu / waste-company guidance,Food-soiled paper / fibre packaging,Rejected,Source-level evidence rejects compostable packaging/items or identifies no accepted organics route.,"\b(napkin|paper\s*towel|pizza\s*box|paper\s*bag|cardboard|kitchen\s*towel|keukenpapier|talouspaperi|lautasliinat|k[üu]chenpapier|paper\s+napkin|carton|serviette)s?\b.{0,140}\b(compost|organic|food waste|biowaste|biotonne|gft|bioj[äa]te|brown\s+bin)\b","keukenpapier, servetten, wc-papier, papieren zakdoekjes niet plastic zakken lege inzamelzakken zakken van textiel bewaarbakjes --- page 3 --- wel/niet gft","tafval Hulpmiddelen bij afvalscheiden Wel Speciale composteerbare gft-inzamelzakken Papier gebruikt om organisch afval (saus, vet, etensresten) op te vegen: keukenpapier, servetten, wc-papier, papieren zakdoekjes Niet Plastic zakken Lege inzamelzakken Zakken van textiel Bewaarbakjes --- Page 3 --- Wel/niet gft-afval | Wel/niet lijst voor gft-afval (GFT, GFT-E, GFE) | Januari 2023 Overig Niet Metalen zoals ijzer, blik, alumin",Rejected,niet\s+verpakkingen\s+en\s+wegwerpproducten\s+van\s+wat\s+voor\s+materiaal\s+dan\s+ook,niet verpakkingen en wegwerpproducten van wat voor materiaal dan ook
[17],Netherlands - Twente Region - Twente Milieu / waste-company guidance,Generic compostable packaging / plastics,Rejected,Source-level evidence rejects compostable packaging/items or identifies no accepted organics route.,"\b(compostable|biodegradable|industrially\s+compostable|certified\s+compostable|bioplastic|bio[- ]?plastic|bioplastics|composteerbaar\w*|kompostierbar\w*|compostabil\w*|biod[ée]gradable\w*|biohajoava|kompostoituva|biolagunev\w*|kompostitav\w*|biolo[šs]ko\s+razgradljiv\w*|kompostowaln\w*|biodegradowaln\w*)\b.{0,140}\b(packaging|plastic|plastics|product|products|material|materials|item|items|verpackungen|kunststoff|emballage|embalagem|imballagg|envase|verpakking|pakend|pakkauks|opakowania|embala[žz]a|obaly|muovi|pakkauks|label|sticker)\w*",bioplastic of composteerbaar plastic (wegwerp)producten en verpakkingen van natuurlijke materialen,"nuari 2023 Overig Niet Metalen zoals ijzer, blik, aluminium Glas Grote stukken of hoeveelheden papier, karton Producten en verpakkingen van plastic, ook niet van bioplastic of composteerbaar plastic (Wegwerp)producten en verpakkingen van natuurlijke materialen, zoals plantenpotten, bakjes, borden, bestek en rietjes van bamboe, kokos, palmblad, mais, (suiker)riet of stro Text",Rejected,niet\s+verpakkingen\s+en\s+wegwerpproducten\s+van\s+wat\s+voor\s+materiaal\s+dan\s+ook,niet verpakkingen en wegwerpproducten van wat voor materiaal dan ook
[18],Belgium - Flanders - OVAM / regional government guidance,Generic compostable packaging / plastics,Rejected,Source-level evidence rejects compostable packaging/items or identifies no accepted organics route.,"\b(compostable|biodegradable|industrially\s+compostable|certified\s+compostable|bioplastic|bio[- ]?plastic|bioplastics|composteerbaar\w*|kompostierbar\w*|compostabil\w*|biod[ée]gradable\w*|biohajoava|kompostoituva|biolagunev\w*|kompostitav\w*|biolo[šs]ko\s+razgradljiv\w*|kompostowaln\w*|biodegradowaln\w*)\b.{0,140}\b(packaging|plastic|plastics|product|products|material|materials|item|items|verpackungen|kunststoff|emballage|embalagem|imballagg|envase|verpakking|pakend|pakkauks|opakowania|embala[žz]a|obaly|muovi|pakkauks|label|sticker)\w*",bioplastics | https://ovam.vlaanderen.be/bioplastics bioplastics hoewel de hoofdmoot van alle kunststoffen,Belgium - Flanders - OVAM / regional government guidance | Bioplastics | https://ovam.vlaanderen.be/bioplastics Bioplastics Hoewel de hoofdmoot van alle kunststoffen gefabriceerd wordt uit fossiele grondstoffen en het gebruik van recyclaat steeds belangrijker wordt bij de fabricage van nieuwe kunststofpr,Rejected,"(ikke|inte|må\s+ikke|skal\s+ikke|ei|ei\s+saa|ei\s+kuulu).{0,180}(komposterbar\w*|bioposer|bioplast|plast|biohajoava\w*|kompostoituva\w*|muovipakkauk\w*|kertak[äa]ytt[öo]astia)","eite is bioplastic geen type plastic, maar een verzamelnaam voor plastics die onderling sterk verschillen. de 'bio' in bioplast"
[19],Belgium - Brussels-Capital Region - Bruxelles-Proprete / municipal sorting rule,Food-service ware / takeaway packaging,Rejected,Source-level evidence rejects compostable packaging/items or identifies no accepted organics route.,\b(food[- ]?service|serviceware|take[- ]?away|takeout|to[- ]?go|catering|event|festival|venue|closed[- ]?loop)\b,takeaway,"racing paper Cardboard with an inner plastic layer Adhesive masking tape / sticky tape Folders / binders made of plastic or including metal Takeaway cardboard coffee cups; Honeycomb paper Paper towels Paper tablecloths, tissues and napkins Diapers / Nappies Paper polluted by: oil, paint,",Rejected,"\b(not\s+accepted|not\s+allowed|do\s+not\s+put|don't\s+put|must\s+not|should\s+not|prohibited|rejected|not\s+permitted|not\s+suitable|cannot|can\s*not|can’t|can't|contamination|contaminant)\b.{0,180}\b(compostable|biodegradable|bioplastic|bio[- ]?plastic|compostable\s+packag|biodegradable\s+packag|serviceware|cup|cutlery)",prohibited. branches with a maximum diameter 8 cm and a maximum length of 1.5 m can be presented for collection in the bundles tied together with a biodegradable
[19],Belgium - Brussels-Capital Region - Bruxelles-Proprete / municipal sorting rule,Food-soiled paper / fibre packaging,Rejected,Source-level evidence rejects compostable packaging/items or identifies no accepted organics route.,\b(food[- ]?soiled|soiled|greasy)\s+(paper|cardboard|fibre|fiber|napkin|paper\s*towel|pizza\s*box|paper\s*bag|food\s*wrapper|takeout\s*container)s?\b,greasy paper,"ing Office paper Waste refused in the “Paper and cardboard waste” category: Tetrapaks Burnt paper Wallpaper Silicone paper Dirty, soiled or greasy paper / cardboard Laminated paper / cardboard Baking paper Cellophane paper Carbon paper Wax paper Heat-resistant or thermal paper Metallized / a",Rejected,"\b(not\s+accepted|not\s+allowed|do\s+not\s+put|don't\s+put|must\s+not|should\s+not|prohibited|rejected|not\s+permitted|not\s+suitable|cannot|can\s*not|can’t|can't|contamination|contaminant)\b.{0,180}\b(compostable|biodegradable|bioplastic|bio[- ]?plastic|compostable\s+packag|biodegradable\s+packag|serviceware|cup|cutlery)",prohibited. branches with a maximum diameter 8 cm and a maximum length of 1.5 m can be presented for collection in the bundles tied together with a biodegradable
[20],France - National - ADEME / government advisory,Food-service ware / takeaway packaging,Rejected,Source-level evidence rejects compostable packaging/items or identifies no accepted organics route.,"\b(cup|plate|bowl|tray|container|cutlery|fork|spoon|knife|straw|lid|stoviglie|posate|bicchieri|piatti|contenitori|kahvimuki|kertak[äa]ytt[öo]astia|vaisselle|gobelets?|assiettes?|couverts?|vasos?|platos?|cubiertos?)\w*\b.{0,140}\b(compostable|biodegradable|compostabil|biodegradabil|organic|umido|compost|biohajoava|kompostoituva)",couverts par la collecte sélective mais ayant accès à des points d'apports volontaires ou à un compost,"poubelle des biodéchets, ceci ne concernant que les bénéficiaires d’une collecte sélective des biodéchets. • Pour les Français n’étant pas couverts par la collecte sélective mais ayant accès à des points d’apports volontaires ou à un composteur domestique, il convient de ne pas y mettre d’emballages ou de produits en plastique, y compris compostable ou biodégradable. Pour autant",Rejected,"(ikke|inte|må\s+ikke|skal\s+ikke|ei|ei\s+saa|ei\s+kuulu).{0,180}(komposterbar\w*|bioposer|bioplast|plast|biohajoava\w*|kompostoituva\w*|muovipakkauk\w*|kertak[äa]ytt[öo]astia)",eil | https://www.ademe.fr/presse/communique-national/avis-de-lademe-les-limites-des-emballages-en-plast
[20],France - National - ADEME / government advisory,Tea/coffee preparation items,Rejected,Source-level evidence rejects compostable packaging/items or identifies no accepted organics route.,\b(tea\s*bag|teabag|coffee\s*filter|coffee\s*(pod|capsule)|k[- ]?cup|espresso\s*capsule|teebeutel|kaffeefilter|theezakjes?|koffiefilters?|sachet[s]?\s+de\s+th[ée]|filtre[s]?\s+.*caf[ée]|capsule[s]?\s+de\s+caf[ée])s?\b,capsules de café,"de certains usages comme les sacs (fournis ou non par la collectivité) utilisés pour la collecte des déchets de cuisine et de table, ou les capsules de café. Limiter l’impact environnemental des emballages compostables en fin de vie : les recommandations de l’ADEME Pour limiter l’impact environn",Rejected,"(ikke|inte|må\s+ikke|skal\s+ikke|ei|ei\s+saa|ei\s+kuulu).{0,180}(komposterbar\w*|bioposer|bioplast|plast|biohajoava\w*|kompostoituva\w*|muovipakkauk\w*|kertak[äa]ytt[öo]astia)",eil | https://www.ademe.fr/presse/communique-national/avis-de-lademe-les-limites-des-emballages-en-plast
[20],France - National - ADEME / government advisory,Generic compostable packaging / plastics,Rejected,Source-level evidence rejects compostable packaging/items or identifies no accepted organics route.,"\b(compostable|biodegradable|industrially\s+compostable|certified\s+compostable|bioplastic|bio[- ]?plastic|bioplastics|composteerbaar\w*|kompostierbar\w*|compostabil\w*|biod[ée]gradable\w*|biohajoava|kompostoituva|biolagunev\w*|kompostitav\w*|biolo[šs]ko\s+razgradljiv\w*|kompostowaln\w*|biodegradowaln\w*)\b.{0,140}\b(packaging|plastic|plastics|product|products|material|materials|item|items|verpackungen|kunststoff|emballage|embalagem|imballagg|envase|verpakking|pakend|pakkauks|opakowania|embala[žz]a|obaly|muovi|pakkauks|label|sticker)\w*",compostable » ne garantit pas que cet emballage,"s et exigences inscrites dans les normes en vigueur, et non une aptitude à se biodégrader dans un milieu naturel. En effet, cette mention « compostable » ne garantit pas que cet emballage abandonné dans la nature parvienne à se biodégrader suffisamment vite dans l’environnement pour ne pas générer d’impacts sur les écosystème",Rejected,"(ikke|inte|må\s+ikke|skal\s+ikke|ei|ei\s+saa|ei\s+kuulu).{0,180}(komposterbar\w*|bioposer|bioplast|plast|biohajoava\w*|kompostoituva\w*|muovipakkauk\w*|kertak[äa]ytt[öo]astia)",eil | https://www.ademe.fr/presse/communique-national/avis-de-lademe-les-limites-des-emballages-en-plast
[21],France - Paris - Ville de Paris / municipal sorting rule,Food-waste liners / collection bags,Accepted,Food-waste liners/collection bags are accepted in the ordinary organics route; certification or compostability wording is treated as product qualification.,"\b(hormis|sauf|except[ée]?|exception).{0,100}sacs?\s+(?:compostables?|biod[ée]gradables?|en\s+papier).{0,120}(d[ée]chets?\s+alimentaires|biod[ée]chets?|mati[èe]res?\s+organiques?)",hormis les sacs compostables servant à jeter vos déchets alimentaires,"photo : Ville de Paris - DPE Attention, la litière pour chat , l es emballages même compostables et/ou biodégradables ne sont pas acceptés (hormis les sacs compostables servant à jeter vos déchets alimentaires) . Il en est de même pour les déchets de préparation liquide tels que les sauces ou les soupes . En effet, les quantités jetées peuvent nui",Collection liners only,hormis\s+les\s+sacs\s+compostables\s+servant\s+[àa]\s+jeter\s+vos\s+d[ée]chets\s+alimentaires,hormis les sacs compostables servant à jeter vos déchets alimentaires
[21],France - Paris - Ville de Paris / municipal sorting rule,Tea/coffee preparation items,Rejected,Source-level rule is liner-only; this broader application category is outside the accepted application scope.,\b(tea\s*bag|teabag|coffee\s*filter|coffee\s*(pod|capsule)|k[- ]?cup|espresso\s*capsule|teebeutel|kaffeefilter|theezakjes?|koffiefilters?|sachet[s]?\s+de\s+th[ée]|filtre[s]?\s+.*caf[ée]|capsule[s]?\s+de\s+caf[ée])s?\b,sachets de thé,"c'est quoi ? Préparation de repas : épluchures de légumes, de fruits, coquilles d'œuf, découpes de viande et de poisson. Fin de repas : les sachets de thé, les filtres à café et les serviettes de table en papier. Restes de repas : tous les restes de légumes, de fruits, les salades, avec ou san",Collection liners only,hormis\s+les\s+sacs\s+compostables\s+servant\s+[àa]\s+jeter\s+vos\s+d[ée]chets\s+alimentaires,hormis les sacs compostables servant à jeter vos déchets alimentaires
[22],France - Lyon Metropole - Metropole de Lyon / municipal sorting rule,Food-waste liners / collection bags,Accepted with conditions,"Food-waste liners are accepted only as official/designated, locally/facility-approved, or otherwise restricted collection items.","(?:d[ée]chets?\s+alimentaires|biod[ée]chets?|d[ée]chets?\s+organiques|mati[èe]res?\s+organiques).{0,140}sacs?\s+(?:compostables?|biod[ée]gradables?|bio|en\s+papier|kraft)","déchets alimentaires sont acceptés dans les bornes à compost, mais seulement les déchets alimentaires, déposés en vrac ou dans des sacs en papier","à compost ? Restes de repas, épluchures, café, thé, coquilles d’œufs, os de poulet, fruits abîmés, produits périmés, pain rassis… Tous les déchets alimentaires sont acceptés dans les bornes à compost, mais seulement les déchets alimentaires, déposés en vrac ou dans des sacs en papier : surtout pas de sac en plastique (même biodégradable) et aucun emballage. Pourquoi est-ce que les consignes sont différentes de celle du c",Collection liners only,"(?:d[ée]chets?\s+alimentaires|biod[ée]chets?|d[ée]chets?\s+organiques|mati[èe]res?\s+organiques).{0,140}sacs?\s+(?:compostables?|biod[ée]gradables?|bio|en\s+papier|kraft)","déchets alimentaires sont acceptés dans les bornes à compost, mais seulement les déchets alimentaires, déposés en vrac ou dans des sacs en papier"
[22],France - Lyon Metropole - Metropole de Lyon / municipal sorting rule,Food-service ware / takeaway packaging,Rejected,Source-level rule is liner-only; this broader application category is outside the accepted application scope.,"\b(cup|plate|bowl|tray|container|cutlery|fork|spoon|knife|straw|lid|stoviglie|posate|bicchieri|piatti|contenitori|kahvimuki|kertak[äa]ytt[öo]astia|vaisselle|gobelets?|assiettes?|couverts?|vasos?|platos?|cubiertos?)\w*\b.{0,140}\b(compostable|biodegradable|compostabil|biodegradabil|organic|umido|compost|biohajoava|kompostoituva)",plateformes de compost,"compost sont collectés par la Métropole ou ses prestataires pour être traités sur des installations spécifiques de valorisation organique (plateformes de compostage). Les déchets alimentaires sont dégradés par des micro-organismes dans ces installations, dans des conditions contrôlées et mécanisées.",Collection liners only,"(?:d[ée]chets?\s+alimentaires|biod[ée]chets?|d[ée]chets?\s+organiques|mati[èe]res?\s+organiques).{0,140}sacs?\s+(?:compostables?|biod[ée]gradables?|bio|en\s+papier|kraft)","déchets alimentaires sont acceptés dans les bornes à compost, mais seulement les déchets alimentaires, déposés en vrac ou dans des sacs en papier"
[22],France - Lyon Metropole - Metropole de Lyon / municipal sorting rule,Tea/coffee preparation items,Rejected,Source-level rule is liner-only; this broader application category is outside the accepted application scope.,\b(tea\s*bag|teabag|coffee\s*filter|coffee\s*(pod|capsule)|k[- ]?cup|espresso\s*capsule|teebeutel|kaffeefilter|theezakjes?|koffiefilters?|sachet[s]?\s+de\s+th[ée]|filtre[s]?\s+.*caf[ée]|capsule[s]?\s+de\s+caf[ée])s?\b,capsule de café,"s, huîtres et autres fruits de mer ? Oui, elles sont prises en charge sur les installations de traitement. Est-ce que vous pouvez mettre la capsule de café en aluminium ? Non, les capsules de café en aluminium sont à déposer dans le bac de tri (bac jaune). Est-ce que vous pouvez mettre la vaiss",Collection liners only,"(?:d[ée]chets?\s+alimentaires|biod[ée]chets?|d[ée]chets?\s+organiques|mati[èe]res?\s+organiques).{0,140}sacs?\s+(?:compostables?|biod[ée]gradables?|bio|en\s+papier|kraft)","déchets alimentaires sont acceptés dans les bornes à compost, mais seulement les déchets alimentaires, déposés en vrac ou dans des sacs en papier"
[22],France - Lyon Metropole - Metropole de Lyon / municipal sorting rule,Food-soiled paper / fibre packaging,Rejected,Source-level rule is liner-only; this broader application category is outside the accepted application scope.,"\b(napkin|paper\s*towel|pizza\s*box|paper\s*bag|cardboard|kitchen\s*towel|keukenpapier|talouspaperi|lautasliinat|k[üu]chenpapier|paper\s+napkin|carton|serviette)s?\b.{0,140}\b(compost|organic|food waste|biowaste|biotonne|gft|bioj[äa]te|brown\s+bin)\b","serviettes en papier, bien que n'étant pas des déchets alimentaires, sont compostables. ils peuvent donc être mis dans les bornes à compost","ée dans les bornes à compost. Est-ce que vous pouvez mettre les mouchoirs en papier ou serviettes en papier ? Les essuie-tout, mouchoirs et serviettes en papier, bien que n’étant pas des déchets alimentaires, sont compostables. Ils peuvent donc être mis dans les bornes à compost, en petite quantité. Est-ce que vous pouvez mettre un bouquet de fleurs fanées ou une petite plante morte ? Ces déchets, bien que n’étant p",Collection liners only,"(?:d[ée]chets?\s+alimentaires|biod[ée]chets?|d[ée]chets?\s+organiques|mati[èe]res?\s+organiques).{0,140}sacs?\s+(?:compostables?|biod[ée]gradables?|bio|en\s+papier|kraft)","déchets alimentaires sont acceptés dans les bornes à compost, mais seulement les déchets alimentaires, déposés en vrac ou dans des sacs en papier"
[22],France - Lyon Metropole - Metropole de Lyon / municipal sorting rule,Generic compostable packaging / plastics,Rejected,Source-level rule is liner-only; this broader application category is outside the accepted application scope.,"\b(compostable|biodegradable|industrially\s+compostable|certified\s+compostable|bioplastic|bio[- ]?plastic|bioplastics|composteerbaar\w*|kompostierbar\w*|compostabil\w*|biod[ée]gradable\w*|biohajoava|kompostoituva|biolagunev\w*|kompostitav\w*|biolo[šs]ko\s+razgradljiv\w*|kompostowaln\w*|biodegradowaln\w*)\b.{0,140}\b(packaging|plastic|plastics|product|products|material|materials|item|items|verpackungen|kunststoff|emballage|embalagem|imballagg|envase|verpakking|pakend|pakkauks|opakowania|embala[žz]a|obaly|muovi|pakkauks|label|sticker)\w*",biodégradable) et aucun emballage,"rnes à compost, mais seulement les déchets alimentaires, déposés en vrac ou dans des sacs en papier : surtout pas de sac en plastique (même biodégradable) et aucun emballage. Pourquoi est-ce que les consignes sont différentes de celle du compostage collectif de proximité ? Les consignes diffèrent entre le compos",Collection liners only,"(?:d[ée]chets?\s+alimentaires|biod[ée]chets?|d[ée]chets?\s+organiques|mati[èe]res?\s+organiques).{0,140}sacs?\s+(?:compostables?|biod[ée]gradables?|bio|en\s+papier|kraft)","déchets alimentaires sont acceptés dans les bornes à compost, mais seulement les déchets alimentaires, déposés en vrac ou dans des sacs en papier"
[23],Italy - Veneto / Contarina - Contarina / waste-management company,Food-waste liners / collection bags,Accepted,"Application is accepted in the ordinary organics route; certification or generic compostability is treated as product qualification, not a scenario restriction.",\b(sac[s]?\s+(compostable|biod[ée]gradable)|sacco\s+compostabile|sacchetti\s+compostabil\w*|bolsa\s+compostable|bolsas\s+compostables|sacos?\s+compost[áa]veis|kompostierbare?\w*\s+(beutel|t[üu]ten|biobeutel)|composteerbare?\w*\s+(zak|zakken|zakjes)|biozak\w*|bioposer|matavfallsp[åa]sar|bioavfallsp[åa]sar|bioj[äa]tepussi|vre[čc]ke|worki|s[áa][čc]ky)\b,sacchetti compostabili,"r lâigiene personale) automotive e trasporti edilizia In tutti i Comuni serviti da Contarina, il rifiuto umido viene raccolto usando solo sacchetti compostabili che vengono forniti alle utenze attraverso i distributori automatici presenti nel territo ---WINDOW--- SPORTELLO ONLINE CERCA Seleziona il",Accepted broadly,"(?:imballagg\w*|stoviglie|posate|bicchieri|piatti).{0,100}compostabil\w*.{0,140}(?:sono\s+ammessi|si\s+possono\s+conferire|vanno\s+gettati|contenitore\s+marrone|nell['’]?umido|organico)","imballaggi in materiale compostabile stoviglie, posate, sacchetti e shopper in materiale compostabile vanno gettati nel contenitore marrone"
[23],Italy - Veneto / Contarina - Contarina / waste-management company,Food-service ware / takeaway packaging,Accepted,"Application is accepted in the ordinary organics route; certification or generic compostability is treated as product qualification, not a scenario restriction.","\b(cup|plate|bowl|tray|container|cutlery|fork|spoon|knife|straw|lid|stoviglie|posate|bicchieri|piatti|contenitori|kahvimuki|kertak[äa]ytt[öo]astia|vaisselle|gobelets?|assiettes?|couverts?|vasos?|platos?|cubiertos?)\w*\b.{0,140}\b(compostable|biodegradable|compostabil|biodegradabil|organic|umido|compost|biohajoava|kompostoituva)","stoviglie, posate, sacchetti e shopper in materiale compostabile vanno gettati nel contenitore marrone dellâumido","Mercati Easy Servizi per la collettivitÃ Tariffa Fatture e pagamenti ModalitÃ di pagamento Sacchetti e imballaggi in materiale compostabile Stoviglie, posate, sacchetti e shopper in materiale compostabile vanno gettati nel contenitore marrone dellâumido. Questi prodotti sono fatti di bioplastica , ovvero sono creati lavorando sostanze provenienti principalmente dal mondo dei cereali, come a",Accepted broadly,"(?:imballagg\w*|stoviglie|posate|bicchieri|piatti).{0,100}compostabil\w*.{0,140}(?:sono\s+ammessi|si\s+possono\s+conferire|vanno\s+gettati|contenitore\s+marrone|nell['’]?umido|organico)","imballaggi in materiale compostabile stoviglie, posate, sacchetti e shopper in materiale compostabile vanno gettati nel contenitore marrone"
[23],Italy - Veneto / Contarina - Contarina / waste-management company,Shopping/produce bags,Accepted,"Application is accepted in the ordinary organics route; certification or generic compostability is treated as product qualification, not a scenario restriction.",\b(produce\s*bag|fruit\s*(and|&|/)\s*vegetable\s*bag|vegetable\s*bag|carrier\s*bag|shopping\s*bag|checkout\s*bag|very\s*lightweight\s*plastic\s*bag|retail\s*bag|sacchetti\s+per\s+frutta\s+e\s+verdura|shopper)s?\b,shopper,"lettivitÃ Tariffa Fatture e pagamenti ModalitÃ di pagamento Sacchetti e imballaggi in materiale compostabile Stoviglie, posate, sacchetti e shopper in materiale compostabile vanno gettati nel contenitore marrone dellâumido. Questi prodotti sono fatti di bioplastica , ovvero sono creat",Accepted broadly,"(?:imballagg\w*|stoviglie|posate|bicchieri|piatti).{0,100}compostabil\w*.{0,140}(?:sono\s+ammessi|si\s+possono\s+conferire|vanno\s+gettati|contenitore\s+marrone|nell['’]?umido|organico)","imballaggi in materiale compostabile stoviglie, posate, sacchetti e shopper in materiale compostabile vanno gettati nel contenitore marrone"
[23],Italy - Veneto / Contarina - Contarina / waste-management company,Generic compostable packaging / plastics,Accepted,"Application is accepted in the ordinary organics route; certification or generic compostability is treated as product qualification, not a scenario restriction.","\b(compostable|biodegradable|industrially\s+compostable|certified\s+compostable|bioplastic|bio[- ]?plastic|bioplastics|composteerbaar\w*|kompostierbar\w*|compostabil\w*|biod[ée]gradable\w*|biohajoava|kompostoituva|biolagunev\w*|kompostitav\w*|biolo[šs]ko\s+razgradljiv\w*|kompostowaln\w*|biodegradowaln\w*)\b.{0,140}\b(packaging|plastic|plastics|product|products|material|materials|item|items|verpackungen|kunststoff|emballage|embalagem|imballagg|envase|verpakking|pakend|pakkauks|opakowania|embala[žz]a|obaly|muovi|pakkauks|label|sticker)\w*",compostabile raccolta olio alimentare servizio mercati easy servizi per la collettivitã tariffa fatture e pagamenti modalitã di pagamento sacchetti e imballaggi,"entro Orari EcoCentro Mappa EcoCentri Punti Contarina Orari EcoSportello mappa EcoSportelli ContarinApp Sacchetti e imballaggi in materiale compostabile Raccolta olio alimentare Servizio Mercati Easy Servizi per la collettivitÃ Tariffa Fatture e pagamenti ModalitÃ di pagamento Sacchetti e imballaggi in materiale compostabile Stoviglie, posate, sacchetti e shopper in materiale compostabile vanno gettati nel contenitore marrone dellâumi",Accepted broadly,"(?:imballagg\w*|stoviglie|posate|bicchieri|piatti).{0,100}compostabil\w*.{0,140}(?:sono\s+ammessi|si\s+possono\s+conferire|vanno\s+gettati|contenitore\s+marrone|nell['’]?umido|organico)","imballaggi in materiale compostabile stoviglie, posate, sacchetti e shopper in materiale compostabile vanno gettati nel contenitore marrone"
[24],Italy - National - Italian national bag rules / government-policy evidence,Shopping/produce bags,Unclear or not stated,"Application is mentioned, but no explicit application-level acceptance or rejection decision is stated.",\b(produce\s*bag|fruit\s*(and|&|/)\s*vegetable\s*bag|vegetable\s*bag|carrier\s*bag|shopping\s*bag|checkout\s*bag|very\s*lightweight\s*plastic\s*bag|retail\s*bag|sacchetti\s+per\s+frutta\s+e\s+verdura|shopper)s?\b,sacchetti per frutta e verdura,"ltre dotati di un codice seguito da un numero (Sxxx o 7wxx) riferito a ogni azienda produttrice che deve assicurare anche la tracciabilità. Sacchetti per frutta e verdura Il Ministero competente, non si è ancora espresso in merito ai sacchetti di plastica (di solito trasparenti) messi a disposizione all’inter",No explicit compostable-packaging rule,,
[24],Italy - National - Italian national bag rules / government-policy evidence,Generic compostable packaging / plastics,Unclear or not stated,"Application is mentioned, but no explicit application-level acceptance or rejection decision is stated.","\b(compostable|biodegradable|industrially\s+compostable|certified\s+compostable|bioplastic|bio[- ]?plastic|bioplastics|composteerbaar\w*|kompostierbar\w*|compostabil\w*|biod[ée]gradable\w*|biohajoava|kompostoituva|biolagunev\w*|kompostitav\w*|biolo[šs]ko\s+razgradljiv\w*|kompostowaln\w*|biodegradowaln\w*)\b.{0,140}\b(packaging|plastic|plastics|product|products|material|materials|item|items|verpackungen|kunststoff|emballage|embalagem|imballagg|envase|verpakking|pakend|pakkauks|opakowania|embala[žz]a|obaly|muovi|pakkauks|label|sticker)\w*","compostabili, anche se ceduti a titolo gratuito. le sanzioni pecuniarie previste riguardano la commercializzazione di sacchetti per la spesa in plastica","vigore dal 21 agosto 2014, le sanzioni per la commercializzazione di sacchetti di plastica monouso per l’asporto merci non biodegradabili e compostabili, anche se ceduti a titolo gratuito. Le sanzioni pecuniarie previste riguardano la commercializzazione di sacchetti per la spesa in plastica , ad eccezione di quelli monouso biodegradabili e compostabili secondo la norma UNI EN 13432:2002 e di quelli riutilizzabili secondo precis",No explicit compostable-packaging rule,,
[26],Italy - Monza - Comune di Monza / MonzaPulita / municipal sorting rule,Food-service ware / takeaway packaging,Accepted,"Application is accepted in the ordinary organics route; certification or generic compostability is treated as product qualification, not a scenario restriction.","\b(cup|plate|bowl|tray|container|cutlery|fork|spoon|knife|straw|lid|stoviglie|posate|bicchieri|piatti|contenitori|kahvimuki|kertak[äa]ytt[öo]astia|vaisselle|gobelets?|assiettes?|couverts?|vasos?|platos?|cubiertos?)\w*\b.{0,140}\b(compostable|biodegradable|compostabil|biodegradabil|organic|umido|compost|biohajoava|kompostoituva)","piatti, bicchieri e posate biodegradabili e compostabili (in bio-plastica o in cartoncino) e con marchio ok compost/compostabile cic, - shopper biodegradabil","le tisane e della camomilla, fondi di caffè, - capsule del caffè biodegradabili e compostabili, - tovaglioli di carta e tappi di sughero, - piatti, bicchieri e posate biodegradabili e compostabili (in bio-plastica o in cartoncino) e con marchio Ok compost/compostabile CIC, - shopper biodegradabili e compostabili, - fiammiferi e ceneri dei caminetti purché ben spente, - stuzzicadenti di legno, - imballaggi in cartoncino (tipo quelli d",Accepted broadly,"(?:piatti,\s*bicchieri\s+e\s+posate\s+biodegradabili\s+e\s+compostabili|capsule\s+del\s+caff[èe]\s+biodegradabili\s+e\s+compostabili).{0,220}(?:marchio\s+ok\s+compost|compostabile\s+cic|umido|organico)","capsule del caffè biodegradabili e compostabili, - tovaglioli di carta e tappi di sughero, - piatti, bicchieri e posate biodegradabili e compostabili (in bio-plastica o in cartoncino) e con marchio ok compost/compostabile cic"
[26],Italy - Monza - Comune di Monza / MonzaPulita / municipal sorting rule,Shopping/produce bags,Accepted,"Application is accepted in the ordinary organics route; certification or generic compostability is treated as product qualification, not a scenario restriction.",\b(produce\s*bag|fruit\s*(and|&|/)\s*vegetable\s*bag|vegetable\s*bag|carrier\s*bag|shopping\s*bag|checkout\s*bag|very\s*lightweight\s*plastic\s*bag|retail\s*bag|sacchetti\s+per\s+frutta\s+e\s+verdura|shopper)s?\b,shopper,", - piatti, bicchieri e posate biodegradabili e compostabili (in bio-plastica o in cartoncino) e con marchio Ok compost/compostabile CIC, - shopper biodegradabili e compostabili, - fiammiferi e ceneri dei caminetti purché ben spente, - stuzzicadenti di legno, - imballaggi in cartoncino",Accepted broadly,"(?:piatti,\s*bicchieri\s+e\s+posate\s+biodegradabili\s+e\s+compostabili|capsule\s+del\s+caff[èe]\s+biodegradabili\s+e\s+compostabili).{0,220}(?:marchio\s+ok\s+compost|compostabile\s+cic|umido|organico)","capsule del caffè biodegradabili e compostabili, - tovaglioli di carta e tappi di sughero, - piatti, bicchieri e posate biodegradabili e compostabili (in bio-plastica o in cartoncino) e con marchio ok compost/compostabile cic"
[26],Italy - Monza - Comune di Monza / MonzaPulita / municipal sorting rule,Generic compostable packaging / plastics,Accepted,"Application is accepted in the ordinary organics route; certification or generic compostability is treated as product qualification, not a scenario restriction.","\b(compostable|biodegradable|industrially\s+compostable|certified\s+compostable|bioplastic|bio[- ]?plastic|bioplastics|composteerbaar\w*|kompostierbar\w*|compostabil\w*|biod[ée]gradable\w*|biohajoava|kompostoituva|biolagunev\w*|kompostitav\w*|biolo[šs]ko\s+razgradljiv\w*|kompostowaln\w*|biodegradowaln\w*)\b.{0,140}\b(packaging|plastic|plastics|product|products|material|materials|item|items|verpackungen|kunststoff|emballage|embalagem|imballagg|envase|verpakking|pakend|pakkauks|opakowania|embala[žz]a|obaly|muovi|pakkauks|label|sticker)\w*","compostabili, - tovaglioli di carta e tappi di sughero, - piatti, bicchieri e posate biodegradabili e compostabili (in bio-plastica","i, - pane raffermo. Altro da cucina: - filtri del the, delle tisane e della camomilla, fondi di caffè, - capsule del caffè biodegradabili e compostabili, - tovaglioli di carta e tappi di sughero, - piatti, bicchieri e posate biodegradabili e compostabili (in bio-plastica o in cartoncino) e con marchio Ok compost/compostabile CIC, - shopper biodegradabili e compostabili, - fiammiferi e ceneri dei caminetti pu",Accepted broadly,"(?:piatti,\s*bicchieri\s+e\s+posate\s+biodegradabili\s+e\s+compostabili|capsule\s+del\s+caff[èe]\s+biodegradabili\s+e\s+compostabili).{0,220}(?:marchio\s+ok\s+compost|compostabile\s+cic|umido|organico)","capsule del caffè biodegradabili e compostabili, - tovaglioli di carta e tappi di sughero, - piatti, bicchieri e posate biodegradabili e compostabili (in bio-plastica o in cartoncino) e con marchio ok compost/compostabile cic"
[27],Italy - Buccinasco - Comune di Buccinasco / municipal sorting rule,Food-waste liners / collection bags,Rejected,Source-level evidence rejects compostable packaging/items or identifies no accepted organics route.,\b(sac[s]?\s+(compostable|biod[ée]gradable)|sacco\s+compostabile|sacchetti\s+compostabil\w*|bolsa\s+compostable|bolsas\s+compostables|sacos?\s+compost[áa]veis|kompostierbare?\w*\s+(beutel|t[üu]ten|biobeutel)|composteerbare?\w*\s+(zak|zakken|zakjes)|biozak\w*|bioposer|matavfallsp[åa]sar|bioavfallsp[åa]sar|bioj[äa]tepussi|vre[čc]ke|worki|s[áa][čc]ky)\b,sacchetti compostabili,"olta differenziata, utilizzando le buste giuste, sono state installate in accordo con AMSA tre macchine per la distribuzione automatica dei sacchetti compostabili”, racconta Rosa Palone, assessora alle Politiche ambientali del Comune di Buccinasco. “Ogni nucleo familiare ha diritto a ritirare ogni ann",Rejected,"(ikke|inte|må\s+ikke|skal\s+ikke|ei|ei\s+saa|ei\s+kuulu).{0,180}(komposterbar\w*|bioposer|bioplast|plast|biohajoava\w*|kompostoituva\w*|muovipakkauk\w*|kertak[äa]ytt[öo]astia)",interrotto se si usano i sacchetti sbagliati. gettare l'umido nel cassonetto insieme a un sacchetto di plast
[27],Italy - Buccinasco - Comune di Buccinasco / municipal sorting rule,Food-service ware / takeaway packaging,Rejected,Source-level evidence rejects compostable packaging/items or identifies no accepted organics route.,"\b(cup|plate|bowl|tray|container|cutlery|fork|spoon|knife|straw|lid|stoviglie|posate|bicchieri|piatti|contenitori|kahvimuki|kertak[äa]ytt[öo]astia|vaisselle|gobelets?|assiettes?|couverts?|vasos?|platos?|cubiertos?)\w*\b.{0,140}\b(compostable|biodegradable|compostabil|biodegradabil|organic|umido|compost|biohajoava|kompostoituva)","bicchieri, stoviglie, imballaggi compostabili e in bioplastica trasparente (pla) o non trasparente e in cartoncino accoppiato certificati compostabil","sia sopra la scritta ‘compostabile’. Buste per pane e sandwich in bioplastica o carta e bioplastica. Capsule, cialde e filtri compostabili, bicchieri, stoviglie, imballaggi compostabili e in bioplastica trasparente (PLA) o non trasparente e in cartoncino accoppiato certificati compostabili. --- NELLE NOSTRE CASE VIVE UNA PERSONA IN PIÙ: IL CESTINO SI ‘MANGIA’ DUE CHILI DI CIBO A SETTIMANA (Giugno 2024) Ogni cittadino getta ne",Rejected,"(ikke|inte|må\s+ikke|skal\s+ikke|ei|ei\s+saa|ei\s+kuulu).{0,180}(komposterbar\w*|bioposer|bioplast|plast|biohajoava\w*|kompostoituva\w*|muovipakkauk\w*|kertak[äa]ytt[öo]astia)",interrotto se si usano i sacchetti sbagliati. gettare l'umido nel cassonetto insieme a un sacchetto di plast
[27],Italy - Buccinasco - Comune di Buccinasco / municipal sorting rule,Flexible films/wraps/pouches,Rejected,Source-level evidence rejects compostable packaging/items or identifies no accepted organics route.,"\b(mailer|postal\s*bag|e[- ]?commerce\s*packaging|garment\s*bag|poly\s*bag|protective\s*film|stretch\s*film|shrink\s*film|wrapper|wrap|pouch|pouches|wikkels|films?|folien|buste)\w*\b.{0,160}\b(compostable|biodegradable|bioplastic|compostabil|biodegradabil|organic waste|compost|brown\s+bin|green\s+cart)","buste giuste, sono state installate in accordo con amsa tre macchine per la distribuzione automatica dei sacchetti compostabil","di cui un sacchetto è fatto, meglio non rischiare. “Per aiutare i cittadini a fare correttamente la raccolta differenziata, utilizzando le buste giuste, sono state installate in accordo con AMSA tre macchine per la distribuzione automatica dei sacchetti compostabili”, racconta Rosa Palone, assessora alle Politiche ambientali del Comune di Buccinasco. “Ogni nucleo familiare ha diritto a ritirare ogni an",Rejected,"(ikke|inte|må\s+ikke|skal\s+ikke|ei|ei\s+saa|ei\s+kuulu).{0,180}(komposterbar\w*|bioposer|bioplast|plast|biohajoava\w*|kompostoituva\w*|muovipakkauk\w*|kertak[äa]ytt[öo]astia)",interrotto se si usano i sacchetti sbagliati. gettare l'umido nel cassonetto insieme a un sacchetto di plast
[27],Italy - Buccinasco - Comune di Buccinasco / municipal sorting rule,Generic compostable packaging / plastics,Rejected,Source-level evidence rejects compostable packaging/items or identifies no accepted organics route.,"\b(compostable|biodegradable|industrially\s+compostable|certified\s+compostable|bioplastic|bio[- ]?plastic|bioplastics|composteerbaar\w*|kompostierbar\w*|compostabil\w*|biod[ée]gradable\w*|biohajoava|kompostoituva|biolagunev\w*|kompostitav\w*|biolo[šs]ko\s+razgradljiv\w*|kompostowaln\w*|biodegradowaln\w*)\b.{0,140}\b(packaging|plastic|plastics|product|products|material|materials|item|items|verpackungen|kunststoff|emballage|embalagem|imballagg|envase|verpakking|pakend|pakkauks|opakowania|embala[žz]a|obaly|muovi|pakkauks|label|sticker)\w*",compostabili. utilizzare buste di plastica è il modo migliore per ricevere una sanzione e fare un danno all'ambiente. e se si è nel dubbio sul materiale,"cchetto di plastica rende irrecuperabile l’intero contenuto. Per conferire la frazione umida occorre infatti utilizzare sacchetti che siano compostabili. Utilizzare buste di plastica è il modo migliore per ricevere una sanzione e fare un danno all’ambiente. E se si è nel dubbio sul materiale di cui un sacchetto è fatto, meglio non rischiare. “Per aiutare i cittadini a fare correttamente la raccolta differenziata, utilizzando le",Rejected,"(ikke|inte|må\s+ikke|skal\s+ikke|ei|ei\s+saa|ei\s+kuulu).{0,180}(komposterbar\w*|bioposer|bioplast|plast|biohajoava\w*|kompostoituva\w*|muovipakkauk\w*|kertak[äa]ytt[öo]astia)",interrotto se si usano i sacchetti sbagliati. gettare l'umido nel cassonetto insieme a un sacchetto di plast
[28],Italy - Perugia - Comune di Perugia / GESENU / waste-company guidance,Food-service ware / takeaway packaging,Rejected,Source-level evidence rejects compostable packaging/items or identifies no accepted organics route.,"\b(cup|plate|bowl|tray|container|cutlery|fork|spoon|knife|straw|lid|stoviglie|posate|bicchieri|piatti|contenitori|kahvimuki|kertak[äa]ytt[öo]astia|vaisselle|gobelets?|assiettes?|couverts?|vasos?|platos?|cubiertos?)\w*\b.{0,140}\b(compostable|biodegradable|compostabil|biodegradabil|organic|umido|compost|biohajoava|kompostoituva)","posate, bicchieri e stoviglie compostabili capsule del caffè compostabil","la tutti gli imballaggi in bioplastica compostabile insieme alla frazione organica. Buste per la spesa Sacchetti per la frutta e la verdura Posate, bicchieri e stoviglie compostabili Capsule del caffè compostabili Vaschette, pellicole estendibili e retine ! Gli IMBALLAGGI in BIOPLASTICA compostabile Fai girare la BIOECONOMIA --- Page 4 --- Perchè è i",Rejected,"(ikke|inte|må\s+ikke|skal\s+ikke|ei|ei\s+saa|ei\s+kuulu).{0,180}(komposterbar\w*|bioposer|bioplast|plast|biohajoava\w*|kompostoituva\w*|muovipakkauk\w*|kertak[äa]ytt[öo]astia)","ei rifiuti umidi organici. • non usare i sacchetti in bioplastica compostabile per raccogliere carta, plastica, vetro, metalli o l'indifferenziato. • ricicla tutti gli imballaggi in bioplast"
[28],Italy - Perugia - Comune di Perugia / GESENU / waste-company guidance,Flexible films/wraps/pouches,Rejected,Source-level evidence rejects compostable packaging/items or identifies no accepted organics route.,"\b(mailer|postal\s*bag|e[- ]?commerce\s*packaging|garment\s*bag|poly\s*bag|protective\s*film|stretch\s*film|shrink\s*film|wrapper|wrap|pouch|pouches|wikkels|films?|folien|buste)\w*\b.{0,160}\b(compostable|biodegradable|bioplastic|compostabil|biodegradabil|organic waste|compost|brown\s+bin|green\s+cart)",buste per la spesa sacchetti per la fr ---window--- --- page 1 --- cos'è la bioplastica compostabile? la bioplastica compostabil,"a, plastica, vetro, metalli o l’indifferenziato. • Ricicla tutti gli imballaggi in bioplastica compostabile insieme alla frazione organica. Buste per la spesa Sacchetti per la fr ---WINDOW--- --- Page 1 --- Cos’è la BIOPLASTICA COMPOSTABILE? La bioplastica compostabile è un materiale innovativo, un’alternativa sostenibile alla plastica tradizionale. Riciclala correttamente con i rifiuti umidi organici e d",Rejected,"(ikke|inte|må\s+ikke|skal\s+ikke|ei|ei\s+saa|ei\s+kuulu).{0,180}(komposterbar\w*|bioposer|bioplast|plast|biohajoava\w*|kompostoituva\w*|muovipakkauk\w*|kertak[äa]ytt[öo]astia)","ei rifiuti umidi organici. • non usare i sacchetti in bioplastica compostabile per raccogliere carta, plastica, vetro, metalli o l'indifferenziato. • ricicla tutti gli imballaggi in bioplast"
[28],Italy - Perugia - Comune di Perugia / GESENU / waste-company guidance,Generic compostable packaging / plastics,Rejected,Source-level evidence rejects compostable packaging/items or identifies no accepted organics route.,"\b(compostable|biodegradable|industrially\s+compostable|certified\s+compostable|bioplastic|bio[- ]?plastic|bioplastics|composteerbaar\w*|kompostierbar\w*|compostabil\w*|biod[ée]gradable\w*|biohajoava|kompostoituva|biolagunev\w*|kompostitav\w*|biolo[šs]ko\s+razgradljiv\w*|kompostowaln\w*|biodegradowaln\w*)\b.{0,140}\b(packaging|plastic|plastics|product|products|material|materials|item|items|verpackungen|kunststoff|emballage|embalagem|imballagg|envase|verpakking|pakend|pakkauks|opakowania|embala[žz]a|obaly|muovi|pakkauks|label|sticker)\w*","compostabile è un materiale innovativo, un'alternativa sostenibile alla plastica","-company guidance | --- Page 1 --- | https://www.gesenu.it/MC-API/Risorse/StreamRisorsa.ashx?guid=d8fcef3f-5545-4da8-af7a-ad2377785c31 tica compostabile è un materiale innovativo, un’alternativa sostenibile alla plastica tradizionale. Riciclala correttamente con i rifiuti umidi organici e diventerà compost: un prezioso nutrimento per il nostro terreno. Comun",Rejected,"(ikke|inte|må\s+ikke|skal\s+ikke|ei|ei\s+saa|ei\s+kuulu).{0,180}(komposterbar\w*|bioposer|bioplast|plast|biohajoava\w*|kompostoituva\w*|muovipakkauk\w*|kertak[äa]ytt[öo]astia)","ei rifiuti umidi organici. • non usare i sacchetti in bioplastica compostabile per raccogliere carta, plastica, vetro, metalli o l'indifferenziato. • ricicla tutti gli imballaggi in bioplast"
[29],Italy - Salerno - Salerno Pulita S.p.A. / waste-company guidance,Food-service ware / takeaway packaging,Rejected,Source-level evidence rejects compostable packaging/items or identifies no accepted organics route.,"\b(cup|plate|bowl|tray|container|cutlery|fork|spoon|knife|straw|lid|stoviglie|posate|bicchieri|piatti|contenitori|kahvimuki|kertak[äa]ytt[öo]astia|vaisselle|gobelets?|assiettes?|couverts?|vasos?|platos?|cubiertos?)\w*\b.{0,140}\b(compostable|biodegradable|compostabil|biodegradabil|organic|umido|compost|biohajoava|kompostoituva)","stoviglie monouso, contenitori per alimenti, posate e molto altro: sono davvero tanti i prodotti in bioplastica compostabil","si oggetti di uso comune facili da smaltire e rispettosi dell’ambiente Gli imballaggi in bioplastica compostabile... Sacchetti della spesa, stoviglie monouso, contenitori per alimenti, posate e molto altro: sono davvero tanti i prodotti in bioplastica compostabile che utilizziamo ogni giorno e che dobbiamo imparare a riconoscere per una corretta raccolta differenziata . Solo la bioplastica compostabi",Rejected,"(ikke|inte|må\s+ikke|skal\s+ikke|ei|ei\s+saa|ei\s+kuulu).{0,180}(komposterbar\w*|bioposer|bioplast|plast|biohajoava\w*|kompostoituva\w*|muovipakkauk\w*|kertak[äa]ytt[öo]astia)",ei cittadini che separano gli scarti organici e riciclano gli imballaggi in bioplast
[29],Italy - Salerno - Salerno Pulita S.p.A. / waste-company guidance,Generic compostable packaging / plastics,Rejected,Source-level evidence rejects compostable packaging/items or identifies no accepted organics route.,"\b(compostable|biodegradable|industrially\s+compostable|certified\s+compostable|bioplastic|bio[- ]?plastic|bioplastics|composteerbaar\w*|kompostierbar\w*|compostabil\w*|biod[ée]gradable\w*|biohajoava|kompostoituva|biolagunev\w*|kompostitav\w*|biolo[šs]ko\s+razgradljiv\w*|kompostowaln\w*|biodegradowaln\w*)\b.{0,140}\b(packaging|plastic|plastics|product|products|material|materials|item|items|verpackungen|kunststoff|emballage|embalagem|imballagg|envase|verpakking|pakend|pakkauks|opakowania|embala[žz]a|obaly|muovi|pakkauks|label|sticker)\w*",compostabile/ home bioplastica compostabile? benvenuta nell'organico! bioplastica compostabile? benvenuta nell'organico! questa non è la solita plastica,"Italy - Salerno - Salerno Pulita S.p.A. / waste-company guidance | Home | https://www.salernopulita.it/campagna-bioplastica-compostabile/ Home Bioplastica compostabile? Benvenuta nell’organico! Bioplastica compostabile? Benvenuta nell’organico! QUESTA NON È LA SOLITA PLASTICA Non fermarsi alle apparenze è importante. Spesso può capitare di confondere la bioplastica compostabile con la plastica tradizionale ma, in",Rejected,"(ikke|inte|må\s+ikke|skal\s+ikke|ei|ei\s+saa|ei\s+kuulu).{0,180}(komposterbar\w*|bioposer|bioplast|plast|biohajoava\w*|kompostoituva\w*|muovipakkauk\w*|kertak[äa]ytt[öo]astia)",ei cittadini che separano gli scarti organici e riciclano gli imballaggi in bioplast
[30],Italy - Borgo Virgilio - Comune di Borgo Virgilio / municipal sorting rule,Food-service ware / takeaway packaging,Rejected,Source-level rule is liner-only; this broader application category is outside the accepted application scope.,"\b(cup|plate|bowl|tray|container|cutlery|fork|spoon|knife|straw|lid|stoviglie|posate|bicchieri|piatti|contenitori|kahvimuki|kertak[äa]ytt[öo]astia|vaisselle|gobelets?|assiettes?|couverts?|vasos?|platos?|cubiertos?)\w*\b.{0,140}\b(compostable|biodegradable|compostabil|biodegradabil|organic|umido|compost|biohajoava|kompostoituva)",contenitori dell'umido (o rifiuti organici): come gli scarti vegetali potranno essere compost,ntale davvero molto ridotto. Solo questi sacchetti possono essere inseriti nella compostiera o utilizzati nella raccolta differenziata come contenitori dell’umido (o rifiuti organici): come gli scarti vegetali potranno essere compostati e trasformati in terriccio fertile. Guardando il sacchetto bisogna fare riferimento alla dicitura di conformità della norma EN13432:200,Collection liners only,si\s+possono\s+utilizzare\s+solo\s+sacchetti\s+biodegradabili\s+compostabili,si possono utilizzare solo sacchetti biodegradabili compostabili
[30],Italy - Borgo Virgilio - Comune di Borgo Virgilio / municipal sorting rule,Shopping/produce bags,Rejected,Source-level rule is liner-only; this broader application category is outside the accepted application scope.,\b(produce\s*bag|fruit\s*(and|&|/)\s*vegetable\s*bag|vegetable\s*bag|carrier\s*bag|shopping\s*bag|checkout\s*bag|very\s*lightweight\s*plastic\s*bag|retail\s*bag|sacchetti\s+per\s+frutta\s+e\s+verdura|shopper)s?\b,shopper,"ono decomporsi, in un determinato lasso di tempo entro 6 mesi, in elementi più semplici organici e in parte sintetici. Per questo motivo le shopper biodegradabili non devono essere assolutamente riutilizzate per la raccolta dei rifiuti umidi. I sacchetti biodegradabili compostabili inve",Collection liners only,si\s+possono\s+utilizzare\s+solo\s+sacchetti\s+biodegradabili\s+compostabili,si possono utilizzare solo sacchetti biodegradabili compostabili
[30],Italy - Borgo Virgilio - Comune di Borgo Virgilio / municipal sorting rule,Flexible films/wraps/pouches,Rejected,Source-level rule is liner-only; this broader application category is outside the accepted application scope.,"\b(mailer|postal\s*bag|e[- ]?commerce\s*packaging|garment\s*bag|poly\s*bag|protective\s*film|stretch\s*film|shrink\s*film|wrapper|wrap|pouch|pouches|wikkels|films?|folien|buste)\w*\b.{0,160}\b(compostable|biodegradable|bioplastic|compostabil|biodegradabil|organic waste|compost|brown\s+bin|green\s+cart)",buste della spesa compostabil,"li invece sono “mollicci“ al tatto, ottenuti a partire da sostanze vegetali. In particolare il materiale più utilizzato per la produzione d buste della spesa compostabili è il Mater-Bi, un derivato del Mais , ma sono ottenuti anche da amido di patata o poliestere. Trattandosi dunque di prodotti di origine ve",Collection liners only,si\s+possono\s+utilizzare\s+solo\s+sacchetti\s+biodegradabili\s+compostabili,si possono utilizzare solo sacchetti biodegradabili compostabili
[30],Italy - Borgo Virgilio - Comune di Borgo Virgilio / municipal sorting rule,Generic compostable packaging / plastics,Rejected,Source-level rule is liner-only; this broader application category is outside the accepted application scope.,"\b(compostable|biodegradable|industrially\s+compostable|certified\s+compostable|bioplastic|bio[- ]?plastic|bioplastics|composteerbaar\w*|kompostierbar\w*|compostabil\w*|biod[ée]gradable\w*|biohajoava|kompostoituva|biolagunev\w*|kompostitav\w*|biolo[šs]ko\s+razgradljiv\w*|kompostowaln\w*|biodegradowaln\w*)\b.{0,140}\b(packaging|plastic|plastics|product|products|material|materials|item|items|verpackungen|kunststoff|emballage|embalagem|imballagg|envase|verpakking|pakend|pakkauks|opakowania|embala[žz]a|obaly|muovi|pakkauks|label|sticker)\w*","compostabili invece sono “mollicci“ al tatto, ottenuti a partire da sostanze vegetali. in particolare il materiale","motivo le shopper biodegradabili non devono essere assolutamente riutilizzate per la raccolta dei rifiuti umidi. I sacchetti biodegradabili compostabili invece sono “mollicci“ al tatto, ottenuti a partire da sostanze vegetali. In particolare il materiale più utilizzato per la produzione d buste della spesa compostabili è il Mater-Bi, un derivato del Mais , ma sono ottenuti anche da amido di",Collection liners only,si\s+possono\s+utilizzare\s+solo\s+sacchetti\s+biodegradabili\s+compostabili,si possono utilizzare solo sacchetti biodegradabili compostabili
[31],Spain - Madrid - Ayuntamiento de Madrid / municipal FAQ,Food-waste liners / collection bags,Accepted,Food-waste liners/collection bags are accepted in the ordinary organics route; certification or compostability wording is treated as product qualification.,"bolsas?\s+(?:compostables?|biodegradables?).{0,120}\b(?:se\s+(?:pueden|deben)\s+usar|se\s+aceptan|depositar|recoger|usar|utilizar|recomendable|obligatorio)\b.{0,140}(org[áa]nic[ao]s?|biorresiduos?|residuos?\s+alimentarios|contenedor\s+marr[oó]n)","bolsas biodegradables? ¿puedo usar bolsas de plástico? no es obligatorio usar bolsas biodegradables pero es recomendable. al ser más transpirables, evitan que se acumulen los líquidos que contienen los restos orgánicos","de los mismos y reduciendo así los olores y la acumulación de líquidos en el fondo de la bolsa. ¿Para tirar la orgánica es obligatorio usar bolsas biodegradables? ¿Puedo usar bolsas de plástico? No es obligatorio usar bolsas biodegradables pero es recomendable. Al ser más transpirables, evitan que se acumulen los líquidos que contienen los restos orgánicos, haciendo más cómodo su traslado. Además, como su nombre indica, se degradan junto con la materia orgánica, de manera que una vez en la pl",Collection liners only,"bolsas?\s+(?:compostables?|biodegradables?).{0,120}\b(?:se\s+(?:pueden|deben)\s+usar|se\s+aceptan|depositar|recoger|usar|utilizar|recomendable|obligatorio)\b.{0,140}(org[áa]nic[ao]s?|biorresiduos?|residuos?\s+alimentarios|contenedor\s+marr[oó]n)","bolsas biodegradables? ¿puedo usar bolsas de plástico? no es obligatorio usar bolsas biodegradables pero es recomendable. al ser más transpirables, evitan que se acumulen los líquidos que contienen los restos orgánicos"
[31],Spain - Madrid - Ayuntamiento de Madrid / municipal FAQ,Generic compostable packaging / plastics,Rejected,Source-level rule is liner-only; this broader application category is outside the accepted application scope.,"\b(compostable|biodegradable|industrially\s+compostable|certified\s+compostable|bioplastic|bio[- ]?plastic|bioplastics|composteerbaar\w*|kompostierbar\w*|compostabil\w*|biod[ée]gradable\w*|biohajoava|kompostoituva|biolagunev\w*|kompostitav\w*|biolo[šs]ko\s+razgradljiv\w*|kompostowaln\w*|biodegradowaln\w*)\b.{0,140}\b(packaging|plastic|plastics|product|products|material|materials|item|items|verpackungen|kunststoff|emballage|embalagem|imballagg|envase|verpakking|pakend|pakkauks|opakowania|embala[žz]a|obaly|muovi|pakkauks|label|sticker)\w*",biodegradable. no pueden ir a la orgánica si están sucios de productos,"restos alimentarios. Se pueden depositar en este contenedor porque tanto el papel como el cartón están hechos de celulosa, material vegetal biodegradable. No pueden ir a la orgánica si están sucios de productos no alimentarios, por ejemplo, de pintura. Por supuesto, esto no aplica al papel limpio, que se deposita en los contenedores que comparte c",Collection liners only,"bolsas?\s+(?:compostables?|biodegradables?).{0,120}\b(?:se\s+(?:pueden|deben)\s+usar|se\s+aceptan|depositar|recoger|usar|utilizar|recomendable|obligatorio)\b.{0,140}(org[áa]nic[ao]s?|biorresiduos?|residuos?\s+alimentarios|contenedor\s+marr[oó]n)","bolsas biodegradables? ¿puedo usar bolsas de plástico? no es obligatorio usar bolsas biodegradables pero es recomendable. al ser más transpirables, evitan que se acumulen los líquidos que contienen los restos orgánicos"
[34],Sweden - Stockholm - Stockholm Vatten och Avfall / municipal sorting rules,Food-waste liners / collection bags,Accepted with conditions,"Food-waste liners are accepted only as official/designated, locally/facility-approved, or otherwise restricted collection items.",\b(sac[s]?\s+(compostable|biod[ée]gradable)|sacco\s+compostabile|sacchetti\s+compostabil\w*|bolsa\s+compostable|bolsas\s+compostables|sacos?\s+compost[áa]veis|kompostierbare?\w*\s+(beutel|t[üu]ten|biobeutel)|composteerbare?\w*\s+(zak|zakken|zakjes)|biozak\w*|bioposer|matavfallsp[åa]sar|bioavfallsp[åa]sar|bioj[äa]tepussi|vre[čc]ke|worki|s[áa][čc]ky)\b,matavfallspasar,ng rules | Börjar matavfallspåsarna ta slut? | https://www.stockholmvattenochavfall.se/artiklar-listsida/avfall---sortering-och-atervinning/matavfallspasar/ Börjar matavfallspåsarna ta slut? Här kan du hämta bruna matavfallspåsar i Stockholm för privat bruk. Hämta rätt påse Det är viktigt att d,Collection liners only,"(?:matavfall|madaffald|bioaffald|bioavfall|bioj[äa]te|ruokaj[äa]te).{0,100}(?:bioposer|matavfallsp[åa]sar|bioavfallsp[åa]sar|bioj[äa]tepussi|bioj[äa]tepussit|paperipussi).{0,120}(?:skal|kan|må|saa|accepted|sorteres|anv[aä]ndas|bruges|käyttää)",matavfallspasar/ börjar matavfallspåsarna ta slut? här kan
[35],Finland - Helsinki region - HSY / regional public utility guidance,Food-waste liners / collection bags,Accepted,Food-waste liners/collection bags are accepted in the ordinary organics route; certification or compostability wording is treated as product qualification.,\b(caddy\s*liner|kitchen\s*caddy|food[- ]?waste\s*(bag|liner)|bio\s*bag|biobag|compostable\s*(bag|liner)|green\s*bag|brown\s*bag|collection\s*(bag|liner)|organic\s*waste\s*bag|organics\s*bag|biowaste\s*bag|food\s*scraps?\s*bag)s?\b,compostable bag,"h a paper towel and place the towel in the biowaste. Do this 1 Choose a biowaste bin that suits your household size. 2 Pack biowaste into a compostable bag, preferably a paper bag. You can get a free biowaste bag from things like a flour bag, cereal box, or newspaper. You can also use store-bou",Collection liners only,"\b(use|can\s+use|may\s+use|allowed\s+to\s+use|line|pack|collect|wrap)\b.{0,160}\b(compostable|bioplastic|biodegradable|paper)\s+(bag|liner|sack)s?","pack biowaste into a compostable bag, preferably a paper bag"
[35],Finland - Helsinki region - HSY / regional public utility guidance,Tea/coffee preparation items,Rejected,Source-level rule is liner-only; this broader application category is outside the accepted application scope.,\b(tea\s*bag|teabag|coffee\s*filter|coffee\s*(pod|capsule)|k[- ]?cup|espresso\s*capsule|teebeutel|kaffeefilter|theezakjes?|koffiefilters?|sachet[s]?\s+de\s+th[ée]|filtre[s]?\s+.*caf[ée]|capsule[s]?\s+de\s+caf[ée])s?\b,tea bags,"into biowaste. Yes, please fruit and vegetable peels leftover food fish bones, bones solidified grease egg cartons coffee and tea grounds, tea bags and filter papers soft paper, such as kitchen towels, napkins and tissues plant parts and wilted flowers small amounts of raking waste wood",Collection liners only,"\b(use|can\s+use|may\s+use|allowed\s+to\s+use|line|pack|collect|wrap)\b.{0,160}\b(compostable|bioplastic|biodegradable|paper)\s+(bag|liner|sack)s?","pack biowaste into a compostable bag, preferably a paper bag"
[35],Finland - Helsinki region - HSY / regional public utility guidance,Food-soiled paper / fibre packaging,Rejected,Source-level rule is liner-only; this broader application category is outside the accepted application scope.,"\b(napkin|paper\s*towel|pizza\s*box|paper\s*bag|cardboard|kitchen\s*towel|keukenpapier|talouspaperi|lautasliinat|k[üu]chenpapier|paper\s+napkin|carton|serviette)s?\b.{0,140}\b(compost|organic|food waste|biowaste|biotonne|gft|bioj[äa]te|brown\s+bin)\b",paper towel and place the towel in the biowaste. do this 1 choose a biowaste bin that suits your household size. 2 pack biowaste,"on’t pour grease down the drain. Put liquid grease in the mixed waste bin in a sealed container. You can absorb leftover cooking oil with a paper towel and place the towel in the biowaste. Do this 1 Choose a biowaste bin that suits your household size. 2 Pack biowaste into a compostable bag, preferably a paper bag. You can get a free biowaste bag from things like a flour bag, cereal box, or newspaper. You",Collection liners only,"\b(use|can\s+use|may\s+use|allowed\s+to\s+use|line|pack|collect|wrap)\b.{0,160}\b(compostable|bioplastic|biodegradable|paper)\s+(bag|liner|sack)s?","pack biowaste into a compostable bag, preferably a paper bag"
[35],Finland - Helsinki region - HSY / regional public utility guidance,Generic compostable packaging / plastics,Rejected,Source-level rule is liner-only; this broader application category is outside the accepted application scope.,"\b(compostable|biodegradable|industrially\s+compostable|certified\s+compostable|bioplastic|bio[- ]?plastic|bioplastics|composteerbaar\w*|kompostierbar\w*|compostabil\w*|biod[ée]gradable\w*|biohajoava|kompostoituva|biolagunev\w*|kompostitav\w*|biolo[šs]ko\s+razgradljiv\w*|kompostowaln\w*|biodegradowaln\w*)\b.{0,140}\b(packaging|plastic|plastics|product|products|material|materials|item|items|verpackungen|kunststoff|emballage|embalagem|imballagg|envase|verpakking|pakend|pakkauks|opakowania|embala[žz]a|obaly|muovi|pakkauks|label|sticker)\w*",compostable food and kitchen waste. easily decomposed fibrous materials,"utility guidance | Biowaste | https://www.hsy.fi/en/waste-and-recycling/waste-guide/sorting/biowaste/ Biowaste Biowaste is decomposing and compostable food and kitchen waste. Easily decomposed fibrous materials can also be sorted into biowaste. Yes, please fruit and vegetable peels leftover food fish bones, bones solidified grease egg cartons coffe",Collection liners only,"\b(use|can\s+use|may\s+use|allowed\s+to\s+use|line|pack|collect|wrap)\b.{0,160}\b(compostable|bioplastic|biodegradable|paper)\s+(bag|liner|sack)s?","pack biowaste into a compostable bag, preferably a paper bag"
[36],United Kingdom - UK-wide - WRAP / Recycle Now guidance,Flexible films/wraps/pouches,Rejected,Source-level evidence rejects compostable packaging/items or identifies no accepted organics route.,"\b(mailer|postal\s*bag|e[- ]?commerce\s*packaging|garment\s*bag|poly\s*bag|protective\s*film|stretch\s*film|shrink\s*film|wrapper|wrap|pouch|pouches|wikkels|films?|folien|buste)\w*\b.{0,160}\b(compostable|biodegradable|bioplastic|compostabil|biodegradabil|organic waste|compost|brown\s+bin|green\s+cart)",wrap / recycle now guidance | 18 june 2025 | https://www.wrap.ngo/resources/guide/considerations-compostable,United Kingdom - UK-wide - WRAP / Recycle Now guidance | 18 June 2025 | https://www.wrap.ngo/resources/guide/considerations-compostable-plastic-packaging 18 June 2025 Guide Considerations for Compostable Plastic Packaging Download Files Log in to add to favourites Compostabl,No clear organics route,"\b(no|not|without|lack(?:ing)?)\b.{0,120}\b(industrial\s+composting|composting\s+facility|anaerobic\s+digestion|ad\s+facility)\b",not to. what you'll learn clear definitions: what “compostable” really means certified standards for home and industrial composting
[36],United Kingdom - UK-wide - WRAP / Recycle Now guidance,Generic compostable packaging / plastics,Rejected,Source-level evidence rejects compostable packaging/items or identifies no accepted organics route.,"\b(compostable|biodegradable|industrially\s+compostable|certified\s+compostable|bioplastic|bio[- ]?plastic|bioplastics|composteerbaar\w*|kompostierbar\w*|compostabil\w*|biod[ée]gradable\w*|biohajoava|kompostoituva|biolagunev\w*|kompostitav\w*|biolo[šs]ko\s+razgradljiv\w*|kompostowaln\w*|biodegradowaln\w*)\b.{0,140}\b(packaging|plastic|plastics|product|products|material|materials|item|items|verpackungen|kunststoff|emballage|embalagem|imballagg|envase|verpakking|pakend|pakkauks|opakowania|embala[žz]a|obaly|muovi|pakkauks|label|sticker)\w*",compostable-plastic-packaging 18 june 2025 guide considerations for compostable plastic packaging,United Kingdom - UK-wide - WRAP / Recycle Now guidance | 18 June 2025 | https://www.wrap.ngo/resources/guide/considerations-compostable-plastic-packaging 18 June 2025 Guide Considerations for Compostable Plastic Packaging Download Files Log in to add to favourites Compostables have a role to play in reducing plastic pollution and supporting food waste recycli,No clear organics route,"\b(no|not|without|lack(?:ing)?)\b.{0,120}\b(industrial\s+composting|composting\s+facility|anaerobic\s+digestion|ad\s+facility)\b",not to. what you'll learn clear definitions: what “compostable” really means certified standards for home and industrial composting
[37],United Kingdom - London Borough of Camden - Camden Council / municipal sorting rule,Food-waste liners / collection bags,Accepted,Food-waste liners/collection bags are accepted in the ordinary organics route; certification or compostability wording is treated as product qualification.,\b(caddy\s*liner|kitchen\s*caddy|food[- ]?waste\s*(bag|liner)|bio\s*bag|biobag|compostable\s*(bag|liner)|green\s*bag|brown\s*bag|collection\s*(bag|liner)|organic\s*waste\s*bag|organics\s*bag|biowaste\s*bag|food\s*scraps?\s*bag)s?\b,compostable liner,"r caddy by 7am on your collection day. You can line your caddy or put the food waste directly in. If you line your caddy, you need to use a compostable liner, old newspaper or kitchen roll. You must not use plastic bin bags. Order food waste caddies. Find out more about composting on our garden w",Collection liners only,"\b(food[- ]?waste|kitchen|caddy|organics?|organic[- ]?waste|bio[- ]?waste)\s+(caddy\s+)?(bag|liner|sack)s?\b.{0,140}\b(can|may|must|should|accepted|allowed|permitted|collected|used|use)\b",caddy liners you can
[37],United Kingdom - London Borough of Camden - Camden Council / municipal sorting rule,Tea/coffee preparation items,Rejected,Source-level rule is liner-only; this broader application category is outside the accepted application scope.,\b(tea\s*bag|teabag|coffee\s*filter|coffee\s*(pod|capsule)|k[- ]?cup|espresso\s*capsule|teebeutel|kaffeefilter|theezakjes?|koffiefilters?|sachet[s]?\s+de\s+th[ée]|filtre[s]?\s+.*caf[ée]|capsule[s]?\s+de\s+caf[ée])s?\b,tea bags,"You can recycle: dairy products eggs and eggshells fruit and vegetables meat, fish and their bones stale bread and pastries, pasta and rice tea bags and coffee You can’t recycle: any materials other than food waste garden waste liquids oil packaging Together we recycle food waste Meet yo",Collection liners only,"\b(food[- ]?waste|kitchen|caddy|organics?|organic[- ]?waste|bio[- ]?waste)\s+(caddy\s+)?(bag|liner|sack)s?\b.{0,140}\b(can|may|must|should|accepted|allowed|permitted|collected|used|use)\b",caddy liners you can
[37],United Kingdom - London Borough of Camden - Camden Council / municipal sorting rule,Generic compostable packaging / plastics,Rejected,Source-level rule is liner-only; this broader application category is outside the accepted application scope.,"\b(compostable|biodegradable|industrially\s+compostable|certified\s+compostable|bioplastic|bio[- ]?plastic|bioplastics|composteerbaar\w*|kompostierbar\w*|compostabil\w*|biod[ée]gradable\w*|biohajoava|kompostoituva|biolagunev\w*|kompostitav\w*|biolo[šs]ko\s+razgradljiv\w*|kompostowaln\w*|biodegradowaln\w*)\b.{0,140}\b(packaging|plastic|plastics|product|products|material|materials|item|items|verpackungen|kunststoff|emballage|embalagem|imballagg|envase|verpakking|pakend|pakkauks|opakowania|embala[žz]a|obaly|muovi|pakkauks|label|sticker)\w*","compostable liner, old newspaper or kitchen roll. you must not use plastic","r caddy by 7am on your collection day. You can line your caddy or put the food waste directly in. If you line your caddy, you need to use a compostable liner, old newspaper or kitchen roll. You must not use plastic bin bags. Order food waste caddies. Find out more about composting on our garden waste page . If you live on an estate or in a block If you",Collection liners only,"\b(food[- ]?waste|kitchen|caddy|organics?|organic[- ]?waste|bio[- ]?waste)\s+(caddy\s+)?(bag|liner|sack)s?\b.{0,140}\b(can|may|must|should|accepted|allowed|permitted|collected|used|use)\b",caddy liners you can
[38],United Kingdom - Manchester - Manchester City Council / municipal sorting rule,Food-waste liners / collection bags,Accepted,Food-waste liners/collection bags are accepted in the ordinary organics route; certification or compostability wording is treated as product qualification.,\b(caddy\s*liner|kitchen\s*caddy|food[- ]?waste\s*(bag|liner)|bio\s*bag|biobag|compostable\s*(bag|liner)|green\s*bag|brown\s*bag|collection\s*(bag|liner)|organic\s*waste\s*bag|organics\s*bag|biowaste\s*bag|food\s*scraps?\s*bag)s?\b,compostable bags,"Raw and cooked food Tea bags and coffee grinds Egg shells Grass cuttings, hedge clippings, twigs and branches. Food waste should be put in compostable bags first, which can be ordered for free here: Order new kitchen waste bags (caddy liners) . For more information, tips, recipes and help to re",Collection liners only,"\b(food[- ]?waste|bio[- ]?waste|organic\s*waste|kitchen\s*caddy)\b.{0,160}\b(compostable|biodegradable|paper)\s+(bag|liner|sack)s?",food waste should be put in compostable bags
[38],United Kingdom - Manchester - Manchester City Council / municipal sorting rule,Tea/coffee preparation items,Rejected,Source-level rule is liner-only; this broader application category is outside the accepted application scope.,\b(tea\s*bag|teabag|coffee\s*filter|coffee\s*(pod|capsule)|k[- ]?cup|espresso\s*capsule|teebeutel|kaffeefilter|theezakjes?|koffiefilters?|sachet[s]?\s+de\s+th[ée]|filtre[s]?\s+.*caf[ée]|capsule[s]?\s+de\s+caf[ée])s?\b,tea bags,"containers and boxes Your green bin is for food and garden waste. Things you can put in it include: Meat and fish bones Raw and cooked food Tea bags and coffee grinds Egg shells Grass cuttings, hedge clippings, twigs and branches. Food waste should be put in compostable bags first, which",Collection liners only,"\b(food[- ]?waste|bio[- ]?waste|organic\s*waste|kitchen\s*caddy)\b.{0,160}\b(compostable|biodegradable|paper)\s+(bag|liner|sack)s?",food waste should be put in compostable bags
[39],United Kingdom - England - UK Government / national government guidance,Food-waste liners / collection bags,Accepted with conditions,"Food-waste liners are accepted only as official/designated, locally/facility-approved, or otherwise restricted collection items.",\b(caddy\s*liner|kitchen\s*caddy|food[- ]?waste\s*(bag|liner)|bio\s*bag|biobag|compostable\s*(bag|liner)|green\s*bag|brown\s*bag|collection\s*(bag|liner)|organic\s*waste\s*bag|organics\s*bag|biowaste\s*bag|food\s*scraps?\s*bag)s?\b,caddy liners,"eed to collect any plastic packaging or non-packaging items labelled as ‘compostable’ or ‘biodegradable’, including coffee pods. Food waste caddy liners used to hold food waste can be collected. Garden waste You do not need to collect: animal bedding bulky waste (including garden furniture a",Collection liners only,"\b(food[- ]?waste|kitchen|caddy|organics?|organic[- ]?waste|bio[- ]?waste)\s+(caddy\s+)?(bag|liner|sack)s?\b.{0,140}\b(can|may|must|should|accepted|allowed|permitted|collected|used|use)\b",food waste caddy liners used to hold food waste can be collected
[39],United Kingdom - England - UK Government / national government guidance,Tea/coffee preparation items,Rejected,Source-level rule is liner-only; this broader application category is outside the accepted application scope.,\b(tea\s*bag|teabag|coffee\s*filter|coffee\s*(pod|capsule)|k[- ]?cup|espresso\s*capsule|teebeutel|kaffeefilter|theezakjes?|koffiefilters?|sachet[s]?\s+de\s+th[ée]|filtre[s]?\s+.*caf[ée]|capsule[s]?\s+de\s+caf[ée])s?\b,coffee pods,"ing-in-england do not need to collect: any plastic packaging or non-packaging items labelled as ‘compostable’ or ‘biodegradable’, including coffee pods plastic bottles that have contained white spirits, paints, engine oils or antifreeze bulky rigid plastics such as garden furniture, bins an",Collection liners only,"\b(food[- ]?waste|kitchen|caddy|organics?|organic[- ]?waste|bio[- ]?waste)\s+(caddy\s+)?(bag|liner|sack)s?\b.{0,140}\b(can|may|must|should|accepted|allowed|permitted|collected|used|use)\b",food waste caddy liners used to hold food waste can be collected
[39],United Kingdom - England - UK Government / national government guidance,Generic compostable packaging / plastics,Rejected,Source-level rule is liner-only; this broader application category is outside the accepted application scope.,"\b(compostable|biodegradable|industrially\s+compostable|certified\s+compostable|bioplastic|bio[- ]?plastic|bioplastics|composteerbaar\w*|kompostierbar\w*|compostabil\w*|biod[ée]gradable\w*|biohajoava|kompostoituva|biolagunev\w*|kompostitav\w*|biolo[šs]ko\s+razgradljiv\w*|kompostowaln\w*|biodegradowaln\w*)\b.{0,140}\b(packaging|plastic|plastics|product|products|material|materials|item|items|verpackungen|kunststoff|emballage|embalagem|imballagg|envase|verpakking|pakend|pakkauks|opakowania|embala[žz]a|obaly|muovi|pakkauks|label|sticker)\w*","compostable' or 'biodegradable', including coffee pods plastic","guidance/simpler-recycling-household-recycling-in-england do not need to collect: any plastic packaging or non-packaging items labelled as ‘compostable’ or ‘biodegradable’, including coffee pods plastic bottles that have contained white spirits, paints, engine oils or antifreeze bulky rigid plastics such as garden furniture, bins and plasti",Collection liners only,"\b(food[- ]?waste|kitchen|caddy|organics?|organic[- ]?waste|bio[- ]?waste)\s+(caddy\s+)?(bag|liner|sack)s?\b.{0,140}\b(can|may|must|should|accepted|allowed|permitted|collected|used|use)\b",food waste caddy liners used to hold food waste can be collected
[40],United Kingdom - East Sussex - East Sussex County Council / municipal sorting rule,Food-waste liners / collection bags,Accepted with conditions,"Food-waste liners are accepted only as official/designated, locally/facility-approved, or otherwise restricted collection items.",\b(caddy\s*liner|kitchen\s*caddy|food[- ]?waste\s*(bag|liner)|bio\s*bag|biobag|compostable\s*(bag|liner)|green\s*bag|brown\s*bag|collection\s*(bag|liner)|organic\s*waste\s*bag|organics\s*bag|biowaste\s*bag|food\s*scraps?\s*bag)s?\b,kitchen caddy,iving in Lewes district. What you will receive Every household will receive a food waste starter pack consisting of: a new food waste bin a kitchen caddy a roll of compostable liners Your district or borough council will deliver this pack and let you know when collections will start in your a,Collection liners only,"\b(use|can\s+use|may\s+use|allowed\s+to\s+use|line|pack|collect|wrap)\b.{0,160}\b(compostable|bioplastic|biodegradable|paper)\s+(bag|liner|sack)s?",pack consisting of: a new food waste bin a kitchen caddy a roll of compostable liners
[40],United Kingdom - East Sussex - East Sussex County Council / municipal sorting rule,Tea/coffee preparation items,Rejected,Source-level rule is liner-only; this broader application category is outside the accepted application scope.,\b(tea\s*bag|teabag|coffee\s*filter|coffee\s*(pod|capsule)|k[- ]?cup|espresso\s*capsule|teebeutel|kaffeefilter|theezakjes?|koffiefilters?|sachet[s]?\s+de\s+th[ée]|filtre[s]?\s+.*caf[ée]|capsule[s]?\s+de\s+caf[ée])s?\b,tea bags,"peelings Meat, fish and bones – raw and cooked Dairy products – including egg shells Bread, cake, pasta, rice and beans Coffee grounds and tea bags Household plants and cut flowers Not accepted Food packaging such as plastic, paper, cardboard and metal foil Plastic bags and clingfilm –",Collection liners only,"\b(use|can\s+use|may\s+use|allowed\s+to\s+use|line|pack|collect|wrap)\b.{0,160}\b(compostable|bioplastic|biodegradable|paper)\s+(bag|liner|sack)s?",pack consisting of: a new food waste bin a kitchen caddy a roll of compostable liners
[40],United Kingdom - East Sussex - East Sussex County Council / municipal sorting rule,Generic compostable packaging / plastics,Rejected,Source-level rule is liner-only; this broader application category is outside the accepted application scope.,"\b(compostable|biodegradable|industrially\s+compostable|certified\s+compostable|bioplastic|bio[- ]?plastic|bioplastics|composteerbaar\w*|kompostierbar\w*|compostabil\w*|biod[ée]gradable\w*|biohajoava|kompostoituva|biolagunev\w*|kompostitav\w*|biolo[šs]ko\s+razgradljiv\w*|kompostowaln\w*|biodegradowaln\w*)\b.{0,140}\b(packaging|plastic|plastics|product|products|material|materials|item|items|verpackungen|kunststoff|emballage|embalagem|imballagg|envase|verpakking|pakend|pakkauks|opakowania|embala[žz]a|obaly|muovi|pakkauks|label|sticker)\w*",compostable packaging you should not put compostable packaging,"Cooking oil and liquids Kitchen cutlery, crockery and plates Cleaning wipes and nappies Garden waste Animal waste such as bedding and poop Compostable packaging You should not put compostable packaging in your food waste bin. If using compostable liner, they must display the seedling logo. This shows that they meet the EN 13432 standard an",Collection liners only,"\b(use|can\s+use|may\s+use|allowed\s+to\s+use|line|pack|collect|wrap)\b.{0,160}\b(compostable|bioplastic|biodegradable|paper)\s+(bag|liner|sack)s?",pack consisting of: a new food waste bin a kitchen caddy a roll of compostable liners
[41],United Kingdom - Cornwall - Cornwall Council / municipal sorting rule,Food-waste liners / collection bags,Accepted,Food-waste liners/collection bags are accepted in the ordinary organics route; certification or compostability wording is treated as product qualification.,\b(caddy\s*liner|kitchen\s*caddy|food[- ]?waste\s*(bag|liner)|bio\s*bag|biobag|compostable\s*(bag|liner)|green\s*bag|brown\s*bag|collection\s*(bag|liner)|organic\s*waste\s*bag|organics\s*bag|biowaste\s*bag|food\s*scraps?\s*bag)s?\b,compostable liner,"t have to use a liner , you can put your food waste straight into your caddy if you'd prefer. Many people choose to line their caddy with a compostable liner. Liners are separated from food waste at the start of the recycling process by a series of large metal paddles. If you live in a flat and s",Collection liners only,"\b(use|can\s+use|may\s+use|allowed\s+to\s+use|line|pack|collect|wrap)\b.{0,160}\b(compostable|bioplastic|biodegradable|paper)\s+(bag|liner|sack)s?","use a liner , you can put your food waste straight into your caddy if you'd prefer. many people choose to line their caddy with a compostable liner"
[41],United Kingdom - Cornwall - Cornwall Council / municipal sorting rule,Food-service ware / takeaway packaging,Rejected,Source-level rule is liner-only; this broader application category is outside the accepted application scope.,\b(food[- ]?service|serviceware|take[- ]?away|takeout|to[- ]?go|catering|event|festival|venue|closed[- ]?loop)\b,catering,"Our household waste collections are for domestic properties only . Businesses and non-domestic properties are not eligible, including: Self-catering and holiday let accommodation. (Includes homes rented out part of the year as holiday accommodation) Hotels Shops By law, businesses must a",Collection liners only,"\b(use|can\s+use|may\s+use|allowed\s+to\s+use|line|pack|collect|wrap)\b.{0,160}\b(compostable|bioplastic|biodegradable|paper)\s+(bag|liner|sack)s?","use a liner , you can put your food waste straight into your caddy if you'd prefer. many people choose to line their caddy with a compostable liner"
[42],United Kingdom - Portsmouth - Portsmouth City Council / municipal sorting rule,Food-waste liners / collection bags,Accepted,Food-waste liners/collection bags are accepted in the ordinary organics route; certification or compostability wording is treated as product qualification.,\b(caddy\s*liner|kitchen\s*caddy|food[- ]?waste\s*(bag|liner)|bio\s*bag|biobag|compostable\s*(bag|liner)|green\s*bag|brown\s*bag|collection\s*(bag|liner)|organic\s*waste\s*bag|organics\s*bag|biowaste\s*bag|food\s*scraps?\s*bag)s?\b,compostable bag,peelings pet food waste What you cannot put in your caddies Please do not put the following in your caddies: packaging of any kind (except compostable bag to line the caddy) plastic bags glass liquids such as milk (these may leak during transport) cat litter or animal faeces compostable cutler,Collection liners only,"\b(food[- ]?waste|bio[- ]?waste|organic\s*waste|kitchen\s*caddy)\b.{0,160}\b(compostable|biodegradable|paper)\s+(bag|liner|sack)s?",food waste what you cannot put in your caddies please do not put the following in your caddies: packaging of any kind (except compostable bag
[42],United Kingdom - Portsmouth - Portsmouth City Council / municipal sorting rule,Tea/coffee preparation items,Rejected,Source-level rule is liner-only; this broader application category is outside the accepted application scope.,\b(tea\s*bag|teabag|coffee\s*filter|coffee\s*(pod|capsule)|k[- ]?cup|espresso\s*capsule|teebeutel|kaffeefilter|theezakjes?|koffiefilters?|sachet[s]?\s+de\s+th[ée]|filtre[s]?\s+.*caf[ée]|capsule[s]?\s+de\s+caf[ée])s?\b,tea bags,"ou can put in your caddies You can put all raw and cooked food leftovers into your caddies, including: all uneaten food and plate scrapings tea bags (biodegradable and non-biodegradable) coffee grounds out of date or mouldy food raw and cooked meat, including bones raw and cooked fish, i",Collection liners only,"\b(food[- ]?waste|bio[- ]?waste|organic\s*waste|kitchen\s*caddy)\b.{0,160}\b(compostable|biodegradable|paper)\s+(bag|liner|sack)s?",food waste what you cannot put in your caddies please do not put the following in your caddies: packaging of any kind (except compostable bag
[42],United Kingdom - Portsmouth - Portsmouth City Council / municipal sorting rule,Generic compostable packaging / plastics,Rejected,Source-level rule is liner-only; this broader application category is outside the accepted application scope.,"\b(compostable|biodegradable|industrially\s+compostable|certified\s+compostable|bioplastic|bio[- ]?plastic|bioplastics|composteerbaar\w*|kompostierbar\w*|compostabil\w*|biod[ée]gradable\w*|biohajoava|kompostoituva|biolagunev\w*|kompostitav\w*|biolo[šs]ko\s+razgradljiv\w*|kompostowaln\w*|biodegradowaln\w*)\b.{0,140}\b(packaging|plastic|plastics|product|products|material|materials|item|items|verpackungen|kunststoff|emballage|embalagem|imballagg|envase|verpakking|pakend|pakkauks|opakowania|embala[žz]a|obaly|muovi|pakkauks|label|sticker)\w*",compostable bag to line the caddy) plastic,peelings pet food waste What you cannot put in your caddies Please do not put the following in your caddies: packaging of any kind (except compostable bag to line the caddy) plastic bags glass liquids such as milk (these may leak during transport) cat litter or animal faeces compostable cutlery or compostable packaging,Collection liners only,"\b(food[- ]?waste|bio[- ]?waste|organic\s*waste|kitchen\s*caddy)\b.{0,160}\b(compostable|biodegradable|paper)\s+(bag|liner|sack)s?",food waste what you cannot put in your caddies please do not put the following in your caddies: packaging of any kind (except compostable bag
[43],United Kingdom - Lichfield - Lichfield District Council / municipal sorting rule,Food-waste liners / collection bags,Rejected,Source-level evidence rejects compostable packaging/items or identifies no accepted organics route.,\b(caddy\s*liner|kitchen\s*caddy|food[- ]?waste\s*(bag|liner)|bio\s*bag|biobag|compostable\s*(bag|liner)|green\s*bag|brown\s*bag|collection\s*(bag|liner)|organic\s*waste\s*bag|organics\s*bag|biowaste\s*bag|food\s*scraps?\s*bag)s?\b,caddy liners,"All about the new food waste service | https://www.lichfielddc.gov.uk/food-waste-3/food-waste/5 All about the new food waste service About caddy liners We will provide you with a roll of 52 liners in your caddy pack, one for every week of the year. When you run out of liners, loop the yello",Rejected,"please\s+do\s+not\s+use:.{0,260}compostable\s+bags.{0,220}(?:clog\s+up\s+the\s+machinery|aren[’']?t\s+composted|sent\s+to\s+be\s+incinerated)","please do not use: solid colour bags of waste - we need to be able to see the food waste inside bags. compostable bags, as they break down too quickly and clog up the machinery at the processing plant. they also aren't composted and are sent to be incinerated"
[44],Ireland - National brown-bin guidance - MyWaste / official national guidance,Food-waste liners / collection bags,Accepted,"Application is accepted in the ordinary organics route; certification or generic compostability is treated as product qualification, not a scenario restriction.",\b(caddy\s*liner|kitchen\s*caddy|food[- ]?waste\s*(bag|liner)|bio\s*bag|biobag|compostable\s*(bag|liner)|green\s*bag|brown\s*bag|collection\s*(bag|liner)|organic\s*waste\s*bag|organics\s*bag|biowaste\s*bag|food\s*scraps?\s*bag)s?\b,kitchen caddy,des and labels Guides and labels to help you recycle food waste at home. 0.4mb • pdf How to recycle food waste at home How best to use your kitchen caddy. Download 0.6mb • pdf What can and cannot be placed in your food waste recycling bin Sticker for your kitchen caddy. Download Composting Ho,Accepted broadly,compostable\s+packaging\s*\(all\s+must\s+be\s+certified\s+to\s+en\s*13432\),compostable packaging (all must be certified to en13432)
[44],Ireland - National brown-bin guidance - MyWaste / official national guidance,Tea/coffee preparation items,Accepted,"Application is accepted in the ordinary organics route; certification or generic compostability is treated as product qualification, not a scenario restriction.",\b(tea\s*bag|teabag|coffee\s*filter|coffee\s*(pod|capsule)|k[- ]?cup|espresso\s*capsule|teebeutel|kaffeefilter|theezakjes?|koffiefilters?|sachet[s]?\s+de\s+th[ée]|filtre[s]?\s+.*caf[ée]|capsule[s]?\s+de\s+caf[ée])s?\b,tea bags,"ludes all cuttings, peels or leftovers from your kitchen like: Raw & cooked food Eggshells Fruit & veg Dairy products Bread Coffee grinds & tea bags Kitchen roll/tissue Meat & fish Light garden waste includes: Grass and plant clippings Twigs Small branches Compostable Packaging (all must",Accepted broadly,compostable\s+packaging\s*\(all\s+must\s+be\s+certified\s+to\s+en\s*13432\),compostable packaging (all must be certified to en13432)
[44],Ireland - National brown-bin guidance - MyWaste / official national guidance,Generic compostable packaging / plastics,Accepted,"Application is accepted in the ordinary organics route; certification or generic compostability is treated as product qualification, not a scenario restriction.","\b(compostable|biodegradable|industrially\s+compostable|certified\s+compostable|bioplastic|bio[- ]?plastic|bioplastics|composteerbaar\w*|kompostierbar\w*|compostabil\w*|biod[ée]gradable\w*|biohajoava|kompostoituva|biolagunev\w*|kompostitav\w*|biolo[šs]ko\s+razgradljiv\w*|kompostowaln\w*|biodegradowaln\w*)\b.{0,140}\b(packaging|plastic|plastics|product|products|material|materials|item|items|verpackungen|kunststoff|emballage|embalagem|imballagg|envase|verpakking|pakend|pakkauks|opakowania|embala[žz]a|obaly|muovi|pakkauks|label|sticker)\w*",compostable packaging,e/at-home/three-bin-system/brown-bin/ n roll/tissue Meat & fish Light garden waste includes: Grass and plant clippings Twigs Small branches Compostable Packaging (all must be certified to EN13432): Takeaway cup Takeaway bowls Compostable cutlery Everyone everywhere is entitled to a brown bin collecti,Accepted broadly,compostable\s+packaging\s*\(all\s+must\s+be\s+certified\s+to\s+en\s*13432\),compostable packaging (all must be certified to en13432)
[45],Switzerland - Federal / local varies - FOEN/BAFU / federal guidance,Generic compostable packaging / plastics,Rejected,Source-level evidence rejects compostable packaging/items or identifies no accepted organics route.,"\b(compostable|biodegradable|industrially\s+compostable|certified\s+compostable|bioplastic|bio[- ]?plastic|bioplastics|composteerbaar\w*|kompostierbar\w*|compostabil\w*|biod[ée]gradable\w*|biohajoava|kompostoituva|biolagunev\w*|kompostitav\w*|biolo[šs]ko\s+razgradljiv\w*|kompostowaln\w*|biodegradowaln\w*)\b.{0,140}\b(packaging|plastic|plastics|product|products|material|materials|item|items|verpackungen|kunststoff|emballage|embalagem|imballagg|envase|verpakking|pakend|pakkauks|opakowania|embala[žz]a|obaly|muovi|pakkauks|label|sticker)\w*",kompostierbar»: diese kunststoffe,"nicht zwingend biologisch abbaubar, sondern aus nachwachsenden Rohstoffen wie Mais oder Zuckerrüben gefertigt. «biologisch abbaubar» oder «kompostierbar»: Diese Kunststoffe werden durch natürlich auftretende Mikroorganismen vollständig abgebaut und in Wasser, Kohlenstoffdioxid und Biomasse umgewandelt. Produkte",Rejected,"(plastik|kunststoff|bioplastik|biokunststoff|kompostierbare?\w*\s+(biobeutel|beutel|t[üu]ten)|verpackungen|folien|t[üu]ten).{0,180}(d[üu]rfen\s+nicht|geh[öo]ren\s+nicht|nicht\s+in\s+(die\s+)?biotonne|darf\s+nicht\s+rein|kein\s+plastik|verboten|nicht\s+ausreichend)","kunststoff, also mit den herkömmlichen verpackungen, hergestellt aus erdöl. diese gehören nicht"
[46],"United States - San Francisco, California - Recology SF + SF Environment / waste company + ordinance",Food-waste liners / collection bags,Accepted,"Application is accepted in the ordinary organics route; certification or generic compostability is treated as product qualification, not a scenario restriction.",\b(caddy\s*liner|kitchen\s*caddy|food[- ]?waste\s*(bag|liner)|bio\s*bag|biobag|compostable\s*(bag|liner)|green\s*bag|brown\s*bag|collection\s*(bag|liner)|organic\s*waste\s*bag|organics\s*bag|biowaste\s*bag|food\s*scraps?\s*bag)s?\b,compostable bags,"lants: All plant debris, including flowers, leaves, weeds, and branches Tree trimmings (less than 6” in diameter and 4’ long) Other: B.P.I. Compostable bags Natural fiber-based cups, plates, bowls, utensils (Bamboo, wood, Bagasse) Cooking grease: Small amounts can be soaked up with a paper towel",Accepted broadly,"acceptable\s+composting\s+materials.{0,700}(?:b\.?p\.?i\.?\s+compostable\s+bags|bpi[- ]?certified).{0,500}(?:natural\s+fiber[- ]based\s+cups|plates|bowls|utensils|bagasse)","acceptable composting materials unacceptable materials food scraps: all fruits and vegetables (including pits and shells) coffee grounds and tea leaves dairy products (no liquids) eggshells and eggs leftovers and spoiled food cooked meat (including bones) seafood (including shellfish) dirty, soiled paper: greasy pizza boxes and paper bags paper coffee filters and tea bags paper plates paper napkins, tissues, and paper towels paper take-out boxes and containers plants: all plant debris, including flowers, leaves, weeds, and branches tree trimmings (less than 6” in diameter and 4' long) other: b.p.i. compostable bags natural fiber-based cups, plates, bowls, utensils (bamboo, wood, bagasse"
[46],"United States - San Francisco, California - Recology SF + SF Environment / waste company + ordinance",Tea/coffee preparation items,Accepted,"Application is accepted in the ordinary organics route; certification or generic compostability is treated as product qualification, not a scenario restriction.",\b(tea\s*bag|teabag|coffee\s*filter|coffee\s*(pod|capsule)|k[- ]?cup|espresso\s*capsule|teebeutel|kaffeefilter|theezakjes?|koffiefilters?|sachet[s]?\s+de\s+th[ée]|filtre[s]?\s+.*caf[ée]|capsule[s]?\s+de\s+caf[ée])s?\b,coffee filters,"s and spoiled food Cooked meat (including bones) Seafood (including shellfish) Dirty, Soiled Paper: Greasy pizza boxes and paper bags Paper coffee filters and tea bags Paper plates Paper napkins, tissues, and paper towels Paper take-out boxes and containers Plants: All plant debris, including",Accepted broadly,"acceptable\s+composting\s+materials.{0,700}(?:b\.?p\.?i\.?\s+compostable\s+bags|bpi[- ]?certified).{0,500}(?:natural\s+fiber[- ]based\s+cups|plates|bowls|utensils|bagasse)","acceptable composting materials unacceptable materials food scraps: all fruits and vegetables (including pits and shells) coffee grounds and tea leaves dairy products (no liquids) eggshells and eggs leftovers and spoiled food cooked meat (including bones) seafood (including shellfish) dirty, soiled paper: greasy pizza boxes and paper bags paper coffee filters and tea bags paper plates paper napkins, tissues, and paper towels paper take-out boxes and containers plants: all plant debris, including flowers, leaves, weeds, and branches tree trimmings (less than 6” in diameter and 4' long) other: b.p.i. compostable bags natural fiber-based cups, plates, bowls, utensils (bamboo, wood, bagasse"
[46],"United States - San Francisco, California - Recology SF + SF Environment / waste company + ordinance",Food-soiled paper / fibre packaging,Accepted,"Application is accepted in the ordinary organics route; certification or generic compostability is treated as product qualification, not a scenario restriction.",\b(food[- ]?soiled|soiled|greasy)\s+(paper|cardboard|fibre|fiber|napkin|paper\s*towel|pizza\s*box|paper\s*bag|food\s*wrapper|takeout\s*container)s?\b,soiled paper,"mirrors and windows Incandescent light bulbs, Fluorescent light bulbs and HIDs Plastic labeled “Compostable” or “Biodegradable” Scrap metal Soiled paper (paper plates, napkins, tissues, towels, take-out boxes, and greasy pizza boxes) Styrofoam Waxed cardboard Wood Yard trimmings Do You Have",Accepted broadly,"acceptable\s+composting\s+materials.{0,700}(?:b\.?p\.?i\.?\s+compostable\s+bags|bpi[- ]?certified).{0,500}(?:natural\s+fiber[- ]based\s+cups|plates|bowls|utensils|bagasse)","acceptable composting materials unacceptable materials food scraps: all fruits and vegetables (including pits and shells) coffee grounds and tea leaves dairy products (no liquids) eggshells and eggs leftovers and spoiled food cooked meat (including bones) seafood (including shellfish) dirty, soiled paper: greasy pizza boxes and paper bags paper coffee filters and tea bags paper plates paper napkins, tissues, and paper towels paper take-out boxes and containers plants: all plant debris, including flowers, leaves, weeds, and branches tree trimmings (less than 6” in diameter and 4' long) other: b.p.i. compostable bags natural fiber-based cups, plates, bowls, utensils (bamboo, wood, bagasse"
[46],"United States - San Francisco, California - Recology SF + SF Environment / waste company + ordinance",Flexible films/wraps/pouches,Accepted,"Application is accepted in the ordinary organics route; certification or generic compostability is treated as product qualification, not a scenario restriction.","\b(mailer|postal\s*bag|e[- ]?commerce\s*packaging|garment\s*bag|poly\s*bag|protective\s*film|stretch\s*film|shrink\s*film|wrapper|wrap|pouch|pouches|wikkels|films?|folien|buste)\w*\b.{0,160}\b(compostable|biodegradable|bioplastic|compostabil|biodegradabil|organic waste|compost|brown\s+bin|green\s+cart)","wrappers, or film recyclable/clean cardboard or paper styrofoam palm fronds plywood, pressboard, painted or stained wood please do not leave extra compost","stic-backed paper Glass, metal, or plastic Soup cartons and juice boxes Paper milk, juice, and other beverage cartons Liquids Plastic bags, wrappers, or film Recyclable/clean cardboard or paper Styrofoam Palm fronds Plywood, pressboard, painted or stained wood Please do not leave extra compost outside of your cart! The lid on your cart must be fully clo",Accepted broadly,"acceptable\s+composting\s+materials.{0,700}(?:b\.?p\.?i\.?\s+compostable\s+bags|bpi[- ]?certified).{0,500}(?:natural\s+fiber[- ]based\s+cups|plates|bowls|utensils|bagasse)","acceptable composting materials unacceptable materials food scraps: all fruits and vegetables (including pits and shells) coffee grounds and tea leaves dairy products (no liquids) eggshells and eggs leftovers and spoiled food cooked meat (including bones) seafood (including shellfish) dirty, soiled paper: greasy pizza boxes and paper bags paper coffee filters and tea bags paper plates paper napkins, tissues, and paper towels paper take-out boxes and containers plants: all plant debris, including flowers, leaves, weeds, and branches tree trimmings (less than 6” in diameter and 4' long) other: b.p.i. compostable bags natural fiber-based cups, plates, bowls, utensils (bamboo, wood, bagasse"
[47],"United States - Seattle, Washington - Seattle Public Utilities / municipal rule",Food-service ware / takeaway packaging,Accepted,"Application is accepted in the ordinary organics route; certification or generic compostability is treated as product qualification, not a scenario restriction.",\b(food[- ]?service|serviceware|take[- ]?away|takeout|to[- ]?go|catering|event|festival|venue|closed[- ]?loop)\b,food service,"United States - Seattle, Washington - Seattle Public Utilities / municipal rule | Business & Commercial Compostables - Food Service Packaging Requirements | https://www.seattle.gov/utilities/your-services/collection-and-disposal/food-and-yard/business-and-commercial-comp",Accepted broadly,"\b(compostable|certified\s+compostable|bpi[- ]?certified)\b.{0,100}\b(serviceware|food[- ]?service|take[- ]?away|cups?|plates?|bowls?|containers?|cutlery|packaging)\b.{0,140}\b(accepted|allowed|permitted|can\s+(?:go|be\s+placed)|may\s+(?:go|be\s+placed)|place[d]?\s+in|put\s+in)\b.{0,100}\b(green\s+bin|brown\s+bin|organics?|organic\s+waste|food\s+waste|compost(?:ing)?)\b","compostable for onsite use and recyclable or compostable for take-away, this includes items such as plates, bowls, boats, trays, clamshells, containers, cups, straws, utensils, and other packaging and serveware products. single-use items that are not accepted in seattle's recycling and composting"
[47],"United States - Seattle, Washington - Seattle Public Utilities / municipal rule",Flexible films/wraps/pouches,Accepted,"Application is accepted in the ordinary organics route; certification or generic compostability is treated as product qualification, not a scenario restriction.","\b(mailer|postal\s*bag|e[- ]?commerce\s*packaging|garment\s*bag|poly\s*bag|protective\s*film|stretch\s*film|shrink\s*film|wrapper|wrap|pouch|pouches|wikkels|films?|folien|buste)\w*\b.{0,160}\b(compostable|biodegradable|bioplastic|compostabil|biodegradabil|organic waste|compost|brown\s+bin|green\s+cart)",wrap hot food such as hamburgers and burritos. where to find compostable and recyclable products you will find compostable,"therwise, straws must be compostable or designed to be reusable. Metal foil, metal foil-faced papers and engineered composite papers used to wrap hot food such as hamburgers and burritos. Where to Find Compostable and Recyclable Products You will find compostable or recyclable alternatives wherever you buy food service products. Compostable products must meet Washington state requirements for compos",Accepted broadly,"\b(compostable|certified\s+compostable|bpi[- ]?certified)\b.{0,100}\b(serviceware|food[- ]?service|take[- ]?away|cups?|plates?|bowls?|containers?|cutlery|packaging)\b.{0,140}\b(accepted|allowed|permitted|can\s+(?:go|be\s+placed)|may\s+(?:go|be\s+placed)|place[d]?\s+in|put\s+in)\b.{0,100}\b(green\s+bin|brown\s+bin|organics?|organic\s+waste|food\s+waste|compost(?:ing)?)\b","compostable for onsite use and recyclable or compostable for take-away, this includes items such as plates, bowls, boats, trays, clamshells, containers, cups, straws, utensils, and other packaging and serveware products. single-use items that are not accepted in seattle's recycling and composting"
[47],"United States - Seattle, Washington - Seattle Public Utilities / municipal rule",Generic compostable packaging / plastics,Accepted,"Application is accepted in the ordinary organics route; certification or generic compostability is treated as product qualification, not a scenario restriction.","\b(compostable|biodegradable|industrially\s+compostable|certified\s+compostable|bioplastic|bio[- ]?plastic|bioplastics|composteerbaar\w*|kompostierbar\w*|compostabil\w*|biod[ée]gradable\w*|biohajoava|kompostoituva|biolagunev\w*|kompostitav\w*|biolo[šs]ko\s+razgradljiv\w*|kompostowaln\w*|biodegradowaln\w*)\b.{0,140}\b(packaging|plastic|plastics|product|products|material|materials|item|items|verpackungen|kunststoff|emballage|embalagem|imballagg|envase|verpakking|pakend|pakkauks|opakowania|embala[žz]a|obaly|muovi|pakkauks|label|sticker)\w*","compostable for onsite use and recyclable or compostable for take-away, this includes items","od service businesses to use reusable serveware or if using single-use food service packaging and serviceware, the single-use items must be compostable for onsite use and recyclable or compostable for take-away, This includes items such as plates, bowls, boats, trays, clamshells, containers, cups, straws, utensils, and other packaging and serveware products. Single-use",Accepted broadly,"\b(compostable|certified\s+compostable|bpi[- ]?certified)\b.{0,100}\b(serviceware|food[- ]?service|take[- ]?away|cups?|plates?|bowls?|containers?|cutlery|packaging)\b.{0,140}\b(accepted|allowed|permitted|can\s+(?:go|be\s+placed)|may\s+(?:go|be\s+placed)|place[d]?\s+in|put\s+in)\b.{0,100}\b(green\s+bin|brown\s+bin|organics?|organic\s+waste|food\s+waste|compost(?:ing)?)\b","compostable for onsite use and recyclable or compostable for take-away, this includes items such as plates, bowls, boats, trays, clamshells, containers, cups, straws, utensils, and other packaging and serveware products. single-use items that are not accepted in seattle's recycling and composting"
[48],"United States - Hennepin County, Minnesota - Hennepin County / regional government guidance",Tea/coffee preparation items,Accepted,"Application is accepted in the ordinary organics route; certification or generic compostability is treated as product qualification, not a scenario restriction.",\b(tea\s*bag|teabag|coffee\s*filter|coffee\s*(pod|capsule)|k[- ]?cup|espresso\s*capsule|teebeutel|kaffeefilter|theezakjes?|koffiefilters?|sachet[s]?\s+de\s+th[ée]|filtre[s]?\s+.*caf[ée]|capsule[s]?\s+de\s+caf[ée])s?\b,coffee pods,"d compostable products including cups, plates, bowls, containers, utensils, straws, bags, bamboo products, bagasse products, and single-use coffee pods (must have the BPI logo or say BPI certified on the product or its container) Coffee grounds and filters Cotton swabs with paper stems Hous",Accepted broadly,"\b(certified\s+compostable|bpi[- ]?certified)\b.{0,120}\b(cups?|plates?|bowls?|containers?|cutlery|serviceware|packaging)\b.{0,160}\b(accepted|allowed|permitted|green\s+bin|brown\s+bin|organics\s+bin)","bpi certified on the product or its container) food-soiled pizza boxes from delivery (clean, empty, and grease-free pizza boxes may be accepted"
[48],"United States - Hennepin County, Minnesota - Hennepin County / regional government guidance",Flexible films/wraps/pouches,Accepted,"Application is accepted in the ordinary organics route; certification or generic compostability is treated as product qualification, not a scenario restriction.","\b(mailer|postal\s*bag|e[- ]?commerce\s*packaging|garment\s*bag|poly\s*bag|protective\s*film|stretch\s*film|shrink\s*film|wrapper|wrap|pouch|pouches|wikkels|films?|folien|buste)\w*\b.{0,160}\b(compostable|biodegradable|bioplastic|compostabil|biodegradabil|organic waste|compost|brown\s+bin|green\s+cart)","wrapping paper, gift wrap, packing paper, and tissue paper other household items accepted: bpi certified compostable","r PLA (polylactic acid) that are not BPI certified Refrigerated and frozen food boxes Receipts Shredded paper Waxed cardboard produce boxes Wrapping paper, gift wrap, packing paper, and tissue paper Other household items Accepted: BPI certified compostable products including cups, plates, bowls, containers, utensils, straws, bags, bamboo products, bagasse products, and single-use coffee pods (",Accepted broadly,"\b(certified\s+compostable|bpi[- ]?certified)\b.{0,120}\b(cups?|plates?|bowls?|containers?|cutlery|serviceware|packaging)\b.{0,160}\b(accepted|allowed|permitted|green\s+bin|brown\s+bin|organics\s+bin)","bpi certified on the product or its container) food-soiled pizza boxes from delivery (clean, empty, and grease-free pizza boxes may be accepted"
[48],"United States - Hennepin County, Minnesota - Hennepin County / regional government guidance",Generic compostable packaging / plastics,Accepted,"Application is accepted in the ordinary organics route; certification or generic compostability is treated as product qualification, not a scenario restriction.","\b(compostable|biodegradable|industrially\s+compostable|certified\s+compostable|bioplastic|bio[- ]?plastic|bioplastics|composteerbaar\w*|kompostierbar\w*|compostabil\w*|biod[ée]gradable\w*|biohajoava|kompostoituva|biolagunev\w*|kompostitav\w*|biolo[šs]ko\s+razgradljiv\w*|kompostowaln\w*|biodegradowaln\w*)\b.{0,140}\b(packaging|plastic|plastics|product|products|material|materials|item|items|verpackungen|kunststoff|emballage|embalagem|imballagg|envase|verpakking|pakend|pakkauks|opakowania|embala[žz]a|obaly|muovi|pakkauks|label|sticker)\w*","certified compostable products, that could be composted. organics recycling is the best opportunity to reduce our trash and put it to better use. materials","cling-home Environment Organics recycling at home About one-third of our trash is organic materials, including food, food-soiled paper, and certified compostable products, that could be composted. Organics recycling is the best opportunity to reduce our trash and put it to better use. Materials accepted for organics recycling See the organics recycling guide (PDF, 1MB) for a list of materials accepted in organics recycling programs",Accepted broadly,"\b(certified\s+compostable|bpi[- ]?certified)\b.{0,120}\b(cups?|plates?|bowls?|containers?|cutlery|serviceware|packaging)\b.{0,160}\b(accepted|allowed|permitted|green\s+bin|brown\s+bin|organics\s+bin)","bpi certified on the product or its container) food-soiled pizza boxes from delivery (clean, empty, and grease-free pizza boxes may be accepted"
[49],United States - Minnesota - Minnesota Pollution Control Agency / regional government guidance,Food-service ware / takeaway packaging,Rejected,Source-level evidence rejects compostable packaging/items or identifies no accepted organics route.,"\b(cup|plate|bowl|tray|container|cutlery|fork|spoon|knife|straw|lid|stoviglie|posate|bicchieri|piatti|contenitori|kahvimuki|kertak[äa]ytt[öo]astia|vaisselle|gobelets?|assiettes?|couverts?|vasos?|platos?|cubiertos?)\w*\b.{0,140}\b(compostable|biodegradable|compostabil|biodegradabil|organic|umido|compost|biohajoava|kompostoituva)","plates, cups, bowls, containers, and utensils that have the bpi logo showing they are certified as compostable other compostable","and shells food-soiled paper like pizza boxes, napkins, paper towels, and paper egg cartons certified compostable products including paper plates, cups, bowls, containers, and utensils that have the BPI logo showing they are certified as compostable other compostable items including coffee grounds and filters; hair and nail clippings; cotton balls and swabs with paper stems; household plants and flowers;",No clear organics route,"\b(no|not|without|lack(?:ing)?)\b.{0,120}\b(organic\s*waste|food\s*waste|biowaste|bio[- ]?waste|organics)\b.{0,120}\b(collection|route|service|infrastructure|facility|treatment|system)\b","not yet have access to curbside organics recycling. check with your county, city, or residential waste hauler to see if curbside service or drop-site service"
[49],United States - Minnesota - Minnesota Pollution Control Agency / regional government guidance,Food-soiled paper / fibre packaging,Rejected,Source-level evidence rejects compostable packaging/items or identifies no accepted organics route.,\b(food[- ]?soiled|soiled|greasy)\s+(paper|cardboard|fibre|fiber|napkin|paper\s*towel|pizza\s*box|paper\s*bag|food\s*wrapper|takeout\s*container)s?\b,food-soiled paper,"ms can I place in my organics? Organic recycling programs typically collect: all food including meat, dairy, bones, bread, nuts, and shells food-soiled paper like pizza boxes, napkins, paper towels, and paper egg cartons certified compostable products including paper plates, cups, bowls, containe",No clear organics route,"\b(no|not|without|lack(?:ing)?)\b.{0,120}\b(organic\s*waste|food\s*waste|biowaste|bio[- ]?waste|organics)\b.{0,120}\b(collection|route|service|infrastructure|facility|treatment|system)\b","not yet have access to curbside organics recycling. check with your county, city, or residential waste hauler to see if curbside service or drop-site service"
[49],United States - Minnesota - Minnesota Pollution Control Agency / regional government guidance,Generic compostable packaging / plastics,Rejected,Source-level evidence rejects compostable packaging/items or identifies no accepted organics route.,"\b(compostable|biodegradable|industrially\s+compostable|certified\s+compostable|bioplastic|bio[- ]?plastic|bioplastics|composteerbaar\w*|kompostierbar\w*|compostabil\w*|biod[ée]gradable\w*|biohajoava|kompostoituva|biolagunev\w*|kompostitav\w*|biolo[šs]ko\s+razgradljiv\w*|kompostowaln\w*|biodegradowaln\w*)\b.{0,140}\b(packaging|plastic|plastics|product|products|material|materials|item|items|verpackungen|kunststoff|emballage|embalagem|imballagg|envase|verpakking|pakend|pakkauks|opakowania|embala[žz]a|obaly|muovi|pakkauks|label|sticker)\w*",compostable packaging,"vantage of organics recycling in my community? Organics make up a lot of our trash. Studies show that organic materials, including food and compostable packaging, make up about 25 percent of the trash stream. Diverting organics from our trash to composting facilities will slow down the rate at which",No clear organics route,"\b(no|not|without|lack(?:ing)?)\b.{0,120}\b(organic\s*waste|food\s*waste|biowaste|bio[- ]?waste|organics)\b.{0,120}\b(collection|route|service|infrastructure|facility|treatment|system)\b","not yet have access to curbside organics recycling. check with your county, city, or residential waste hauler to see if curbside service or drop-site service"
[50],"United States - Woodland, California - City of Woodland / municipal sorting rule",Food-waste liners / collection bags,Accepted,Food-waste liners/collection bags are accepted in the ordinary organics route; certification or compostability wording is treated as product qualification.,\b(caddy\s*liner|kitchen\s*caddy|food[- ]?waste\s*(bag|liner)|bio\s*bag|biobag|compostable\s*(bag|liner)|green\s*bag|brown\s*bag|collection\s*(bag|liner)|organic\s*waste\s*bag|organics\s*bag|biowaste\s*bag|food\s*scraps?\s*bag)s?\b,green bags,"ur waste by 2025. Organics carts are serviced once a week year-round, on the same day as your trash and recycle cart pick-up. BPI Certified green bags are acceptable. Your organics cart must not contain limbs over 5 feet long, large stumps, metal, concrete, gravel, or other non-organic mat",Collection liners only,"\b(use|can\s+use|may\s+use|allowed\s+to\s+use|line|pack|collect|wrap)\b.{0,160}\b(compostable|bioplastic|biodegradable|paper)\s+(bag|liner|sack)s?","line it: if you decide to line your collection bin, use paper bags, newspaper, or bpi-certified compostable liners"
[50],"United States - Woodland, California - City of Woodland / municipal sorting rule",Tea/coffee preparation items,Rejected,Source-level rule is liner-only; this broader application category is outside the accepted application scope.,\b(tea\s*bag|teabag|coffee\s*filter|coffee\s*(pod|capsule)|k[- ]?cup|espresso\s*capsule|teebeutel|kaffeefilter|theezakjes?|koffiefilters?|sachet[s]?\s+de\s+th[ée]|filtre[s]?\s+.*caf[ée]|capsule[s]?\s+de\s+caf[ée])s?\b,coffee filters,bs (Less Than 5 Feet Long) Weeds Food Scraps Bread and Pasta Meat and Bones Cheese Egg Shells Fruits Vegetables Shellfish Food-Soiled Paper Coffee Filters Greasy Pizza Boxes Napkins Paper Towels Tea Bags Compostable Packaging Paper and Cardboard Take-Out Boxes (no plastic lining) BPI Certified,Collection liners only,"\b(use|can\s+use|may\s+use|allowed\s+to\s+use|line|pack|collect|wrap)\b.{0,160}\b(compostable|bioplastic|biodegradable|paper)\s+(bag|liner|sack)s?","line it: if you decide to line your collection bin, use paper bags, newspaper, or bpi-certified compostable liners"
[50],"United States - Woodland, California - City of Woodland / municipal sorting rule",Generic compostable packaging / plastics,Rejected,Source-level rule is liner-only; this broader application category is outside the accepted application scope.,"\b(compostable|biodegradable|industrially\s+compostable|certified\s+compostable|bioplastic|bio[- ]?plastic|bioplastics|composteerbaar\w*|kompostierbar\w*|compostabil\w*|biod[ée]gradable\w*|biohajoava|kompostoituva|biolagunev\w*|kompostitav\w*|biolo[šs]ko\s+razgradljiv\w*|kompostowaln\w*|biodegradowaln\w*)\b.{0,140}\b(packaging|plastic|plastics|product|products|material|materials|item|items|verpackungen|kunststoff|emballage|embalagem|imballagg|envase|verpakking|pakend|pakkauks|opakowania|embala[žz]a|obaly|muovi|pakkauks|label|sticker)\w*",compostable packaging paper and cardboard take-out boxes (no plastic lining) bpi certified compostable bags compostable packaging,t and Bones Cheese Egg Shells Fruits Vegetables Shellfish Food-Soiled Paper Coffee Filters Greasy Pizza Boxes Napkins Paper Towels Tea Bags Compostable Packaging Paper and Cardboard Take-Out Boxes (no plastic lining) BPI Certified Compostable Bags Compostable Packaging Resources Organics Flyer (PDF) - Find out what is and is not recyclable in your organics bin/cart. Tips for Keeping Your Indoor Food Scrap,Collection liners only,"\b(use|can\s+use|may\s+use|allowed\s+to\s+use|line|pack|collect|wrap)\b.{0,160}\b(compostable|bioplastic|biodegradable|paper)\s+(bag|liner|sack)s?","line it: if you decide to line your collection bin, use paper bags, newspaper, or bpi-certified compostable liners"
[51],"United States - San Antonio, Texas - City of San Antonio / municipal sorting rule",Food-waste liners / collection bags,Accepted with conditions,"Food-waste liners are accepted only as official/designated, locally/facility-approved, or otherwise restricted collection items.","\b(can|may|must|should|accepted|allowed|permitted|collected|used|use)\b.{0,120}\b(compostable|biodegradable|paper|kraft)\s+(food[- ]?waste\s+)?(bag|liner|sack)s?\b.{0,120}\b(food[- ]?waste|organic\s*waste|organics?|biowaste|green\s*cart|green\s*bin|brown\s*bin|caddy)\b",should be either loose or placed in paper bags. make sure the lid can close completely. green organics,"overstuff the green cart. For example, grass clippings are surprisingly heavy. Cut branches and small limbs into 3-feet sections. Materials should be either loose or placed in paper bags. Make sure the lid can close completely. Green organics carts are available in 48-gallon, 64-gallon and 96-gallon sizes. To request a different size or report a lost or damaged cart, call 3-1-1 o",Collection liners only,"\b(can|may|must|should|accepted|allowed|permitted|collected|used|use)\b.{0,120}\b(compostable|biodegradable|paper|kraft)\s+(food[- ]?waste\s+)?(bag|liner|sack)s?\b.{0,120}\b(food[- ]?waste|organic\s*waste|organics?|biowaste|green\s*cart|green\s*bin|brown\s*bin|caddy)\b",should be either loose or placed in paper bags. make sure the lid can close completely. green organics
[51],"United States - San Antonio, Texas - City of San Antonio / municipal sorting rule",Tea/coffee preparation items,Rejected,Source-level rule is liner-only; this broader application category is outside the accepted application scope.,\b(tea\s*bag|teabag|coffee\s*filter|coffee\s*(pod|capsule)|k[- ]?cup|espresso\s*capsule|teebeutel|kaffeefilter|theezakjes?|koffiefilters?|sachet[s]?\s+de\s+th[ée]|filtre[s]?\s+.*caf[ée]|capsule[s]?\s+de\s+caf[ée])s?\b,coffee filters,"ls Food Soiled Paper - Paper cups and plates, paper takeout boxes, cups (no plastic lids) and wrappers, pizza boxes, napkins, paper towels, coffee filters and tea bags. Food Waste - Peels and cores, rinds, husks, table scraps, nuts and grains, bread, cereal and pasta, eggshells, coffee grounds",Collection liners only,"\b(can|may|must|should|accepted|allowed|permitted|collected|used|use)\b.{0,120}\b(compostable|biodegradable|paper|kraft)\s+(food[- ]?waste\s+)?(bag|liner|sack)s?\b.{0,120}\b(food[- ]?waste|organic\s*waste|organics?|biowaste|green\s*cart|green\s*bin|brown\s*bin|caddy)\b",should be either loose or placed in paper bags. make sure the lid can close completely. green organics
[51],"United States - San Antonio, Texas - City of San Antonio / municipal sorting rule",Food-soiled paper / fibre packaging,Rejected,Source-level rule is liner-only; this broader application category is outside the accepted application scope.,\b(food[- ]?soiled|soiled|greasy)\s+(paper|cardboard|fibre|fiber|napkin|paper\s*towel|pizza\s*box|paper\s*bag|food\s*wrapper|takeout\s*container)s?\b,food soiled paper,"4-gallon and 96-gallon sizes. To request a different size or report a lost or damaged cart, call 3-1-1 or 210-207-6000 . Accepted Materials Food Soiled Paper - Paper cups and plates, paper takeout boxes, cups (no plastic lids) and wrappers, pizza boxes, napkins, paper towels, coffee filters and t",Collection liners only,"\b(can|may|must|should|accepted|allowed|permitted|collected|used|use)\b.{0,120}\b(compostable|biodegradable|paper|kraft)\s+(food[- ]?waste\s+)?(bag|liner|sack)s?\b.{0,120}\b(food[- ]?waste|organic\s*waste|organics?|biowaste|green\s*cart|green\s*bin|brown\s*bin|caddy)\b",should be either loose or placed in paper bags. make sure the lid can close completely. green organics
[51],"United States - San Antonio, Texas - City of San Antonio / municipal sorting rule",Generic compostable packaging / plastics,Rejected,Source-level rule is liner-only; this broader application category is outside the accepted application scope.,"\b(compostable|biodegradable|industrially\s+compostable|certified\s+compostable|bioplastic|bio[- ]?plastic|bioplastics|composteerbaar\w*|kompostierbar\w*|compostabil\w*|biod[ée]gradable\w*|biohajoava|kompostoituva|biolagunev\w*|kompostitav\w*|biolo[šs]ko\s+razgradljiv\w*|kompostowaln\w*|biodegradowaln\w*)\b.{0,140}\b(packaging|plastic|plastics|product|products|material|materials|item|items|verpackungen|kunststoff|emballage|embalagem|imballagg|envase|verpakking|pakend|pakkauks|opakowania|embala[žz]a|obaly|muovi|pakkauks|label|sticker)\w*","compostable' or 'biodegradable', as some do not break down. other non-accepted material","n brown paper bags (but never plastic bags!) Unaccepted Materials Our organics program does not accept material placed in bags marketed as ‘compostable’ or ‘biodegradable’, as some do not break down. Other non-accepted material includes: Bottl ---WINDOW--- opens in new tab or window Skip to main content Quick Links Official website of the City of San Antonio Englis",Collection liners only,"\b(can|may|must|should|accepted|allowed|permitted|collected|used|use)\b.{0,120}\b(compostable|biodegradable|paper|kraft)\s+(food[- ]?waste\s+)?(bag|liner|sack)s?\b.{0,120}\b(food[- ]?waste|organic\s*waste|organics?|biowaste|green\s*cart|green\s*bin|brown\s*bin|caddy)\b",should be either loose or placed in paper bags. make sure the lid can close completely. green organics
[52],"United States - Boulder County, Colorado - Boulder County / A1 Organics-linked guidance / regional government guidance",Food-service ware / takeaway packaging,Rejected,Source-level evidence rejects compostable packaging/items or identifies no accepted organics route.,\b(food[- ]?service|serviceware|take[- ]?away|takeout|to[- ]?go|catering|event|festival|venue|closed[- ]?loop)\b,serviceware,"compostable items brought to their facility. Local haulers will no longer be able to collect items like napkins, paper towels, compostable serviceware, and more from both residential and commercial customers. Learn more about these changes in the frequently asked questions below. What are",Rejected,"\b(not\s+accepted|not\s+allowed|do\s+not\s+put|don't\s+put|must\s+not|should\s+not|prohibited|rejected|not\s+permitted|not\s+suitable|cannot|can\s*not|can’t|can't|contamination|contaminant)\b.{0,180}\b(compostable|biodegradable|bioplastic|bio[- ]?plastic|compostable\s+packag|biodegradable\s+packag|serviceware|cup|cutlery)","contamination in the compostables (specifically plastic, glass, metal, and other non-compostable"
[52],"United States - Boulder County, Colorado - Boulder County / A1 Organics-linked guidance / regional government guidance",Generic compostable packaging / plastics,Rejected,Source-level evidence rejects compostable packaging/items or identifies no accepted organics route.,"\b(compostable|biodegradable|industrially\s+compostable|certified\s+compostable|bioplastic|bio[- ]?plastic|bioplastics|composteerbaar\w*|kompostierbar\w*|compostabil\w*|biod[ée]gradable\w*|biohajoava|kompostoituva|biolagunev\w*|kompostitav\w*|biolo[šs]ko\s+razgradljiv\w*|kompostowaln\w*|biodegradowaln\w*)\b.{0,140}\b(packaging|plastic|plastics|product|products|material|materials|item|items|verpackungen|kunststoff|emballage|embalagem|imballagg|envase|verpakking|pakend|pakkauks|opakowania|embala[žz]a|obaly|muovi|pakkauks|label|sticker)\w*",compostable items brought to their facility. local haulers will no longer be able to collect items,"starting April 1, 2023 Starting April 1, 2023, the region’s compost processor, A1 Organics, will only accept food scraps and yard waste as compostable items brought to their facility. Local haulers will no longer be able to collect items like napkins, paper towels, compostable serviceware, and more from both residential and commercial customers. Learn more about these change",Rejected,"\b(not\s+accepted|not\s+allowed|do\s+not\s+put|don't\s+put|must\s+not|should\s+not|prohibited|rejected|not\s+permitted|not\s+suitable|cannot|can\s*not|can’t|can't|contamination|contaminant)\b.{0,180}\b(compostable|biodegradable|bioplastic|bio[- ]?plastic|compostable\s+packag|biodegradable\s+packag|serviceware|cup|cutlery)","contamination in the compostables (specifically plastic, glass, metal, and other non-compostable"
[53],"Canada - Toronto, Ontario - City of Toronto / municipal organics guide",Food-waste liners / collection bags,Accepted,"Application is accepted in the ordinary organics route; certification or generic compostability is treated as product qualification, not a scenario restriction.",\b(caddy\s*liner|kitchen\s*caddy|food[- ]?waste\s*(bag|liner)|bio\s*bag|biobag|compostable\s*(bag|liner)|green\s*bag|brown\s*bag|collection\s*(bag|liner)|organic\s*waste\s*bag|organics\s*bag|biowaste\s*bag|food\s*scraps?\s*bag)s?\b,compostable bags,"if accepted in the Blue Bin or put in the garbage. • Remove stickers, elastic bands and twist ties f rom produce. • Line your kitchen container for organics or G reen Bin. Do not line both. Use any plastic bag or paper bag to line either container. Compostable bags are not necessary. • Twi",Accepted broadly,"\b(compostable|certified\s+compostable|bpi[- ]?certified)\b.{0,100}\b(serviceware|food[- ]?service|take[- ]?away|cups?|plates?|bowls?|containers?|cutlery|packaging)\b.{0,140}\b(accepted|allowed|permitted|can\s+(?:go|be\s+placed)|may\s+(?:go|be\s+placed)|place[d]?\s+in|put\s+in)\b.{0,100}\b(green\s+bin|brown\s+bin|organics?|organic\s+waste|food\s+waste|compost(?:ing)?)\b","compostable or biodegradable such as cups, cutlery and coffee pods are not accepted in toronto's green bin program, and must go in the garbage. how green bin"
[53],"Canada - Toronto, Ontario - City of Toronto / municipal organics guide",Tea/coffee preparation items,Accepted,"Application is accepted in the ordinary organics route; certification or generic compostability is treated as product qualification, not a scenario restriction.",\b(tea\s*bag|teabag|coffee\s*filter|coffee\s*(pod|capsule)|k[- ]?cup|espresso\s*capsule|teebeutel|kaffeefilter|theezakjes?|koffiefilters?|sachet[s]?\s+de\s+th[ée]|filtre[s]?\s+.*caf[ée]|capsule[s]?\s+de\s+caf[ée])s?\b,tea bags,"grains, c ereals Nuts, nutshells Meat, poultry, fish, shellfish ( including bones) *Fresh, frozen, dried, prepared, cooked or spoiled OTHER ITEMS including: Coffee grounds, paper filters, tea bags T issues, paper napkins, paper towels (chemical-soiled ones go in the garbage) F",Accepted broadly,"\b(compostable|certified\s+compostable|bpi[- ]?certified)\b.{0,100}\b(serviceware|food[- ]?service|take[- ]?away|cups?|plates?|bowls?|containers?|cutlery|packaging)\b.{0,140}\b(accepted|allowed|permitted|can\s+(?:go|be\s+placed)|may\s+(?:go|be\s+placed)|place[d]?\s+in|put\s+in)\b.{0,100}\b(green\s+bin|brown\s+bin|organics?|organic\s+waste|food\s+waste|compost(?:ing)?)\b","compostable or biodegradable such as cups, cutlery and coffee pods are not accepted in toronto's green bin program, and must go in the garbage. how green bin"
[53],"Canada - Toronto, Ontario - City of Toronto / municipal organics guide",Generic compostable packaging / plastics,Accepted,"Application is accepted in the ordinary organics route; certification or generic compostability is treated as product qualification, not a scenario restriction.","\b(compostable|biodegradable|industrially\s+compostable|certified\s+compostable|bioplastic|bio[- ]?plastic|bioplastics|composteerbaar\w*|kompostierbar\w*|compostabil\w*|biod[ée]gradable\w*|biohajoava|kompostoituva|biolagunev\w*|kompostitav\w*|biolo[šs]ko\s+razgradljiv\w*|kompostowaln\w*|biodegradowaln\w*)\b.{0,140}\b(packaging|plastic|plastics|product|products|material|materials|item|items|verpackungen|kunststoff|emballage|embalagem|imballagg|envase|verpakking|pakend|pakkauks|opakowania|embala[žz]a|obaly|muovi|pakkauks|label|sticker)\w*","compostable plastic, wax and p lastic-lined paper items",". bags, plates, pizza boxes) D iapers, feminine hygiene products Paper muffin cups Pet waste, cage bedding House plants (shake off dirt) Updated March 2025 NO Packaging (plastic, foam, foil, glass etc.) Compostable plastic, wax and p lastic-lined paper items (e.g. cups, plates, containers, cutlery) Waxed and parchment",Accepted broadly,"\b(compostable|certified\s+compostable|bpi[- ]?certified)\b.{0,100}\b(serviceware|food[- ]?service|take[- ]?away|cups?|plates?|bowls?|containers?|cutlery|packaging)\b.{0,140}\b(accepted|allowed|permitted|can\s+(?:go|be\s+placed)|may\s+(?:go|be\s+placed)|place[d]?\s+in|put\s+in)\b.{0,100}\b(green\s+bin|brown\s+bin|organics?|organic\s+waste|food\s+waste|compost(?:ing)?)\b","compostable or biodegradable such as cups, cutlery and coffee pods are not accepted in toronto's green bin program, and must go in the garbage. how green bin"
[54],"Canada - Vancouver, British Columbia - City of Vancouver / municipal sorting guide",Tea/coffee preparation items,Accepted,"Application is accepted in the ordinary organics route; certification or generic compostability is treated as product qualification, not a scenario restriction.",\b(tea\s*bag|teabag|coffee\s*filter|coffee\s*(pod|capsule)|k[- ]?cup|espresso\s*capsule|teebeutel|kaffeefilter|theezakjes?|koffiefilters?|sachet[s]?\s+de\s+th[ée]|filtre[s]?\s+.*caf[ée]|capsule[s]?\s+de\s+caf[ée])s?\b,teabags,"Accepted Pumpkins Accepted Salads and dressing Accepted Small amounts of cooking oil or fat absorbed in a paper towel or newspaper Accepted Teabags, coffee grounds, and filters Food-soiled paper Accepted Empty cereal boxes used for food scraps (no plastic liner) Accepted Newspaper (for",Accepted broadly,"\b(compostable|certified\s+compostable|bpi[- ]?certified)\b.{0,100}\b(serviceware|food[- ]?service|take[- ]?away|cups?|plates?|bowls?|containers?|cutlery|packaging)\b.{0,140}\b(accepted|allowed|permitted|can\s+(?:go|be\s+placed)|may\s+(?:go|be\s+placed)|place[d]?\s+in|put\s+in)\b.{0,100}\b(green\s+bin|brown\s+bin|organics?|organic\s+waste|food\s+waste|compost(?:ing)?)\b","compostable or biodegradable not accepted plastic cutlery, containers or packaging, including items labelled as compostable or biodegradable not accepted plastic foam packaging (styrofoam) not accepted recyclable containers and packaging not accepted vacuum or dryer lint review green bin"
[54],"Canada - Vancouver, British Columbia - City of Vancouver / municipal sorting guide",Food-soiled paper / fibre packaging,Accepted,"Application is accepted in the ordinary organics route; certification or generic compostability is treated as product qualification, not a scenario restriction.",\b(food[- ]?soiled|soiled|greasy)\s+(paper|cardboard|fibre|fiber|napkin|paper\s*towel|pizza\s*box|paper\s*bag|food\s*wrapper|takeout\s*container)s?\b,food-soiled paper,"dressing Accepted Small amounts of cooking oil or fat absorbed in a paper towel or newspaper Accepted Teabags, coffee grounds, and filters Food-soiled paper Accepted Empty cereal boxes used for food scraps (no plastic liner) Accepted Newspaper (for wrapping food scraps or lining kitchen containe",Accepted broadly,"\b(compostable|certified\s+compostable|bpi[- ]?certified)\b.{0,100}\b(serviceware|food[- ]?service|take[- ]?away|cups?|plates?|bowls?|containers?|cutlery|packaging)\b.{0,140}\b(accepted|allowed|permitted|can\s+(?:go|be\s+placed)|may\s+(?:go|be\s+placed)|place[d]?\s+in|put\s+in)\b.{0,100}\b(green\s+bin|brown\s+bin|organics?|organic\s+waste|food\s+waste|compost(?:ing)?)\b","compostable or biodegradable not accepted plastic cutlery, containers or packaging, including items labelled as compostable or biodegradable not accepted plastic foam packaging (styrofoam) not accepted recyclable containers and packaging not accepted vacuum or dryer lint review green bin"
[54],"Canada - Vancouver, British Columbia - City of Vancouver / municipal sorting guide",Generic compostable packaging / plastics,Accepted,"Application is accepted in the ordinary organics route; certification or generic compostability is treated as product qualification, not a scenario restriction.","\b(compostable|biodegradable|industrially\s+compostable|certified\s+compostable|bioplastic|bio[- ]?plastic|bioplastics|composteerbaar\w*|kompostierbar\w*|compostabil\w*|biod[ée]gradable\w*|biohajoava|kompostoituva|biolagunev\w*|kompostitav\w*|biolo[šs]ko\s+razgradljiv\w*|kompostowaln\w*|biodegradowaln\w*)\b.{0,140}\b(packaging|plastic|plastics|product|products|material|materials|item|items|verpackungen|kunststoff|emballage|embalagem|imballagg|envase|verpakking|pakend|pakkauks|opakowania|embala[žz]a|obaly|muovi|pakkauks|label|sticker)\w*","biodegradable"" or ""compostable"" - for your food waste and do not put plastic materials in your green bin. plastic","p to content | https://vancouver.ca/home-property-development/green-bin-composting-food-scraps-and-yard-waste.aspx s – even those labelled ""biodegradable"" or ""compostable"" – for your food waste and do not put plastic materials in your green bin. Plastic (of any type) is a contamination risk if put into your green bin and is not accepted by our processor for composting. Important note If pla",Accepted broadly,"\b(compostable|certified\s+compostable|bpi[- ]?certified)\b.{0,100}\b(serviceware|food[- ]?service|take[- ]?away|cups?|plates?|bowls?|containers?|cutlery|packaging)\b.{0,140}\b(accepted|allowed|permitted|can\s+(?:go|be\s+placed)|may\s+(?:go|be\s+placed)|place[d]?\s+in|put\s+in)\b.{0,100}\b(green\s+bin|brown\s+bin|organics?|organic\s+waste|food\s+waste|compost(?:ing)?)\b","compostable or biodegradable not accepted plastic cutlery, containers or packaging, including items labelled as compostable or biodegradable not accepted plastic foam packaging (styrofoam) not accepted recyclable containers and packaging not accepted vacuum or dryer lint review green bin"
[55],"Canada - Calgary, Alberta - City of Calgary / municipal guidance",Food-waste liners / collection bags,Accepted,Food-waste liners/collection bags are accepted in the ordinary organics route; certification or compostability wording is treated as product qualification.,\b(caddy\s*liner|kitchen\s*caddy|food[- ]?waste\s*(bag|liner)|bio\s*bag|biobag|compostable\s*(bag|liner)|green\s*bag|brown\s*bag|collection\s*(bag|liner)|organic\s*waste\s*bag|organics\s*bag|biowaste\s*bag|food\s*scraps?\s*bag)s?\b,compostable bags,"/waste/residential/compostable-bags-liners.html Information Skip to main content Search Submit search Submit search Search Close Acceptable compostable bags and liners Acceptable compostable bags and liners Using a compost bag is a great way to keep your kitchen pail and green cart clean, as wel",Collection liners only,"\b(food[- ]?waste|bio[- ]?waste|organic\s*waste|kitchen\s*caddy)\b.{0,160}\b(compostable|biodegradable|paper)\s+(bag|liner|sack)s?",food waste bags 46.5 l tall bin liner frank 7.5 l small waste bags 46.5 l tall waste bags brands available: bag to earth small lined paper bag large lined paper bag
[55],"Canada - Calgary, Alberta - City of Calgary / municipal guidance",Generic compostable packaging / plastics,Rejected,Source-level rule is liner-only; this broader application category is outside the accepted application scope.,"\b(compostable|biodegradable|industrially\s+compostable|certified\s+compostable|bioplastic|bio[- ]?plastic|bioplastics|composteerbaar\w*|kompostierbar\w*|compostabil\w*|biod[ée]gradable\w*|biohajoava|kompostoituva|biolagunev\w*|kompostitav\w*|biolo[šs]ko\s+razgradljiv\w*|kompostowaln\w*|biodegradowaln\w*)\b.{0,140}\b(packaging|plastic|plastics|product|products|material|materials|item|items|verpackungen|kunststoff|emballage|embalagem|imballagg|envase|verpakking|pakend|pakkauks|opakowania|embala[žz]a|obaly|muovi|pakkauks|label|sticker)\w*",certified compostable bags carried by retailers in calgary. this is not a complete list - contact your preferred location to confirm product,"hen pail bag Must have certified compostable logo Certified compostable bag options If you choose to use a liner, here are some examples of certified compostable bags carried by retailers in Calgary. This is not a complete list - contact your preferred location to confirm product availability.​ Pet waste certified compostable bags Locations available Locations available: Calgary Co-op Pet Planet Earth Rated Compostab",Collection liners only,"\b(food[- ]?waste|bio[- ]?waste|organic\s*waste|kitchen\s*caddy)\b.{0,160}\b(compostable|biodegradable|paper)\s+(bag|liner|sack)s?",food waste bags 46.5 l tall bin liner frank 7.5 l small waste bags 46.5 l tall waste bags brands available: bag to earth small lined paper bag large lined paper bag
[56],Canada - Montreal / Lachine borough - Lachine Borough / municipal FAQ,Food-waste liners / collection bags,Accepted,Food-waste liners/collection bags are accepted in the ordinary organics route; certification or compostability wording is treated as product qualification.,"\b(can|may|must|should|accepted|allowed|permitted|collected|used|use)\b.{0,120}\b(compostable|biodegradable|paper|kraft)\s+(food[- ]?waste\s+)?(bag|liner|sack)s?\b.{0,120}\b(food[- ]?waste|organic\s*waste|organics?|biowaste|green\s*cart|green\s*bin|brown\s*bin|caddy)\b",can wrap your organic waste in a sheet of newsprint and then place it directly in the paper bag or in the brown bin,"cover • Layers: each time you add organic waste, cover it with layer of newsprint or other (soiled) pa- per waste. Q : Compost is disgusting: I don’t want to touch it. A : You can wrap your organic waste in a sheet of newsprint and then place it directly in the paper bag or in the brown bin. otHer : Q : I have a handicap and cannot bring the bin to the curb. A : Please consider asking h",Collection liners only,"\b(use|can\s+use|may\s+use|allowed\s+to\s+use|line|pack|collect|wrap)\b.{0,160}\b(compostable|bioplastic|biodegradable|paper)\s+(bag|liner|sack)s?","use them, you can buy compostable paper bags"
[56],Canada - Montreal / Lachine borough - Lachine Borough / municipal FAQ,Flexible films/wraps/pouches,Rejected,Source-level rule is liner-only; this broader application category is outside the accepted application scope.,"\b(mailer|postal\s*bag|e[- ]?commerce\s*packaging|garment\s*bag|poly\s*bag|protective\s*film|stretch\s*film|shrink\s*film|wrapper|wrap|pouch|pouches|wikkels|films?|folien|buste)\w*\b.{0,160}\b(compostable|biodegradable|bioplastic|compostabil|biodegradabil|organic waste|compost|brown\s+bin|green\s+cart)",wrap around smelly materials. you can find free newspapers at stores or in metro stations. q : the new brown bin,"l grocery stores, pharmacies and hardware stores (ex IGA, Pharmaprix, Rona). If you don’t want to buy bags, you can use newsprint to line your bins and wrap around smelly materials. You can find free newspapers at stores or in metro stations. Q : The new brown bin is too big for my apartment and I don’t have a balcony nor yard – what can I do? A : You can share your bin with a neighbour",Collection liners only,"\b(use|can\s+use|may\s+use|allowed\s+to\s+use|line|pack|collect|wrap)\b.{0,160}\b(compostable|bioplastic|biodegradable|paper)\s+(bag|liner|sack)s?","use them, you can buy compostable paper bags"
[56],Canada - Montreal / Lachine borough - Lachine Borough / municipal FAQ,Generic compostable packaging / plastics,Rejected,Source-level rule is liner-only; this broader application category is outside the accepted application scope.,"\b(compostable|biodegradable|industrially\s+compostable|certified\s+compostable|bioplastic|bio[- ]?plastic|bioplastics|composteerbaar\w*|kompostierbar\w*|compostabil\w*|biod[ée]gradable\w*|biohajoava|kompostoituva|biolagunev\w*|kompostitav\w*|biolo[šs]ko\s+razgradljiv\w*|kompostowaln\w*|biodegradowaln\w*)\b.{0,140}\b(packaging|plastic|plastics|product|products|material|materials|item|items|verpackungen|kunststoff|emballage|embalagem|imballagg|envase|verpakking|pakend|pakkauks|opakowania|embala[žz]a|obaly|muovi|pakkauks|label|sticker)\w*",compostable plastic,": You can share your bin with a neighbour. If you want to ask for another size, please use our online request form or call us at 514 634-7205. Q : Why are compostable plastic bags prohibited in Lachine, while you can use them in other parts of Montreal? A : The site which will be used by Lachine",Collection liners only,"\b(use|can\s+use|may\s+use|allowed\s+to\s+use|line|pack|collect|wrap)\b.{0,160}\b(compostable|bioplastic|biodegradable|paper)\s+(bag|liner|sack)s?","use them, you can buy compostable paper bags"
[57],"Canada - London, Ontario - City of London / municipal sorting rule",Food-waste liners / collection bags,Accepted,Food-waste liners/collection bags are accepted in the ordinary organics route; certification or compostability wording is treated as product qualification.,\b(caddy\s*liner|kitchen\s*caddy|food[- ]?waste\s*(bag|liner)|bio\s*bag|biobag|compostable\s*(bag|liner)|green\s*bag|brown\s*bag|collection\s*(bag|liner)|organic\s*waste\s*bag|organics\s*bag|biowaste\s*bag|food\s*scraps?\s*bag)s?\b,compostable liner,"accepted in the Green Bin: Paper liner bags – such as newsprint, paper take-out bags. These bags do not have a certification logo. Certified compostable liner bags - look for these symbols when choosing compostable bags: Please beware! There are other bags that look like certified compostable ba",Collection liners only,"\b(use|can\s+use|may\s+use|allowed\s+to\s+use|line|pack|collect|wrap)\b.{0,160}\b(compostable|bioplastic|biodegradable|paper)\s+(bag|liner|sack)s?",line your green bin with paper products or certified compostable bags
[57],"Canada - London, Ontario - City of London / municipal sorting rule",Tea/coffee preparation items,Rejected,Source-level rule is liner-only; this broader application category is outside the accepted application scope.,\b(tea\s*bag|teabag|coffee\s*filter|coffee\s*(pod|capsule)|k[- ]?cup|espresso\s*capsule|teebeutel|kaffeefilter|theezakjes?|koffiefilters?|sachet[s]?\s+de\s+th[ée]|filtre[s]?\s+.*caf[ée]|capsule[s]?\s+de\s+caf[ée])s?\b,coffee filters,"s a list of acceptable materials for your Green Bin: Food waste: Baked goods and candy Bread, cereal, pasta, noodles, rice, beans and grains Coffee filters, grounds and paper teabags Dairy products, milk, yogurt, butter and cheese Dry baking ingredients, herbs and spices Eggs and eggshells Fat",Collection liners only,"\b(use|can\s+use|may\s+use|allowed\s+to\s+use|line|pack|collect|wrap)\b.{0,160}\b(compostable|bioplastic|biodegradable|paper)\s+(bag|liner|sack)s?",line your green bin with paper products or certified compostable bags
[57],"Canada - London, Ontario - City of London / municipal sorting rule",Food-soiled paper / fibre packaging,Rejected,Source-level rule is liner-only; this broader application category is outside the accepted application scope.,\b(food[- ]?soiled|soiled|greasy)\s+(paper|cardboard|fibre|fiber|napkin|paper\s*towel|pizza\s*box|paper\s*bag|food\s*wrapper|takeout\s*container)s?\b,food-soiled paper,"rbside by 7:00 a.m., but no earlier than 6:00 p.m. the night before collection day. Ensure only acceptable materials such as food waste and food-soiled paper products are placed inside the Green Bin. Unacceptable materials include plastic bags and plastic packaging, pet waste, recyclable material",Collection liners only,"\b(use|can\s+use|may\s+use|allowed\s+to\s+use|line|pack|collect|wrap)\b.{0,160}\b(compostable|bioplastic|biodegradable|paper)\s+(bag|liner|sack)s?",line your green bin with paper products or certified compostable bags
[57],"Canada - London, Ontario - City of London / municipal sorting rule",Generic compostable packaging / plastics,Rejected,Source-level rule is liner-only; this broader application category is outside the accepted application scope.,"\b(compostable|biodegradable|industrially\s+compostable|certified\s+compostable|bioplastic|bio[- ]?plastic|bioplastics|composteerbaar\w*|kompostierbar\w*|compostabil\w*|biod[ée]gradable\w*|biohajoava|kompostoituva|biolagunev\w*|kompostitav\w*|biolo[šs]ko\s+razgradljiv\w*|kompostowaln\w*|biodegradowaln\w*)\b.{0,140}\b(packaging|plastic|plastics|product|products|material|materials|item|items|verpackungen|kunststoff|emballage|embalagem|imballagg|envase|verpakking|pakend|pakkauks|opakowania|embala[žz]a|obaly|muovi|pakkauks|label|sticker)\w*",compostable or plastic all plastic items leaf and yard waste how to store the items,"ot beverage cups Cigarettes Baby wipes, diapers, sanitary products Chewing gum Elastic bands Food stickers Painted or treated wood Cutlery – compostable or plastic All plastic items Leaf and yard waste How to store the items in my kitchen Residents have been supplied with a small container to collect food waste to make collection of organics more convenient. Th",Collection liners only,"\b(use|can\s+use|may\s+use|allowed\s+to\s+use|line|pack|collect|wrap)\b.{0,160}\b(compostable|bioplastic|biodegradable|paper)\s+(bag|liner|sack)s?",line your green bin with paper products or certified compostable bags
[58],"Canada - Richmond, British Columbia - City of Richmond / municipal sorting rule",Food-waste liners / collection bags,Accepted with conditions,"Food-waste liners are accepted only as official/designated, locally/facility-approved, or otherwise restricted collection items.","\b(can|may|must|should|accepted|allowed|permitted|collected|used|use)\b.{0,120}\b(compostable|biodegradable|paper|kraft)\s+(food[- ]?waste\s+)?(bag|liner|sack)s?\b.{0,120}\b(food[- ]?waste|organic\s*waste|organics?|biowaste|green\s*cart|green\s*bin|brown\s*bin|caddy)\b","can go in the green cart. if it doesn't rip easily, it's probably made of plastic, and goes in the garbage. lined paper bags if your paper bag has cellulose on the inside, it can be recycled in the green cart","astic liner, and should go in the Yellow Bag or Paper Recycling Cart Tea Bags If your tea bag tears easily when wet, it’s made of paper and can go in the Green Cart. If it doesn’t rip easily, it’s probably made of plastic, and goes in the garbage. Lined Paper Bags If your paper bag has cellulose on the inside, it can be recycled in the Green Cart. If it’s lined with plastic (even plastic labelled ""compostable"" or ""biodegradable""), put it in the garbage. Steps to Recycle Food Scraps C",Collection liners only,"\b(use|can\s+use|may\s+use|allowed\s+to\s+use|line|pack|collect|wrap)\b.{0,160}\b(compostable|bioplastic|biodegradable|paper)\s+(bag|liner|sack)s?",line kitchen container with newspaper or paper bag
[58],"Canada - Richmond, British Columbia - City of Richmond / municipal sorting rule",Tea/coffee preparation items,Rejected,Source-level rule is liner-only; this broader application category is outside the accepted application scope.,\b(tea\s*bag|teabag|coffee\s*filter|coffee\s*(pod|capsule)|k[- ]?cup|espresso\s*capsule|teebeutel|kaffeefilter|theezakjes?|koffiefilters?|sachet[s]?\s+de\s+th[ée]|filtre[s]?\s+.*caf[ée]|capsule[s]?\s+de\s+caf[ée])s?\b,tea bags,"ood Scraps & Food Soiled Paper Coffee cups Breads, pasta, rice & noodles Compostable & biodegradable plastic bags Coffee grounds, filters & tea bags Disposable coffee pods Dairy products Flexible plastic* Eggshells Garden hoses or flower pots Fruits & vegetables Large amounts of liquid g",Collection liners only,"\b(use|can\s+use|may\s+use|allowed\s+to\s+use|line|pack|collect|wrap)\b.{0,160}\b(compostable|bioplastic|biodegradable|paper)\s+(bag|liner|sack)s?",line kitchen container with newspaper or paper bag
[58],"Canada - Richmond, British Columbia - City of Richmond / municipal sorting rule",Food-soiled paper / fibre packaging,Rejected,Source-level rule is liner-only; this broader application category is outside the accepted application scope.,\b(food[- ]?soiled|soiled|greasy)\s+(paper|cardboard|fibre|fiber|napkin|paper\s*towel|pizza\s*box|paper\s*bag|food\s*wrapper|takeout\s*container)s?\b,food soiled paper,"od scraps to keep these organic materials out of the garbage. What Goes in Your Green Cart? Accepted Items Not Accepted Items Food Scraps & Food Soiled Paper Coffee cups Breads, pasta, rice & noodles Compostable & biodegradable plastic bags Coffee grounds, filters & tea bags Disposable coffee pod",Collection liners only,"\b(use|can\s+use|may\s+use|allowed\s+to\s+use|line|pack|collect|wrap)\b.{0,160}\b(compostable|bioplastic|biodegradable|paper)\s+(bag|liner|sack)s?",line kitchen container with newspaper or paper bag
[58],"Canada - Richmond, British Columbia - City of Richmond / municipal sorting rule",Generic compostable packaging / plastics,Rejected,Source-level rule is liner-only; this broader application category is outside the accepted application scope.,"\b(compostable|biodegradable|industrially\s+compostable|certified\s+compostable|bioplastic|bio[- ]?plastic|bioplastics|composteerbaar\w*|kompostierbar\w*|compostabil\w*|biod[ée]gradable\w*|biohajoava|kompostoituva|biolagunev\w*|kompostitav\w*|biolo[šs]ko\s+razgradljiv\w*|kompostowaln\w*|biodegradowaln\w*)\b.{0,140}\b(packaging|plastic|plastics|product|products|material|materials|item|items|verpackungen|kunststoff|emballage|embalagem|imballagg|envase|verpakking|pakend|pakkauks|opakowania|embala[žz]a|obaly|muovi|pakkauks|label|sticker)\w*","compostable & biodegradable plastic bags coffee grounds, filters & tea bags disposable coffee pods dairy products flexible plastic",". What Goes in Your Green Cart? Accepted Items Not Accepted Items Food Scraps & Food Soiled Paper Coffee cups Breads, pasta, rice & noodles Compostable & biodegradable plastic bags Coffee grounds, filters & tea bags Disposable coffee pods Dairy products Flexible plastic* Eggshells Garden hoses or flower pots Fruits & vegetables Large amounts of liquid grease or cooking oil* Meat, poultry, fish, shellfish &",Collection liners only,"\b(use|can\s+use|may\s+use|allowed\s+to\s+use|line|pack|collect|wrap)\b.{0,160}\b(compostable|bioplastic|biodegradable|paper)\s+(bag|liner|sack)s?",line kitchen container with newspaper or paper bag
[59],"Canada - Saskatoon, Saskatchewan - City of Saskatoon / municipal sorting rule",Food-waste liners / collection bags,Accepted,Food-waste liners/collection bags are accepted in the ordinary organics route; certification or compostability wording is treated as product qualification.,\b(caddy\s*liner|kitchen\s*caddy|food[- ]?waste\s*(bag|liner)|bio\s*bag|biobag|compostable\s*(bag|liner)|green\s*bag|brown\s*bag|collection\s*(bag|liner)|organic\s*waste\s*bag|organics\s*bag|biowaste\s*bag|food\s*scraps?\s*bag)s?\b,compostable bags,"Soiled Paper Products Meat and Seafood Dairy Products (yogurt, butter and cheese) Solidified Fats and Food Grease Baked Goods BPI-Certified Compostable Bags Items in BLACK or BLUE are NOT acceptable for your new green cart: Pet Waste and Bags Styrofoam Diapers and Hygiene Products Plastic Bags a",Collection liners only,"\b(use|can\s+use|may\s+use|allowed\s+to\s+use|line|pack|collect|wrap)\b.{0,160}\b(compostable|bioplastic|biodegradable|paper)\s+(bag|liner|sack)s?",line it with one of the provided bags or use a paper liner to reduce moisture and odors. only bpi-certified compostable or paper liners
[59],"Canada - Saskatoon, Saskatchewan - City of Saskatoon / municipal sorting rule",Tea/coffee preparation items,Rejected,Source-level rule is liner-only; this broader application category is outside the accepted application scope.,\b(tea\s*bag|teabag|coffee\s*filter|coffee\s*(pod|capsule)|k[- ]?cup|espresso\s*capsule|teebeutel|kaffeefilter|theezakjes?|koffiefilters?|sachet[s]?\s+de\s+th[ée]|filtre[s]?\s+.*caf[ée]|capsule[s]?\s+de\s+caf[ée])s?\b,teabags,"e for your new green cart: Unbagged Yard Waste Fruit and Vegetables Bread, Noodles and Other Grains Coffee Grounds, Paper Filters and Paper Teabags Eggs and Eggshells Food-Soiled Paper Products Meat and Seafood Dairy Products (yogurt, butter and cheese) Solidified Fats and Food Grease B",Collection liners only,"\b(use|can\s+use|may\s+use|allowed\s+to\s+use|line|pack|collect|wrap)\b.{0,160}\b(compostable|bioplastic|biodegradable|paper)\s+(bag|liner|sack)s?",line it with one of the provided bags or use a paper liner to reduce moisture and odors. only bpi-certified compostable or paper liners
[59],"Canada - Saskatoon, Saskatchewan - City of Saskatoon / municipal sorting rule",Food-soiled paper / fibre packaging,Rejected,Source-level rule is liner-only; this broader application category is outside the accepted application scope.,\b(food[- ]?soiled|soiled|greasy)\s+(paper|cardboard|fibre|fiber|napkin|paper\s*towel|pizza\s*box|paper\s*bag|food\s*wrapper|takeout\s*container)s?\b,food-soiled paper,"Unbagged Yard Waste Fruit and Vegetables Bread, Noodles and Other Grains Coffee Grounds, Paper Filters and Paper Teabags Eggs and Eggshells Food-Soiled Paper Products Meat and Seafood Dairy Products (yogurt, butter and cheese) Solidified Fats and Food Grease Baked Goods BPI-Certified Compostable",Collection liners only,"\b(use|can\s+use|may\s+use|allowed\s+to\s+use|line|pack|collect|wrap)\b.{0,160}\b(compostable|bioplastic|biodegradable|paper)\s+(bag|liner|sack)s?",line it with one of the provided bags or use a paper liner to reduce moisture and odors. only bpi-certified compostable or paper liners
[59],"Canada - Saskatoon, Saskatchewan - City of Saskatoon / municipal sorting rule",Flexible films/wraps/pouches,Rejected,Source-level rule is liner-only; this broader application category is outside the accepted application scope.,"\b(mailer|postal\s*bag|e[- ]?commerce\s*packaging|garment\s*bag|poly\s*bag|protective\s*film|stretch\s*film|shrink\s*film|wrapper|wrap|pouch|pouches|wikkels|films?|folien|buste)\w*\b.{0,160}\b(compostable|biodegradable|bioplastic|compostabil|biodegradabil|organic waste|compost|brown\s+bin|green\s+cart)","wrap food in a newspaper or napkin to reduce moisture. please do not use waxed, plastic, plastic-lined, or any non-certified bpi compostable or biodegradable","nk or outside your backdoor. Ensure the lid is fully closed. Line your container with BPI-certified compostable or a paper liner, or simply wrap food in a newspaper or napkin to reduce moisture. Please do not use waxed, plastic, plastic-lined, or any non-certified BPI compostable or biodegradable bags. Drain excess liquids, excluding cooking oil, from your food waste before placing in the container. Freeze smelly food waste until col",Collection liners only,"\b(use|can\s+use|may\s+use|allowed\s+to\s+use|line|pack|collect|wrap)\b.{0,160}\b(compostable|bioplastic|biodegradable|paper)\s+(bag|liner|sack)s?",line it with one of the provided bags or use a paper liner to reduce moisture and odors. only bpi-certified compostable or paper liners
[59],"Canada - Saskatoon, Saskatchewan - City of Saskatoon / municipal sorting rule",Generic compostable packaging / plastics,Rejected,Source-level rule is liner-only; this broader application category is outside the accepted application scope.,"\b(compostable|biodegradable|industrially\s+compostable|certified\s+compostable|bioplastic|bio[- ]?plastic|bioplastics|composteerbaar\w*|kompostierbar\w*|compostabil\w*|biod[ée]gradable\w*|biohajoava|kompostoituva|biolagunev\w*|kompostitav\w*|biolo[šs]ko\s+razgradljiv\w*|kompostowaln\w*|biodegradowaln\w*)\b.{0,140}\b(packaging|plastic|plastics|product|products|material|materials|item|items|verpackungen|kunststoff|emballage|embalagem|imballagg|envase|verpakking|pakend|pakkauks|opakowania|embala[žz]a|obaly|muovi|pakkauks|label|sticker)\w*",certified compostable or 100% paper bin liner. watch educational video series items,"he previous subscription service. Do not use plastic bags. Please place your yard and food waste directly into your green cart or use a BPI-certified compostable or 100% paper bin liner. Watch Educational Video Series Items in GREEN are acceptable for your new green cart: Unbagged Yard Waste Fruit and Vegetables Bread, Noodles and Other Grains Coffee Grounds, P",Collection liners only,"\b(use|can\s+use|may\s+use|allowed\s+to\s+use|line|pack|collect|wrap)\b.{0,160}\b(compostable|bioplastic|biodegradable|paper)\s+(bag|liner|sack)s?",line it with one of the provided bags or use a paper liner to reduce moisture and odors. only bpi-certified compostable or paper liners
[60],"Canada - Niagara Region, Ontario - Niagara Region / regional government guidance",Food-service ware / takeaway packaging,Rejected,Source-level rule is liner-only; this broader application category is outside the accepted application scope.,"\b(cup|plate|bowl|tray|container|cutlery|fork|spoon|knife|straw|lid|stoviglie|posate|bicchieri|piatti|contenitori|kahvimuki|kertak[äa]ytt[öo]astia|vaisselle|gobelets?|assiettes?|couverts?|vasos?|platos?|cubiertos?)\w*\b.{0,140}\b(compostable|biodegradable|compostabil|biodegradabil|organic|umido|compost|biohajoava|kompostoituva)",containers/compostable-bags.aspx acceptable compostable,"io - Niagara Region / regional government guidance | Acceptable Compostable Bags and Where to Buy Them | https://www.niagararegion.ca/waste/containers/compostable-bags.aspx Acceptable Compostable Bags and Where to Buy Them When storing your kitchen scraps in your Kitchen Catcher, you can place organic waste directly into it without t",Collection liners only,"\b(use|can\s+use|may\s+use|allowed\s+to\s+use|line|pack|collect|wrap)\b.{0,160}\b(compostable|bioplastic|biodegradable|paper)\s+(bag|liner|sack)s?",use of any liner or you can use one of these acceptable liners: newspaper or flyers cardboard paper bags certified compostable bags
[60],"Canada - Niagara Region, Ontario - Niagara Region / regional government guidance",Shopping/produce bags,Rejected,Source-level rule is liner-only; this broader application category is outside the accepted application scope.,\b(produce\s*bag|fruit\s*(and|&|/)\s*vegetable\s*bag|vegetable\s*bag|carrier\s*bag|shopping\s*bag|checkout\s*bag|very\s*lightweight\s*plastic\s*bag|retail\s*bag|sacchetti\s+per\s+frutta\s+e\s+verdura|shopper)s?\b,shopper,ger GLAD Available at: Canadian Tire Commisso's Food Basics Foodland FreshCo Giant Tiger Lowes Metro No Frills Real Canadian Superstore Rona Shopper's Drug Mart Sobeys Valu-Mart Walmart Wholesale Club Zehrs Great Value Available at: Walmart Natura Available at: Home Hardware No Name Ava,Collection liners only,"\b(use|can\s+use|may\s+use|allowed\s+to\s+use|line|pack|collect|wrap)\b.{0,160}\b(compostable|bioplastic|biodegradable|paper)\s+(bag|liner|sack)s?",use of any liner or you can use one of these acceptable liners: newspaper or flyers cardboard paper bags certified compostable bags
[60],"Canada - Niagara Region, Ontario - Niagara Region / regional government guidance",Generic compostable packaging / plastics,Rejected,Source-level rule is liner-only; this broader application category is outside the accepted application scope.,"\b(compostable|biodegradable|industrially\s+compostable|certified\s+compostable|bioplastic|bio[- ]?plastic|bioplastics|composteerbaar\w*|kompostierbar\w*|compostabil\w*|biod[ée]gradable\w*|biohajoava|kompostoituva|biolagunev\w*|kompostitav\w*|biolo[šs]ko\s+razgradljiv\w*|kompostowaln\w*|biodegradowaln\w*)\b.{0,140}\b(packaging|plastic|plastics|product|products|material|materials|item|items|verpackungen|kunststoff|emballage|embalagem|imballagg|envase|verpakking|pakend|pakkauks|opakowania|embala[žz]a|obaly|muovi|pakkauks|label|sticker)\w*",certified compostable bags look for this certification symbol only certified compostable bags with the biodegradable products,waste directly into it without the use of any liner or you can use one of these acceptable liners: Newspaper or flyers Cardboard Paper bags Certified Compostable Bags Look for this Certification Symbol Only certified compostable bags with the Biodegradable Products Institute or the COMPOSTABLE logos are accepted in the Green Bin / Cart program. Paper bags are also acceptable (no certification logos re,Collection liners only,"\b(use|can\s+use|may\s+use|allowed\s+to\s+use|line|pack|collect|wrap)\b.{0,160}\b(compostable|bioplastic|biodegradable|paper)\s+(bag|liner|sack)s?",use of any liner or you can use one of these acceptable liners: newspaper or flyers cardboard paper bags certified compostable bags
[61],"Canada - Manicouagan, Québec - Régie de gestion des matières résiduelles Manicouagan / composting facility rule",Food-service ware / takeaway packaging,Rejected,Source-level evidence rejects compostable packaging/items or identifies no accepted organics route.,"\b(cup|plate|bowl|tray|container|cutlery|fork|spoon|knife|straw|lid|stoviglie|posate|bicchieri|piatti|contenitori|kahvimuki|kertak[äa]ytt[öo]astia|vaisselle|gobelets?|assiettes?|couverts?|vasos?|platos?|cubiertos?)\w*\b.{0,140}\b(compostable|biodegradable|compostabil|biodegradabil|organic|umido|compost|biohajoava|kompostoituva)","plateforme de compostage est en service, et dans quelques mois, on produira un compost","n LET Selon le ministère de l’Environn ---WINDOW--- Bac brun On est Mûr pour le compost La collecte des matières organiques est débutée, la plateforme de compostage est en service, et dans quelques mois, on produira un compost 100 % local! L’arrivée de ce nouveau venu dans nos foyers suscite certainement des questionnements. Cela impliquera un changement dans vos",Rejected,"(?:intrus\s+du\s+bac\s+brun|d[ée]chets?\s+interdits?).{0,120}(?:plastique\s+compostable|sacs?\s+ou\s+vaisselle/emballages|vaisselle/emballages)","intrus du bac brun + plastique compostable (sacs ou vaisselle/emballages); plastique traditionnel, biodégradable ou oxodégradable (sacs ou vaisselle/emballages"
[62],Canada - Province of Quebec (General Municipal Guidance) - RECYC-QUÉBEC / Bureau de normalisation du Québec (BNQ) / regional government guidance,Food-waste liners / collection bags,Accepted,Food-waste liners/collection bags are accepted in the ordinary organics route; certification or compostability wording is treated as product qualification.,"(?:d[ée]chets?\s+alimentaires|biod[ée]chets?|d[ée]chets?\s+organiques|mati[èe]res?\s+organiques).{0,140}sacs?\s+(?:compostables?|biod[ée]gradables?|bio|en\s+papier|kraft)","matières organiques en vrac, sans sac, est à privilégier. par contre, lorsqu'on veut utiliser des sacs compostables","sacs Rapetisser Agrandir Police Partager cette page Guide d'utilisation des sacs Dans une optique de réduction à la source, la collecte des matières organiques en vrac, sans sac, est à privilégier. Par contre, lorsqu’on veut utiliser des sacs compostables pour la collecte, il faut savoir choisir le bon. En effet, le terme biodégradable n’est pas nécessairement synonyme de compostable. Comment",Collection liners only,"(?:d[ée]chets?\s+alimentaires|biod[ée]chets?|d[ée]chets?\s+organiques|mati[èe]res?\s+organiques).{0,140}sacs?\s+(?:compostables?|biod[ée]gradables?|bio|en\s+papier|kraft)","matières organiques en vrac, sans sac, est à privilégier. par contre, lorsqu'on veut utiliser des sacs compostables"
[62],Canada - Province of Quebec (General Municipal Guidance) - RECYC-QUÉBEC / Bureau de normalisation du Québec (BNQ) / regional government guidance,Generic compostable packaging / plastics,Rejected,Source-level rule is liner-only; this broader application category is outside the accepted application scope.,"\b(compostable|biodegradable|industrially\s+compostable|certified\s+compostable|bioplastic|bio[- ]?plastic|bioplastics|composteerbaar\w*|kompostierbar\w*|compostabil\w*|biod[ée]gradable\w*|biohajoava|kompostoituva|biolagunev\w*|kompostitav\w*|biolo[šs]ko\s+razgradljiv\w*|kompostowaln\w*|biodegradowaln\w*)\b.{0,140}\b(packaging|plastic|plastics|product|products|material|materials|item|items|verpackungen|kunststoff|emballage|embalagem|imballagg|envase|verpakking|pakend|pakkauks|opakowania|embala[žz]a|obaly|muovi|pakkauks|label|sticker)\w*",compostable ou biodégradable? sur le blogue espace pour la vie la fiche emballages,"z les liens suivants : Notre page Guide d’utilisation des sacs de plastique pour récupérer les résidus alimentaires en entreprise L’article Compostable ou biodégradable? sur le blogue Espace pour la vie La fiche Emballages biodégradables et compostables : aussi vert qu’on le pense? (PDF, 634 Ko) d’Éco Entreprises Québec (ÉEQ) Documents pertinents Découvrez ici",Collection liners only,"(?:d[ée]chets?\s+alimentaires|biod[ée]chets?|d[ée]chets?\s+organiques|mati[èe]res?\s+organiques).{0,140}sacs?\s+(?:compostables?|biod[ée]gradables?|bio|en\s+papier|kraft)","matières organiques en vrac, sans sac, est à privilégier. par contre, lorsqu'on veut utiliser des sacs compostables"
[63],Australia - New South Wales - NSW EPA / state government FOGO guidance,Food-waste liners / collection bags,Accepted,Food-waste liners/collection bags are accepted in the ordinary organics route; certification or compostability wording is treated as product qualification.,\b(caddy\s*liner|kitchen\s*caddy|food[- ]?waste\s*(bag|liner)|bio\s*bag|biobag|compostable\s*(bag|liner)|green\s*bag|brown\s*bag|collection\s*(bag|liner)|organic\s*waste\s*bag|organics\s*bag|biowaste\s*bag|food\s*scraps?\s*bag)s?\b,kitchen caddy,d garden waste bin so it can be recycled into top quality compost. Material that goes in FO or FOGO bins Food only Food Compostable plastic kitchen caddy liners that comply with Australian Standard AS 4736-2006 (for commercial composting) used to collect and transfer food waste to the FO bin,Collection liners only,"\b(food[- ]?waste|kitchen|caddy|organics?|organic[- ]?waste|bio[- ]?waste)\s+(caddy\s+)?(bag|liner|sack)s?\b.{0,140}\b(can|may|must|should|accepted|allowed|permitted|collected|used|use)\b",kitchen caddy liners that comply with australian standard as 4736-2006 (for commercial composting) used
[63],Australia - New South Wales - NSW EPA / state government FOGO guidance,Tea/coffee preparation items,Rejected,Source-level rule is liner-only; this broader application category is outside the accepted application scope.,\b(tea\s*bag|teabag|coffee\s*filter|coffee\s*(pod|capsule)|k[- ]?cup|espresso\s*capsule|teebeutel|kaffeefilter|theezakjes?|koffiefilters?|sachet[s]?\s+de\s+th[ée]|filtre[s]?\s+.*caf[ée]|capsule[s]?\s+de\s+caf[ée])s?\b,coffee filters,"s bamboo, timber or cardboard packaging and cutlery, paper towels and serviettes Fibre-based food contact materials including baking paper, coffee filters, paper towels, serviettes; fibre-based food containers such as coffee cups, pizza boxes, plates, bowls; paper bags; cardboard packaging; an",Collection liners only,"\b(food[- ]?waste|kitchen|caddy|organics?|organic[- ]?waste|bio[- ]?waste)\s+(caddy\s+)?(bag|liner|sack)s?\b.{0,140}\b(can|may|must|should|accepted|allowed|permitted|collected|used|use)\b",kitchen caddy liners that comply with australian standard as 4736-2006 (for commercial composting) used
[63],Australia - New South Wales - NSW EPA / state government FOGO guidance,Generic compostable packaging / plastics,Rejected,Source-level rule is liner-only; this broader application category is outside the accepted application scope.,"\b(compostable|biodegradable|industrially\s+compostable|certified\s+compostable|bioplastic|bio[- ]?plastic|bioplastics|composteerbaar\w*|kompostierbar\w*|compostabil\w*|biod[ée]gradable\w*|biohajoava|kompostoituva|biolagunev\w*|kompostitav\w*|biolo[šs]ko\s+razgradljiv\w*|kompostowaln\w*|biodegradowaln\w*)\b.{0,140}\b(packaging|plastic|plastics|product|products|material|materials|item|items|verpackungen|kunststoff|emballage|embalagem|imballagg|envase|verpakking|pakend|pakkauks|opakowania|embala[žz]a|obaly|muovi|pakkauks|label|sticker)\w*",compostable plastic,dded to the green lid garden waste bin so it can be recycled into top quality compost. Material that goes in FO or FOGO bins Food only Food Compostable plastic kitchen caddy liners that comply with Australian Standard AS 4736-2006 (for commercial composting) used to collect and transfer food waste,Collection liners only,"\b(food[- ]?waste|kitchen|caddy|organics?|organic[- ]?waste|bio[- ]?waste)\s+(caddy\s+)?(bag|liner|sack)s?\b.{0,140}\b(can|may|must|should|accepted|allowed|permitted|collected|used|use)\b",kitchen caddy liners that comply with australian standard as 4736-2006 (for commercial composting) used
[64],Australia - City of Sydney - City of Sydney / municipal food-scraps service,Food-waste liners / collection bags,Accepted,Food-waste liners/collection bags are accepted in the ordinary organics route; certification or compostability wording is treated as product qualification.,\b(caddy\s*liner|kitchen\s*caddy|food[- ]?waste\s*(bag|liner)|bio\s*bag|biobag|compostable\s*(bag|liner)|green\s*bag|brown\s*bag|collection\s*(bag|liner)|organic\s*waste\s*bag|organics\s*bag|biowaste\s*bag|food\s*scraps?\s*bag)s?\b,compostable bags,". Alternatively, you can use any container with a lid, for example, an empty ice cream or plastic container. Order your caddy Use certified compostable bags Only use AS 4736 certified compostable bags in your kitchen caddy or food scraps recycling bin – look for this symbol. Compostable bags are",Collection liners only,"\b(use|can\s+use|may\s+use|allowed\s+to\s+use|line|pack|collect|wrap)\b.{0,160}\b(compostable|bioplastic|biodegradable|paper)\s+(bag|liner|sack)s?","can use any container with a lid, for example, an empty ice cream or plastic container. order your caddy use certified compostable bags only use as 4736 certified compostable bags"
[64],Australia - City of Sydney - City of Sydney / municipal food-scraps service,Tea/coffee preparation items,Rejected,Source-level rule is liner-only; this broader application category is outside the accepted application scope.,\b(tea\s*bag|teabag|coffee\s*filter|coffee\s*(pod|capsule)|k[- ]?cup|espresso\s*capsule|teebeutel|kaffeefilter|theezakjes?|koffiefilters?|sachet[s]?\s+de\s+th[ée]|filtre[s]?\s+.*caf[ée]|capsule[s]?\s+de\s+caf[ée])s?\b,tea bags,"h and seafood (soft shells only, example: prawn shells) bread, pastries, cakes and biscuits rice, grains, cereals, and noodles plastic-free tea bags without tags or staples, loose tea leaves, and coffee grounds What doesn’t belong in your maroon lid food scraps bin large bones or hard sh",Collection liners only,"\b(use|can\s+use|may\s+use|allowed\s+to\s+use|line|pack|collect|wrap)\b.{0,160}\b(compostable|bioplastic|biodegradable|paper)\s+(bag|liner|sack)s?","can use any container with a lid, for example, an empty ice cream or plastic container. order your caddy use certified compostable bags only use as 4736 certified compostable bags"
[64],Australia - City of Sydney - City of Sydney / municipal food-scraps service,Flexible films/wraps/pouches,Rejected,Source-level rule is liner-only; this broader application category is outside the accepted application scope.,"\b(compostable|biodegradable|bioplastic|compostabil|biodegradabil)\w*\b.{0,160}\b(film|wrap|wrapper|pouch|mailer|poly\s*bag|garment\s*bag|shopping\s*bag|carrier\s*bag)",compostable bags you can use newspaper to line your kitchen caddy or wrap,compostable bags have a best before period of 12 months. After this time bags will be more likely to fail. If you don’t want to use or buy compostable bags You can use newspaper to line your kitchen caddy or wrap your food scraps before placing in the maroon lid bin. If your bin isn’t collected or is damaged Please fill in an online form to arrange c,Collection liners only,"\b(use|can\s+use|may\s+use|allowed\s+to\s+use|line|pack|collect|wrap)\b.{0,160}\b(compostable|bioplastic|biodegradable|paper)\s+(bag|liner|sack)s?","can use any container with a lid, for example, an empty ice cream or plastic container. order your caddy use certified compostable bags only use as 4736 certified compostable bags"
[64],Australia - City of Sydney - City of Sydney / municipal food-scraps service,Generic compostable packaging / plastics,Rejected,Source-level rule is liner-only; this broader application category is outside the accepted application scope.,"\b(compostable|biodegradable|industrially\s+compostable|certified\s+compostable|bioplastic|bio[- ]?plastic|bioplastics|composteerbaar\w*|kompostierbar\w*|compostabil\w*|biod[ée]gradable\w*|biohajoava|kompostoituva|biolagunev\w*|kompostitav\w*|biolo[šs]ko\s+razgradljiv\w*|kompostowaln\w*|biodegradowaln\w*)\b.{0,140}\b(packaging|plastic|plastics|product|products|material|materials|item|items|verpackungen|kunststoff|emballage|embalagem|imballagg|envase|verpakking|pakend|pakkauks|opakowania|embala[žz]a|obaly|muovi|pakkauks|label|sticker)\w*",certified compostable bags in your kitchen caddy or food scraps recycling bin - look for this symbol. compostable bags are made of plant material,"ontainer with a lid, for example, an empty ice cream or plastic container. Order your caddy Use certified compostable bags Only use AS 4736 certified compostable bags in your kitchen caddy or food scraps recycling bin – look for this symbol. Compostable bags are made of plant material and they break down with your food scraps. Plastic, degradable and biodegradable bags must not be placed into your food scraps bin. They ca",Collection liners only,"\b(use|can\s+use|may\s+use|allowed\s+to\s+use|line|pack|collect|wrap)\b.{0,160}\b(compostable|bioplastic|biodegradable|paper)\s+(bag|liner|sack)s?","can use any container with a lid, for example, an empty ice cream or plastic container. order your caddy use certified compostable bags only use as 4736 certified compostable bags"
[65],"Australia - Melbourne and Manningham, Victoria - City of Melbourne + Manningham / municipal FOGO rules",Food-waste liners / collection bags,Accepted with conditions,"Food-waste liners are accepted only as official/designated, locally/facility-approved, or otherwise restricted collection items.",\b(caddy\s*liner|kitchen\s*caddy|food[- ]?waste\s*(bag|liner)|bio\s*bag|biobag|compostable\s*(bag|liner)|green\s*bag|brown\s*bag|collection\s*(bag|liner)|organic\s*waste\s*bag|organics\s*bag|biowaste\s*bag|food\s*scraps?\s*bag)s?\b,kitchen caddy,e a food and garden organics service to selected high‑rise residential buildings in Melbourne. Find out more Households are supplied with a kitchen caddy and lime-green lid bin to dispose of their food and garden waste. The organics we collect are converted into compost and fertiliser to be u,Collection liners only,"\b(food[- ]?waste|bio[- ]?waste|organic\s*waste|kitchen\s*caddy)\b.{0,160}\b(compostable|biodegradable|paper)\s+(bag|liner|sack)s?",kitchen caddy and a pack of compostable liners
[65],"Australia - Melbourne and Manningham, Victoria - City of Melbourne + Manningham / municipal FOGO rules",Food-service ware / takeaway packaging,Rejected,Source-level rule is liner-only; this broader application category is outside the accepted application scope.,"\b(cup|plate|bowl|tray|container|cutlery|fork|spoon|knife|straw|lid|stoviglie|posate|bicchieri|piatti|contenitori|kahvimuki|kertak[äa]ytt[öo]astia|vaisselle|gobelets?|assiettes?|couverts?|vasos?|platos?|cubiertos?)\w*\b.{0,140}\b(compostable|biodegradable|compostabil|biodegradabil|organic|umido|compost|biohajoava|kompostoituva)",lid bin to dispose of their food and garden waste. the organics we collect are converted into compost,"service to selected high‑rise residential buildings in Melbourne. Find out more Households are supplied with a kitchen caddy and lime-green lid bin to dispose of their food and garden waste. The organics we collect are converted into compost and fertiliser to be used on farms, as well as our parks, gardens and sporting fields. Phase one of the rollout began in June 2021 for sing",Collection liners only,"\b(food[- ]?waste|bio[- ]?waste|organic\s*waste|kitchen\s*caddy)\b.{0,160}\b(compostable|biodegradable|paper)\s+(bag|liner|sack)s?",kitchen caddy and a pack of compostable liners
[66],"Australia - Randwick, New South Wales - Randwick City Council / municipal sorting rule",Food-waste liners / collection bags,Accepted,Food-waste liners/collection bags are accepted in the ordinary organics route; certification or compostability wording is treated as product qualification.,\b(caddy\s*liner|kitchen\s*caddy|food[- ]?waste\s*(bag|liner)|bio\s*bag|biobag|compostable\s*(bag|liner)|green\s*bag|brown\s*bag|collection\s*(bag|liner)|organic\s*waste\s*bag|organics\s*bag|biowaste\s*bag|food\s*scraps?\s*bag)s?\b,kitchen caddy,ostable plastic may not breakdown quickly and could negatively impact the production of a high quality and safe compost product. Note: FOGO kitchen caddy liners that comply with Australian Standard AS 4736-2006 may still be used. These are the certified compostable green bags supplied free of,Collection liners only,"\b(use|can\s+use|may\s+use|allowed\s+to\s+use|line|pack|collect|wrap)\b.{0,160}\b(compostable|bioplastic|biodegradable|paper)\s+(bag|liner|sack)s?",use a compostable liner
[66],"Australia - Randwick, New South Wales - Randwick City Council / municipal sorting rule",Food-service ware / takeaway packaging,Rejected,Source-level rule is liner-only; this broader application category is outside the accepted application scope.,"\b(cup|plate|bowl|tray|container|cutlery|fork|spoon|knife|straw|lid|stoviglie|posate|bicchieri|piatti|contenitori|kahvimuki|kertak[äa]ytt[öo]astia|vaisselle|gobelets?|assiettes?|couverts?|vasos?|platos?|cubiertos?)\w*\b.{0,140}\b(compostable|biodegradable|compostabil|biodegradabil|organic|umido|compost|biohajoava|kompostoituva)",lid fogo (food organics garden organic,"Visit FOGO to see the latest information. Paper towel, compostable packaging and pet waste will no longer be able to be placed in the green lid FOGO (food organics garden organics) bin under changes being made in 2023. Randwick City residents have embraced food recycling since it was introduced in March 2021 divertin",Collection liners only,"\b(use|can\s+use|may\s+use|allowed\s+to\s+use|line|pack|collect|wrap)\b.{0,160}\b(compostable|bioplastic|biodegradable|paper)\s+(bag|liner|sack)s?",use a compostable liner
[66],"Australia - Randwick, New South Wales - Randwick City Council / municipal sorting rule",Food-soiled paper / fibre packaging,Rejected,Source-level rule is liner-only; this broader application category is outside the accepted application scope.,\b(food[- ]?soiled|soiled|greasy)\s+(paper|cardboard|fibre|fiber|napkin|paper\s*towel|pizza\s*box|paper\s*bag|food\s*wrapper|takeout\s*container)s?\b,soiled paper,"ore than 23,000 tonnes of food waste from landfill simply by placing food waste and garden organics in the same bin. As well as food waste, soiled paper towel and tissues, compostable cutlery made from bamboo and cardboard, as well as pizza boxes, paper and pet waste have also been permitted",Collection liners only,"\b(use|can\s+use|may\s+use|allowed\s+to\s+use|line|pack|collect|wrap)\b.{0,160}\b(compostable|bioplastic|biodegradable|paper)\s+(bag|liner|sack)s?",use a compostable liner
[66],"Australia - Randwick, New South Wales - Randwick City Council / municipal sorting rule",Generic compostable packaging / plastics,Rejected,Source-level rule is liner-only; this broader application category is outside the accepted application scope.,"\b(compostable|biodegradable|industrially\s+compostable|certified\s+compostable|bioplastic|bio[- ]?plastic|bioplastics|composteerbaar\w*|kompostierbar\w*|compostabil\w*|biod[ée]gradable\w*|biohajoava|kompostoituva|biolagunev\w*|kompostitav\w*|biolo[šs]ko\s+razgradljiv\w*|kompostowaln\w*|biodegradowaln\w*)\b.{0,140}\b(packaging|plastic|plastics|product|products|material|materials|item|items|verpackungen|kunststoff|emballage|embalagem|imballagg|envase|verpakking|pakend|pakkauks|opakowania|embala[žz]a|obaly|muovi|pakkauks|label|sticker)\w*",compostable packaging,"bility & Environment NOTE: This news article was accurate at the time it was posted. Visit FOGO to see the latest information. Paper towel, compostable packaging and pet waste will no longer be able to be placed in the green lid FOGO (food organics garden organics) bin under changes being made in 202",Collection liners only,"\b(use|can\s+use|may\s+use|allowed\s+to\s+use|line|pack|collect|wrap)\b.{0,160}\b(compostable|bioplastic|biodegradable|paper)\s+(bag|liner|sack)s?",use a compostable liner
[67],"Australia - Inner West, New South Wales - Inner West Council / municipal sorting rule",Food-waste liners / collection bags,Rejected,Source-level evidence rejects compostable packaging/items or identifies no accepted organics route.,\b(caddy\s*liner|kitchen\s*caddy|food[- ]?waste\s*(bag|liner)|bio\s*bag|biobag|compostable\s*(bag|liner)|green\s*bag|brown\s*bag|collection\s*(bag|liner)|organic\s*waste\s*bag|organics\s*bag|biowaste\s*bag|food\s*scraps?\s*bag)s?\b,compostable liners,lid bin or a larger 240 litre bin. You can also request an additional FOGO bin at no extra cost. Council supplies kitchen benchtop bins and compostable liners for the collection of food scraps. I need compostable bags Inner West Council provides all households with a pack of 75 compostable bin lin,Rejected,"\b(not\s+accepted|not\s+allowed|do\s+not\s+put|don't\s+put|must\s+not|should\s+not|prohibited|rejected|not\s+permitted|not\s+suitable|cannot|can\s*not|can’t|can't|contamination|contaminant)\b.{0,180}\b(compostable|biodegradable|bioplastic|bio[- ]?plastic|compostable\s+packag|biodegradable\s+packag|serviceware|cup|cutlery)","not accepted. these bags will not decompose and will contaminate the compost used by farmers to grow food. only use council provided liners, or green liners that are certified compostable"
[67],"Australia - Inner West, New South Wales - Inner West Council / municipal sorting rule",Tea/coffee preparation items,Rejected,Source-level evidence rejects compostable packaging/items or identifies no accepted organics route.,\b(tea\s*bag|teabag|coffee\s*filter|coffee\s*(pod|capsule)|k[- ]?cup|espresso\s*capsule|teebeutel|kaffeefilter|theezakjes?|koffiefilters?|sachet[s]?\s+de\s+th[ée]|filtre[s]?\s+.*caf[ée]|capsule[s]?\s+de\s+caf[ée])s?\b,coffee filters,"Paper or cardboard (including paper towel, serviettes, and tissues) Bread, pasta, rice and cereal Pet poo or pet poo bags Coffee grounds (no coffee filters) Kitty litter Eggs and eggshells Soil or rocks Out of date food (processed or fresh) Garden equipment Expired takeaway Logs or branches lo",Rejected,"\b(not\s+accepted|not\s+allowed|do\s+not\s+put|don't\s+put|must\s+not|should\s+not|prohibited|rejected|not\s+permitted|not\s+suitable|cannot|can\s*not|can’t|can't|contamination|contaminant)\b.{0,180}\b(compostable|biodegradable|bioplastic|bio[- ]?plastic|compostable\s+packag|biodegradable\s+packag|serviceware|cup|cutlery)","not accepted. these bags will not decompose and will contaminate the compost used by farmers to grow food. only use council provided liners, or green liners that are certified compostable"
[67],"Australia - Inner West, New South Wales - Inner West Council / municipal sorting rule",Flexible films/wraps/pouches,Rejected,Source-level evidence rejects compostable packaging/items or identifies no accepted organics route.,"\b(mailer|postal\s*bag|e[- ]?commerce\s*packaging|garment\s*bag|poly\s*bag|protective\s*film|stretch\s*film|shrink\s*film|wrapper|wrap|pouch|pouches|wikkels|films?|folien|buste)\w*\b.{0,160}\b(compostable|biodegradable|bioplastic|compostabil|biodegradabil|organic waste|compost|brown\s+bin|green\s+cart)","wrappers, boxes, containers) meat, chicken and fish (including all bones) fruit stickers seafood (including crabs, prawns, oysters, clams, and mussels) compostable or biodegradable","site here. YES - these items can go in FOGO NO - these items cannot go in FOGO Fruit and vegetable peels and scraps Food packaging (packets, wrappers, boxes, containers) Meat, chicken and fish (including all bones) Fruit stickers Seafood (including crabs, prawns, oysters, clams, and mussels) Compostable or biodegradable packaging All bones (including steak, rib, chicken, and Christmas ham bones) Fibre-based materials, such as bamboo, timber or cardboard pa",Rejected,"\b(not\s+accepted|not\s+allowed|do\s+not\s+put|don't\s+put|must\s+not|should\s+not|prohibited|rejected|not\s+permitted|not\s+suitable|cannot|can\s*not|can’t|can't|contamination|contaminant)\b.{0,180}\b(compostable|biodegradable|bioplastic|bio[- ]?plastic|compostable\s+packag|biodegradable\s+packag|serviceware|cup|cutlery)","not accepted. these bags will not decompose and will contaminate the compost used by farmers to grow food. only use council provided liners, or green liners that are certified compostable"
[67],"Australia - Inner West, New South Wales - Inner West Council / municipal sorting rule",Generic compostable packaging / plastics,Rejected,Source-level evidence rejects compostable packaging/items or identifies no accepted organics route.,"\b(compostable|biodegradable|industrially\s+compostable|certified\s+compostable|bioplastic|bio[- ]?plastic|bioplastics|composteerbaar\w*|kompostierbar\w*|compostabil\w*|biod[ée]gradable\w*|biohajoava|kompostoituva|biolagunev\w*|kompostitav\w*|biolo[šs]ko\s+razgradljiv\w*|kompostowaln\w*|biodegradowaln\w*)\b.{0,140}\b(packaging|plastic|plastics|product|products|material|materials|item|items|verpackungen|kunststoff|emballage|embalagem|imballagg|envase|verpakking|pakend|pakkauks|opakowania|embala[žz]a|obaly|muovi|pakkauks|label|sticker)\w*","compostable or biodegradable packaging all bones (including steak, rib, chicken, and christmas ham bones) fibre-based materials","oxes, containers) Meat, chicken and fish (including all bones) Fruit stickers Seafood (including crabs, prawns, oysters, clams, and mussels) Compostable or biodegradable packaging All bones (including steak, rib, chicken, and Christmas ham bones) Fibre-based materials, such as bamboo, timber or cardboard packaging and cutlery Dairy products (cheese, yogurt etc.) Paper or cardboard (including paper towel,",Rejected,"\b(not\s+accepted|not\s+allowed|do\s+not\s+put|don't\s+put|must\s+not|should\s+not|prohibited|rejected|not\s+permitted|not\s+suitable|cannot|can\s*not|can’t|can't|contamination|contaminant)\b.{0,180}\b(compostable|biodegradable|bioplastic|bio[- ]?plastic|compostable\s+packag|biodegradable\s+packag|serviceware|cup|cutlery)","not accepted. these bags will not decompose and will contaminate the compost used by farmers to grow food. only use council provided liners, or green liners that are certified compostable"
[68],Australia - South Australia (Regional Processing Networks) - Green Industries South Australia (GISA) Operational Guidance / regional government guidance,Food-waste liners / collection bags,Accepted with conditions,"Food-waste liners are accepted only as official/designated, locally/facility-approved, or otherwise restricted collection items.",\b(caddy\s*liner|kitchen\s*caddy|food[- ]?waste\s*(bag|liner)|bio\s*bag|biobag|compostable\s*(bag|liner)|green\s*bag|brown\s*bag|collection\s*(bag|liner)|organic\s*waste\s*bag|organics\s*bag|biowaste\s*bag|food\s*scraps?\s*bag)s?\b,compostable bags,"ed for composting through the green organics (FOGO) bin in all metropolitan areas and many regional centres. Ventilated kitchen caddies and compostable bags for households to divert food waste are commonly provided by councils for residents. Since September 2024, when bans came into place in SA",Collection liners only,"\b(use|can\s+use|may\s+use|allowed\s+to\s+use|line|pack|collect|wrap)\b.{0,160}\b(compostable|bioplastic|biodegradable|paper)\s+(bag|liner|sack)s?","use plastic barrier bags, households have ready access to a supply of as 4736 and as 5810 certified compostable bags"
[69],New Zealand - National - Ministry for the Environment / national kerbside standard,Generic compostable packaging / plastics,Rejected,Source-level evidence rejects compostable packaging/items or identifies no accepted organics route.,"\b(compostable|biodegradable|industrially\s+compostable|certified\s+compostable|bioplastic|bio[- ]?plastic|bioplastics|composteerbaar\w*|kompostierbar\w*|compostabil\w*|biod[ée]gradable\w*|biohajoava|kompostoituva|biolagunev\w*|kompostitav\w*|biolo[šs]ko\s+razgradljiv\w*|kompostowaln\w*|biodegradowaln\w*)\b.{0,140}\b(packaging|plastic|plastics|product|products|material|materials|item|items|verpackungen|kunststoff|emballage|embalagem|imballagg|envase|verpakking|pakend|pakkauks|opakowania|embala[žz]a|obaly|muovi|pakkauks|label|sticker)\w*","compostable bin liners and certain types of garden materials in their collections. paper, cardboard and compostable packaging","can be accepted in all council kerbside food scraps and food and garden (FOGO) collections. Councils have discretion over whether they accept compostable bin liners and certain types of garden materials in their collections. Paper, cardboard and compostable packaging can’t go in food scraps or FOGO collections: Paper and cardboard including paper towels and pizza boxes, and compostable packaging are n",Rejected,"\b(not\s+accepted|not\s+allowed|do\s+not\s+put|don't\s+put|must\s+not|should\s+not|prohibited|rejected|not\s+permitted|not\s+suitable|cannot|can\s*not|can’t|can't|contamination|contaminant)\b.{0,180}\b(compostable|biodegradable|bioplastic|bio[- ]?plastic|compostable\s+packag|biodegradable\s+packag|serviceware|cup|cutlery)","can't go in food scraps or fogo collections: paper and cardboard including paper towels and pizza boxes, and compostable"
[70],New Zealand - New Plymouth District - NPDC / municipal food-scraps rule,Generic compostable packaging / plastics,Rejected,Source-level evidence rejects compostable packaging/items or identifies no accepted organics route.,"\b(compostable|biodegradable|industrially\s+compostable|certified\s+compostable|bioplastic|bio[- ]?plastic|bioplastics|composteerbaar\w*|kompostierbar\w*|compostabil\w*|biod[ée]gradable\w*|biohajoava|kompostoituva|biolagunev\w*|kompostitav\w*|biolo[šs]ko\s+razgradljiv\w*|kompostowaln\w*|biodegradowaln\w*)\b.{0,140}\b(packaging|plastic|plastics|product|products|material|materials|item|items|verpackungen|kunststoff|emballage|embalagem|imballagg|envase|verpakking|pakend|pakkauks|opakowania|embala[žz]a|obaly|muovi|pakkauks|label|sticker)\w*","compostable items that can't be included in your food scraps bin, such as tissues, home compostable packaging","home should I continue or use my food scraps bin? If you compost at home, keep it up! Composting is a great way to process green waste and compostable items that can’t be included in your food scraps bin, such as tissues, home compostable packaging, hair, cold ash, dust and fallen leaves. Note that items placed down a sink disposal unit go to the landfill, so it’s best to compost at ho",Rejected,"\b(not\s+accepted|not\s+allowed|do\s+not\s+put|don't\s+put|must\s+not|should\s+not|prohibited|rejected|not\s+permitted|not\s+suitable|cannot|can\s*not|can’t|can't|contamination|contaminant)\b.{0,180}\b(compostable|biodegradable|bioplastic|bio[- ]?plastic|compostable\s+packag|biodegradable\s+packag|serviceware|cup|cutlery)",can't i use compostable or biodegradable bags as liners in my food scraps bin? there is no agreed new zealand standard for compostable
[71],"Japan - Mashiko, Tochigi - 益子町 / municipal sorting rule",Food-waste liners / collection bags,Accepted with conditions,"Food-waste liners are accepted only as official/designated, locally/facility-approved, or otherwise restricted collection items.","(生ごみ|厨余|廚餘|餐厨|음식물쓰레기|음식물류).{0,80}(袋|봉투|专用袋|專用袋|専用袋|전용봉투)",生ごみの分け方・出し方 保存版 生ごみは資源です。資源循環と地球温暖化防止のため、生ごみの分別 収集にご協力ください。 生ごみ専用袋,"o, Tochigi - 益子町 / municipal sorting rule | --- Page 1 --- | https://www.town.mashiko.lg.jp/data/doc/1396155521_doc_87_0.pdf --- Page 1 --- 生ごみの分け方・出し方 保存版 生ごみは資源です。資源循環と地球温暖化防止のため、生ごみの分別 収集にご協力ください。 生ごみ専用袋に入れていいもの 出し方（注 意） ●野菜・果物のくず・皮・しん 大根、たけのこ、たまねぎ、とうもろこし、枝豆、リンゴ、パイナップル、落花生、クルミなど ●食べ残し 米、味噌汁の具、パン、麺類、もち、腐敗した食べ物など ●その他 魚",Collection liners only,"(?:生ごみ|食品廃棄物).{0,140}(?:生分\w{0,8}解性\w{0,12}(?:プラスチック)?\w{0,8}袋|堆肥化可能\w*袋)",生ごみで包むなどして、突起部分が袋 に当たらないよう注意してください。 ●生ごみ専用袋は生分解性のごみ袋
[72],"Japan - Makkari, Hokkaidō - 真狩村 / municipal sorting rule",Food-waste liners / collection bags,Rejected,Source-level evidence rejects compostable packaging/items or identifies no accepted organics route.,"(生ごみ|厨余|廚餘|餐厨|음식물쓰레기|음식물류).{0,80}(袋|봉투|专用袋|專用袋|専用袋|전용봉투)",生ごみは、そのもの単体で出してください。（少量しかない場合は、小袋に入れ、袋内袋,ョンに出してください。 2．庭など剪定した木は、50cm以内でしたら、燃やせるごみとして出してください。（45リットルのごみ袋に入る長さが目安です。） 3．新聞紙、チラシ、雑誌、書籍、段ボール、紙パック、ミックスペーパーは、その他資源ごみとして出してください。 4．紙おむつ等の衛生ごみは、そのもの単体で出してください。（少量しかない場合は、小袋に入れ、袋内袋にしてください。） 燃やせないごみ 主なもの せともの類、金属類、ガラス類、革製品類、ゴム類、一斗缶、アルミホイル、飲料水の金属製のふた、スプレー缶（使い切ってから穴をあけて出してください）、プラスチック製品（容器包装は除く）、ビデオテープなど 出し方 注意事項 1．指定されてい,Rejected,"(レジ袋|プラスチック袋|プラスチック|容器包装).{0,100}(二重袋|使わない|入れない|禁止|燃えるごみ|可燃ごみ)",プラスチック・金属類などの異物は絶対に入れない
[73],"Japan - Niseko, Hokkaidō - ニセコ町 / municipal sorting / program document",Food-waste liners / collection bags,Rejected,Source-level evidence rejects compostable packaging/items or identifies no accepted organics route.,"(生ごみ|厨余|廚餘|餐厨|음식물쓰레기|음식물류).{0,80}(袋|봉투|专用袋|專用袋|専用袋|전용봉투)",生ごみの袋,それぞれ異なる課題を抱 えていることもわかった。この観点から課題を分けて、論点の整理を行った。 （１）一般家庭からのごみの排出と分別 ①ニセコ町全体として、一般家庭の分別は良好で、廃プラなど資源ごみの純度も比較的高く、町 の分別ルールがかなり浸透していると思われる。 （他町村と比べて） 〜比較できる数値的な根拠は提示を受けなかったが、 収集現場の実感としてのコメントから ② しかし、課題もある。生ごみの袋を有効に使いこなせていないケースもあったり、プラごみ と燃えないごみの分別に混乱が見られるケースもある。 住民の立場に立った、 より具,Rejected,"(可堆肥|可降解|生分解|塑料|塑膠|プラスチック|생분해|플라스틱|비닐).{0,100}(不(?:可|能|得)|不能|不可|請勿|不要|禁止|一般ごみ|燃えるごみ|종량제|일반쓰레기|배출불가)",プラスチック容器や紙製のラベルや、 木製はし、 食べ物の残滓などが混在してよごれたまま の「ダメごみ」は、洗浄して分別を徹底するか、もしくは、はじめから燃えるごみ
[74],"Japan - Toyohashi, Aichi - 豊橋市 / municipal sorting rule",Food-waste liners / collection bags,Unclear or not stated,"Application is mentioned, but no explicit application-level acceptance or rejection decision is stated.","(生ごみ|厨余|廚餘|餐厨|음식물쓰레기|음식물류).{0,80}(袋|봉투|专用袋|專用袋|専用袋|전용봉투)",生ごみの持ち出し方 ・ご家庭で出た「 生ごみ 」は、なるべく「内袋」に入れて生ごみ用指定ごみ袋,"菓子・肉類・魚介類・ 茶殻・コーヒー殻等 ＊くすり・たばこ・ガム・歯磨き粉等は台所から出るごみでも「生ごみ」としては持ち出すことはできません。 ・ 生ごみ分別収集パンフレット（PDF/2,034KB） ・ 平成29年4月からのごみ分別と収集の変更説明会資料（PDF/656KB） 生ごみの持ち出し方 ・ご家庭で出た「 生ごみ 」は、なるべく「内袋」に入れて生ごみ用指定ごみ袋に入れて持ち出してください。 ・また、水切りネットを利用されている場合は、水切りネットごと内袋又は指定ごみ袋へ入れて持ち出すことができます。 ・乾いた 生ごみ であれば、直接生ごみ用指定ごみ袋へ入れて持ち出すこともできます。 ・次の点には気をつけてください。 □ なるべく水を切っ",No explicit compostable-packaging rule,,
[75],"Japan - National - Ministry of Agriculture, Forestry and Fisheries / national government guidance",Food-waste liners / collection bags,Accepted with conditions,"Food-waste liners are accepted only as official/designated, locally/facility-approved, or otherwise restricted collection items.","(生ごみ|厨余|廚餘|餐厨|음식물쓰레기|음식물류).{0,80}(袋|봉투|专用袋|專用袋|専用袋|전용봉투)",生ごみ袋,報 組織案内・組織図 組織・定員 所在地（地図） 図書館利用案内 食堂利用案内 所管法人 お知らせ 採用案内 インターンシップ（外部リンク） 民間企業との交流 ホーム 消費・安全 食品安全：農産物（米、麦、大豆、野菜など） 肥料 肥料の品質と安全性の確保 生分解性プラスチック製の生ごみ袋を用いた肥料の生産について はじめに 将来にわたる肥料の安定供給のため、生ごみも含めた国内の未利用資源を肥料原料として活用することが重要です。 このような中、生ごみの肥料化における省力化を進めるため、近年、微生物の働きにより水と二酸化炭素に分解される生分解性プラスチックの普及が進,Collection liners only,"(?:生ごみ|食品廃棄物).{0,140}(?:生分\w{0,8}解性\w{0,12}(?:プラスチック)?\w{0,8}袋|堆肥化可能\w*袋)",生ごみの収集に用いたプラスチック製のごみ袋は異物として、肥料生産工程において除去するか又は微生物の働きにより十分に分解させる必要があります。分解させる場合は、ごみ袋に含まれる成分やその分解生成物が農作物の成長を阻害しないことも求められます。 そのため、農林水産省では、令和4年度より生分解性プラスチック製の生ごみ袋
[76],Spain - Vigo (Galicia) - Concello de Vigo / municipal sorting rule,Food-waste liners / collection bags,Rejected,Source-level evidence rejects compostable packaging/items or identifies no accepted organics route.,\b(sac[s]?\s+(compostable|biod[ée]gradable)|sacco\s+compostabile|sacchetti\s+compostabil\w*|bolsa\s+compostable|bolsas\s+compostables|sacos?\s+compost[áa]veis|kompostierbare?\w*\s+(beutel|t[üu]ten|biobeutel)|composteerbare?\w*\s+(zak|zakken|zakjes)|biozak\w*|bioposer|matavfallsp[åa]sar|bioavfallsp[åa]sar|bioj[äa]tepussi|vre[čc]ke|worki|s[áa][čc]ky)\b,bolsas compostables,"s, crudas o cocinadas y cualquier tipo de sobras de las mismas. Es muy importante que los restos se depositen sin ningún tipo de envase, en bolsas compostables (que son biodegradables pero además son aptas para hacer compost). El objetivo es transformar los restos orgánicos en compost. Llegan a Vig",Rejected,(sin\s+ning[uú]n\s+tipo\s+de\s+envase|sin\s+envase|sem\s+embalagem|retirar\s+.*envase|retirar\s+.*embalagem),sin ningún tipo de envase
[77],Belgium - National (all three regions) - Fost Plus (producer responsibility organisation) / waste-company guidance,Generic compostable packaging / plastics,Rejected,Source-level evidence rejects compostable packaging/items or identifies no accepted organics route.,"\b(compostable|biodegradable|industrially\s+compostable|certified\s+compostable|bioplastic|bio[- ]?plastic|bioplastics|composteerbaar\w*|kompostierbar\w*|compostabil\w*|biod[ée]gradable\w*|biohajoava|kompostoituva|biolagunev\w*|kompostitav\w*|biolo[šs]ko\s+razgradljiv\w*|kompostowaln\w*|biodegradowaln\w*)\b.{0,140}\b(packaging|plastic|plastics|product|products|material|materials|item|items|verpackungen|kunststoff|emballage|embalagem|imballagg|envase|verpakking|pakend|pakkauks|opakowania|embala[žz]a|obaly|muovi|pakkauks|label|sticker)\w*",compostable plastics,"e regions) - Fost Plus (producer responsibility organisation) / waste-company guidance | FAQ Bio-based/sourced plastics, bio-degradable and compostable plastics | Fost Plus | https://www.fostplus.be/fr/media/1374/download%20(FR);%20https:/www.fostplus.be/nl/media/1373/download%20(NL) FAQ Bio-based/s",Rejected,"\b(not\s+accepted|not\s+allowed|do\s+not\s+put|don't\s+put|must\s+not|should\s+not|prohibited|rejected|not\s+permitted|not\s+suitable|cannot|can\s*not|can’t|can't|contamination|contaminant)\b.{0,180}\b(compostable|biodegradable|bioplastic|bio[- ]?plastic|compostable\s+packag|biodegradable\s+packag|serviceware|cup|cutlery)","not accepted in the pmd blue bag in belgium. there is a risk that consumers dispose of biodegradable or compostable plastic packaging improperly, especially when conventional and biodegradable"
[78],Belgium - Flanders (national D4R guideline) - Fost Plus — Design for Recycling guidelines (Algemene D4R richtlijnen) / waste-company guidance,Generic compostable packaging / plastics,Rejected,Source-level evidence rejects compostable packaging/items or identifies no accepted organics route.,"\b(compostable|biodegradable|industrially\s+compostable|certified\s+compostable|bioplastic|bio[- ]?plastic|bioplastics|composteerbaar\w*|kompostierbar\w*|compostabil\w*|biod[ée]gradable\w*|biohajoava|kompostoituva|biolagunev\w*|kompostitav\w*|biolo[šs]ko\s+razgradljiv\w*|kompostowaln\w*|biodegradowaln\w*)\b.{0,140}\b(packaging|plastic|plastics|product|products|material|materials|item|items|verpackungen|kunststoff|emballage|embalagem|imballagg|envase|verpakking|pakend|pakkauks|opakowania|embala[žz]a|obaly|muovi|pakkauks|label|sticker)\w*",composteerbaar plastic • vermijd het gebruik van biologisch afbreekbare of composteerbare plastic materialen in verpakkingen,jke vorm met een minimum aan extra componenten (bv. de kleinst mogelijke plastic doppen en elementen) Algemene D4R richtlijnen - Jan. 2026 11 --- Page 12 --- Biodegradeerbaar en composteerbaar plastic • Vermijd het gebruik van biologisch afbreekbare of composteerbare plastic materialen in verpakkingen. Er is op dit moment nog geen sorteeroplossing voor de recyclage daarvan. Ze zijn ook niet toege,Rejected,"(ikke|inte|må\s+ikke|skal\s+ikke|ei|ei\s+saa|ei\s+kuulu).{0,180}(komposterbar\w*|bioposer|bioplast|plast|biohajoava\w*|kompostoituva\w*|muovipakkauk\w*|kertak[äa]ytt[öo]astia)",eiden geef de voorkeur aan verpakkingen uit één materiaal (bv.: alleen maar plast
[79],Belgium - Ghent (Flanders) - IVAGO (Ghent intermunicipal waste company) / hauler guidance,Food-waste liners / collection bags,Accepted,Food-waste liners/collection bags are accepted in the ordinary organics route; certification or compostability wording is treated as product qualification.,\b(sac[s]?\s+(compostable|biod[ée]gradable)|sacco\s+compostabile|sacchetti\s+compostabil\w*|bolsa\s+compostable|bolsas\s+compostables|sacos?\s+compost[áa]veis|kompostierbare?\w*\s+(beutel|t[üu]ten|biobeutel)|composteerbare?\w*\s+(zak|zakken|zakjes)|biozak\w*|bioposer|matavfallsp[åa]sar|bioavfallsp[åa]sar|bioj[äa]tepussi|vre[čc]ke|worki|s[áa][čc]ky)\b,composteerbare zakjes,"van IVAGO zijn toegelaten. In de container moet je geen IVAGO-zakken gebruiken. Je kan het gft los in de container gooien, of via andere bio-composteerbare zakjes.",Collection liners only,"(bioj[äa]te|matavfall|food\s*waste|gft|gfe\+?t).{0,180}(compostable|composteerbare?\w*|biologisch\s+afbreekbare?\w*|biohajoava\w*|komposterbar\w*|paper|papieren?)\s+(bag|liner|pussi|zak|zakje|pose)s?","gft-zakken van ivago zijn toegelaten. in de container moet je geen ivago-zakken gebruiken. je kan het gft los in de container gooien, of via andere bio-composteerbare zak"
[79],Belgium - Ghent (Flanders) - IVAGO (Ghent intermunicipal waste company) / hauler guidance,Food-service ware / takeaway packaging,Rejected,Source-level rule is liner-only; this broader application category is outside the accepted application scope.,"\b(cup|plate|bowl|tray|container|cutlery|fork|spoon|knife|straw|lid|stoviglie|posate|bicchieri|piatti|contenitori|kahvimuki|kertak[äa]ytt[öo]astia|vaisselle|gobelets?|assiettes?|couverts?|vasos?|platos?|cubiertos?)\w*\b.{0,140}\b(compostable|biodegradable|compostabil|biodegradabil|organic|umido|compost|biohajoava|kompostoituva)","container moet je geen ivago-zakken gebruiken. je kan het gft los in de container gooien, of via andere bio-compost","jouw gft-afval los aan in een gft-container en hoef je de zakjes niet te gebruiken. Enkel de 20l gft-zakken van IVAGO zijn toegelaten. In de container moet je geen IVAGO-zakken gebruiken. Je kan het gft los in de container gooien, of via andere bio-composteerbare zakjes.",Collection liners only,"(bioj[äa]te|matavfall|food\s*waste|gft|gfe\+?t).{0,180}(compostable|composteerbare?\w*|biologisch\s+afbreekbare?\w*|biohajoava\w*|komposterbar\w*|paper|papieren?)\s+(bag|liner|pussi|zak|zakje|pose)s?","gft-zakken van ivago zijn toegelaten. in de container moet je geen ivago-zakken gebruiken. je kan het gft los in de container gooien, of via andere bio-composteerbare zak"
[83],Denmark - Roskilde (Zealand) - Roskilde Kommune / municipal sorting rule,Food-waste liners / collection bags,Accepted,Food-waste liners/collection bags are accepted in the ordinary organics route; certification or compostability wording is treated as product qualification.,\b(caddy\s*liner|kitchen\s*caddy|food[- ]?waste\s*(bag|liner)|bio\s*bag|biobag|compostable\s*(bag|liner)|green\s*bag|brown\s*bag|collection\s*(bag|liner)|organic\s*waste\s*bag|organics\s*bag|biowaste\s*bag|food\s*scraps?\s*bag)s?\b,biobag,"som man kan bruge til at indsamle madaffald i, uden at råvarerne stammer delvist fra fossile materialer. Affald og Genbrug samarbejder med BioBag om at øge mængden af biobaseret materiale løbende, som teknologien tillader det. Forventningen er, at vi kommer op på 50 procent inden 2022",Collection liners only,"(?:bioposer|matavfallsp[åa]sar|bioavfallsp[åa]sar|bioj[äa]tepussi|bioj[äa]tepussit).{0,120}(?:matavfall|madaffald|bioaffald|bioavfall|bioj[äa]te|ruokaj[äa]te)",bioposer. slå altid knude på bioposen med madaffald
[84],Sweden - National - Avfall Sverige (Swedish Waste Management association — industry body for certified biogas facilities) / composting facility rule / certification standard,Food-waste liners / collection bags,Rejected,Source-level evidence rejects compostable packaging/items or identifies no accepted organics route.,\b(sac[s]?\s+(compostable|biod[ée]gradable)|sacco\s+compostabile|sacchetti\s+compostabil\w*|bolsa\s+compostable|bolsas\s+compostables|sacos?\s+compost[áa]veis|kompostierbare?\w*\s+(beutel|t[üu]ten|biobeutel)|composteerbare?\w*\s+(zak|zakken|zakjes)|biozak\w*|bioposer|matavfallsp[åa]sar|bioavfallsp[åa]sar|bioj[äa]tepussi|vre[čc]ke|worki|s[áa][čc]ky)\b,matavfallspåsar,"vsmedelsföretagens förtroende för certifierad biogödsel. Vanliga frågor och svar Nedan finns svar på vanliga frågor kring det nya kravet på matavfallspåsar. Hittar du inte svar på din fråga, hör av dig till rådgivaren för biologisk återvinning - se kontaktuppgifter nedan. Vad innebär det nya kr",Rejected,"(ikke|inte|må\s+ikke|skal\s+ikke|ei|ei\s+saa|ei\s+kuulu).{0,180}(komposterbar\w*|bioposer|bioplast|plast|biohajoava\w*|kompostoituva\w*|muovipakkauk\w*|kertak[äa]ytt[öo]astia)",inte utvärderas för kontakt med livsmedel i dagsläget och inte heller certifieras enligt en13432. innebär det då att påsar av returplast
[88],Switzerland - Zürich (city / canton) - Biogas Zürich AG (anaerobic digestion treatment facility) / anaerobic digestion facility rule,Food-waste liners / collection bags,Accepted with conditions,"Application is accepted only in a controlled, facility-approved, event, commercial, or dedicated collection context.",\b(caddy\s*liner|kitchen\s*caddy|food[- ]?waste\s*(bag|liner)|bio\s*bag|biobag|compostable\s*(bag|liner)|green\s*bag|brown\s*bag|collection\s*(bag|liner)|organic\s*waste\s*bag|organics\s*bag|biowaste\s*bag|food\s*scraps?\s*bag)s?\b,biobag,"im Container. Diese Beutel mit Gitteraufdruck sind im Detailhandel erhältlich, beispielsweise unter den Namen «CompoBag», «Composack» oder «BioBag». Kein Haushaltpapier, Zeitungen verwenden, da diese schädlich sind für die Umwelt. Fleisch- und Fischabfälle entwickeln schnell intensive",Dedicated/controlled route only,\b(closed[- ]?loop|event|festival|venue|stadium|commercial\s+collection|controlled\s+(system|collection)|dedicated\s+collection|back[- ]?of[- ]?house|food[- ]?service|monocharge)\b,monocharge
[91],Chile - Vitacura - Municipal organic-waste / composting guidance,Food-waste liners / collection bags,Accepted,Food-waste liners/collection bags are accepted in the ordinary organics route; certification or compostability wording is treated as product qualification.,\b(caddy\s*liner|kitchen\s*caddy|food[- ]?waste\s*(bag|liner)|bio\s*bag|biobag|compostable\s*(bag|liner)|green\s*bag|brown\s*bag|collection\s*(bag|liner)|organic\s*waste\s*bag|organics\s*bag|biowaste\s*bag|food\s*scraps?\s*bag)s?\b,biobag,"MITIDO. Este es el listado de bolsas compostables permitidas en nuestra planta de disposición final: Armony Sustentable, Ecoitalia, Ceroplas, Biobag, I Am Not Plastic, Vinder, Zeaplast. Otros lugares donde comprar: Secomposta, Aldea Nativa, Aibo Market, Justo y Saludable, Rincón Nativo",Collection liners only,"(?:se\s+entregan|se\s+repartir[áa]n|repartir[áa]|entregar[áa]n).{0,120}bolsas?\s+compostables?.{0,160}(?:residuos?\s+org[áa]nicos|materia\s+org[áa]nica|contenedor\s+marr[oó]n)","se entregan bolsas compostables nuevas para poner dentro del contenedor. en casas, los residuos orgánicos"
[92],Mexico - Mexico City / CDMX - Solid-waste regulation,Food-waste liners / collection bags,Accepted,Food-waste liners/collection bags are accepted in the ordinary organics route; certification or compostability wording is treated as product qualification.,\b(sac[s]?\s+(compostable|biod[ée]gradable)|sacco\s+compostabile|sacchetti\s+compostabil\w*|bolsa\s+compostable|bolsas\s+compostables|sacos?\s+compost[áa]veis|kompostierbare?\w*\s+(beutel|t[üu]ten|biobeutel)|composteerbare?\w*\s+(zak|zakken|zakjes)|biozak\w*|bioposer|matavfallsp[åa]sar|bioavfallsp[åa]sar|bioj[äa]tepussi|vre[čc]ke|worki|s[áa][čc]ky)\b,bolsas compostables,Conformidad (PEC). 11. Etiquetado. 12. Difusión. 13. Observancia. 14. Vigencia. 15. Gradualidad. 16. Bibliografía. Anexo 1. Especificaciones para bolsas compostables. Anexo 2. Especificaciones para bolsas reutilizables. Anexo 3. Especificaciones para bolsas necesarias por higiene para el manejo de,Collection liners only,"bolsas?\s+compostables?.{0,160}(?:permitidas?|autorizadas?|listado|planta\s+de\s+disposici[oó]n|residuos?\s+org[áa]nicos|materia\s+org[áa]nica)",bolsas compostables deberán ser diseñadas únicamente para el manejo de residuos orgánicos
[92],Mexico - Mexico City / CDMX - Solid-waste regulation,Flexible films/wraps/pouches,Rejected,Source-level rule is liner-only; this broader application category is outside the accepted application scope.,"\b(mailer|postal\s*bag|e[- ]?commerce\s*packaging|garment\s*bag|poly\s*bag|protective\s*film|stretch\s*film|shrink\s*film|wrapper|wrap|pouch|pouches|wikkels|films?|folien|buste)\w*\b.{0,160}\b(compostable|biodegradable|bioplastic|compostabil|biodegradabil|organic waste|compost|brown\s+bin|green\s+cart)",film test specimens. aviso por el cual se informa y se hace de conocimiento el logotipo “compostable,pagation Tear R esistance of Plastic Film and Thin Sheeting by Pendulum Method. ASTM D6988 – 13 Standard Guide for Determination of Thickness of Plastic Film Test Specimens. Aviso por el cual se informa y se hace de conocimiento el logotipo “Compostable de la Ciudad de México” y los lineamientos para su adecuado uso y conservación de su identidad gráfica. Publicado en la Gaceta,Collection liners only,"bolsas?\s+compostables?.{0,160}(?:permitidas?|autorizadas?|listado|planta\s+de\s+disposici[oó]n|residuos?\s+org[áa]nicos|materia\s+org[áa]nica)",bolsas compostables deberán ser diseñadas únicamente para el manejo de residuos orgánicos
[97],Luxembourg - Luxembourg City - Ville de Luxembourg - Déchets organiques de cuisine,Tea/coffee preparation items,Rejected,Source-level evidence rejects compostable packaging/items or identifies no accepted organics route.,\b(tea\s*bag|teabag|coffee\s*filter|coffee\s*(pod|capsule)|k[- ]?cup|espresso\s*capsule|teebeutel|kaffeefilter|theezakjes?|koffiefilters?|sachet[s]?\s+de\s+th[ée]|filtre[s]?\s+.*caf[ée]|capsule[s]?\s+de\s+caf[ée])s?\b,sachets de thé,"s autorisés pour la collecte des biodéchets. Autorisés Restes alimentaires (crus et cuits), fruits, légumes, pommes de terre, marc de café, sachets de thé, pain, aliments avariés ou périmés, viande, poisson, … Pour éviter des liquides au fond du récipient : Feuille de journal, sac en papier (u",Rejected,"(ne\s+(?:les?\s+)?mettez\s+pas|ne\s+pas\s+mettre|pas\s+dans|interdit\w*|refus[ée]s?|non\s+accept[ée]s?).{0,200}(compostable\w*|biod[ée]gradable\w*|bioplastique\w*|emballage\w*|plastique\w*)","interdit de collecter en mélange ou de traiter conjointement des biodéchets et des déchets de verdure avec des matières plastiques, biodégradables ou non. par conséquent, les sacs en plastique"
[97],Luxembourg - Luxembourg City - Ville de Luxembourg - Déchets organiques de cuisine,Generic compostable packaging / plastics,Rejected,Source-level evidence rejects compostable packaging/items or identifies no accepted organics route.,"\b(compostable|biodegradable|industrially\s+compostable|certified\s+compostable|bioplastic|bio[- ]?plastic|bioplastics|composteerbaar\w*|kompostierbar\w*|compostabil\w*|biod[ée]gradable\w*|biohajoava|kompostoituva|biolagunev\w*|kompostitav\w*|biolo[šs]ko\s+razgradljiv\w*|kompostowaln\w*|biodegradowaln\w*)\b.{0,140}\b(packaging|plastic|plastics|product|products|material|materials|item|items|verpackungen|kunststoff|emballage|embalagem|imballagg|envase|verpakking|pakend|pakkauks|opakowania|embala[žz]a|obaly|muovi|pakkauks|label|sticker)\w*","biodégradables). refusés sacs, emballages","poisson, … Pour éviter des liquides au fond du récipient : Feuille de journal, sac en papier (uniquement s’ils servent de sacs pour déchets biodégradables). Refusés Sacs, emballages et autres produits en plastiques biodégradables Ordures ménagères, mégots de cigarettes, graisses et huiles, balayures, cendres et charbon,",Rejected,"(ne\s+(?:les?\s+)?mettez\s+pas|ne\s+pas\s+mettre|pas\s+dans|interdit\w*|refus[ée]s?|non\s+accept[ée]s?).{0,200}(compostable\w*|biod[ée]gradable\w*|bioplastique\w*|emballage\w*|plastique\w*)","interdit de collecter en mélange ou de traiter conjointement des biodéchets et des déchets de verdure avec des matières plastiques, biodégradables ou non. par conséquent, les sacs en plastique"
[98],Poland - Toruń - Miasto Toruń and MPO Toruń - STOP foliówkom w pojemnikach BIO - rozdajemy BIOworki,Food-waste liners / collection bags,Rejected,Source-level evidence rejects compostable packaging/items or identifies no accepted organics route.,\b(sac[s]?\s+(compostable|biod[ée]gradable)|sacco\s+compostabile|sacchetti\s+compostabil\w*|bolsa\s+compostable|bolsas\s+compostables|sacos?\s+compost[áa]veis|kompostierbare?\w*\s+(beutel|t[üu]ten|biobeutel)|composteerbare?\w*\s+(zak|zakken|zakjes)|biozak\w*|bioposer|matavfallsp[åa]sar|bioavfallsp[åa]sar|bioj[äa]tepussi|vre[čc]ke|worki|s[áa][čc]ky)\b,worki,Poland - Toruń - Miasto Toruń and MPO Toruń - STOP foliówkom w pojemnikach BIO - rozdajemy BIOworki | 2025-01-24 | https://www.mpo.torun.pl/__jw-webdev/mpo/324/stop-foliowkom-w-pojemnikach-bio-rozdajemy-bioworki 2025-01-24 STOP foliówkom w,Rejected,"(opakowania|embala[žz]a|obaly|foli[oó]wki|plastikow\w*|plastov\w*).{0,220}(nie|ne|niso|nepat[řr][íi]|prepoved|zakaz)","opakowania nie ulegają biodegradacji, co powoduje, że odpady w takich workach nie mogą być prawidłowo przetwarzane"
[98],Poland - Toruń - Miasto Toruń and MPO Toruń - STOP foliówkom w pojemnikach BIO - rozdajemy BIOworki,Generic compostable packaging / plastics,Rejected,Source-level evidence rejects compostable packaging/items or identifies no accepted organics route.,"\b(compostable|biodegradable|industrially\s+compostable|certified\s+compostable|bioplastic|bio[- ]?plastic|bioplastics|composteerbaar\w*|kompostierbar\w*|compostabil\w*|biod[ée]gradable\w*|biohajoava|kompostoituva|biolagunev\w*|kompostitav\w*|biolo[šs]ko\s+razgradljiv\w*|kompostowaln\w*|biodegradowaln\w*)\b.{0,140}\b(packaging|plastic|plastics|product|products|material|materials|item|items|verpackungen|kunststoff|emballage|embalagem|imballagg|envase|verpakking|pakend|pakkauks|opakowania|embala[žz]a|obaly|muovi|pakkauks|label|sticker)\w*",biodegradowalnych worków do rozdysponowania wśród mieszkańców w administrowanych przez siebie zasobach. foliowe opakowania,"czyszczania, po raz kolejny prowadzi akcję, podczas której toruńskie spółdzielnie mieszkaniowe oraz zarządcy nieruchomości otrzymają pakiety biodegradowalnych worków do rozdysponowania wśród mieszkańców w administrowanych przez siebie zasobach. Foliowe opakowania nie ulegają biodegradacji, co powoduje, że odpady w takich workach nie mogą być prawidłowo przetwarzane. W rezultacie, jeśli do pojemników",Rejected,"(opakowania|embala[žz]a|obaly|foli[oó]wki|plastikow\w*|plastov\w*).{0,220}(nie|ne|niso|nepat[řr][íi]|prepoved|zakaz)","opakowania nie ulegają biodegradacji, co powoduje, że odpady w takich workach nie mogą być prawidłowo przetwarzane"
[99],Portugal - LIPOR municipalities - Lipor - FAQ - Gestão de Resíduos – Campanha Reciclar é Dar +,Food-waste liners / collection bags,Accepted,Food-waste liners/collection bags are accepted in the ordinary organics route; certification or compostability wording is treated as product qualification.,\b(sac[s]?\s+(compostable|biod[ée]gradable)|sacco\s+compostabile|sacchetti\s+compostabil\w*|bolsa\s+compostable|bolsas\s+compostables|sacos?\s+compost[áa]veis|kompostierbare?\w*\s+(beutel|t[üu]ten|biobeutel)|composteerbare?\w*\s+(zak|zakken|zakjes)|biozak\w*|bioposer|matavfallsp[åa]sar|bioavfallsp[åa]sar|bioj[äa]tepussi|vre[čc]ke|worki|s[áa][čc]ky)\b,sacos compostáveis,"atosinhos – 800 301 234 Porto – 800 205 744 Póvoa de Varzim – 800 272 624 Valongo – 800 202 099 Vila do Conde – (número a confirmar) 21. Os sacos compostáveis podem ser colocados no Contentor Castanho, dos Resíduos Alimentares? A ausência de contaminantes nos resíduos recolhidos é um aspeto fundam",Collection liners only,"sacos?\s+compost[áa]veis.{0,120}\b(?:podem\s+ser|devem\s+ser|aceites?|utilizados?)\b.{0,140}(res[íi]duos?\s+alimentares|org[âa]nicos|contentor\s+castanho)","sacos compostáveis podem ser colocados no contentor castanho, dos resíduos alimentares"
[100],Poland - Warsaw - Urząd m. st. Warszawy - Biodegradowalne opakowania np. ze skrobi kukurydzianej,Generic compostable packaging / plastics,Rejected,Source-level evidence rejects compostable packaging/items or identifies no accepted organics route.,"\b(compostable|biodegradable|industrially\s+compostable|certified\s+compostable|bioplastic|bio[- ]?plastic|bioplastics|composteerbaar\w*|kompostierbar\w*|compostabil\w*|biod[ée]gradable\w*|biohajoava|kompostoituva|biolagunev\w*|kompostitav\w*|biolo[šs]ko\s+razgradljiv\w*|kompostowaln\w*|biodegradowaln\w*)\b.{0,140}\b(packaging|plastic|plastics|product|products|material|materials|item|items|verpackungen|kunststoff|emballage|embalagem|imballagg|envase|verpakking|pakend|pakkauks|opakowania|embala[žz]a|obaly|muovi|pakkauks|label|sticker)\w*",biodegradowalne opakowania np. ze skrobi kukurydzianej | co chcesz wyrzucić? | https://segregujna5.um.warszawa.pl/odpady/biodegradowalne-opakowania,"Poland - Warsaw - Urząd m. st. Warszawy - Biodegradowalne opakowania np. ze skrobi kukurydzianej | Co chcesz wyrzucić? | https://segregujna5.um.warszawa.pl/odpady/biodegradowalne-opakowania-np-ze-skrobi-kukurydzianej/ Co chcesz wyrzucić? Wpisz przedmiot i dowiedz się, gdzie go wyrzucić Wyszukaj odpad Najczęściej wyszukiwane odp",Rejected,"(opakowania|embala[žz]a|obaly|foli[oó]wki|plastikow\w*|plastov\w*).{0,220}(nie|ne|niso|nepat[řr][íi]|prepoved|zakaz)",opakowania np. ze skrobi kukurydzianej | co chcesz wyrzucić? | https://segregujna5.um.warszawa.pl/odpady/biodegradowalne-opakowania-np-ze-skrobi-kukurydziane
[101],Slovakia - Bratislava - OLO a.s. - Ako správne triediť kuchynský bioodpad?,Food-waste liners / collection bags,Rejected,Source-level evidence rejects compostable packaging/items or identifies no accepted organics route.,\b(sac[s]?\s+(compostable|biod[ée]gradable)|sacco\s+compostabile|sacchetti\s+compostabil\w*|bolsa\s+compostable|bolsas\s+compostables|sacos?\s+compost[áa]veis|kompostierbare?\w*\s+(beutel|t[üu]ten|biobeutel)|composteerbare?\w*\s+(zak|zakken|zakjes)|biozak\w*|bioposer|matavfallsp[åa]sar|bioavfallsp[åa]sar|bioj[äa]tepussi|vre[čc]ke|worki|s[áa][čc]ky)\b,sáčky,"aly z potravín (s označením „PLA“ alebo „7, BIO“) - patria do priemyselnej kompostárne alebo zmesového komunálneho odpadu plastové vrecká a sáčky bez certifikátu na kompostovanie kávové kapsule nylonové čajové vrecúška či lepené čajové vrecúška cigaretové ohorky obsah vrecka z vysávač",Rejected,"(opakowania|embala[žz]a|obaly|foli[oó]wki|plastikow\w*|plastov\w*).{0,220}(nie|ne|niso|nepat[řr][íi]|prepoved|zakaz)","plastovaných častí, vylúhované) sypané čaje (aj vylúhované) a kávová usadenina chlieb, pečivo, cestoviny, ryža, strukoviny, obilniny a pod. zaváraniny (bez sklene"
[102],Luxembourg - National - Administration de l'environnement - 1x1 Offalltrennung,Tea/coffee preparation items,Rejected,Source-level evidence rejects compostable packaging/items or identifies no accepted organics route.,\b(tea\s*bag|teabag|coffee\s*filter|coffee\s*(pod|capsule)|k[- ]?cup|espresso\s*capsule|teebeutel|kaffeefilter|theezakjes?|koffiefilters?|sachet[s]?\s+de\s+th[ée]|filtre[s]?\s+.*caf[ée]|capsule[s]?\s+de\s+caf[ée])s?\b,capsules de café,"on habite ou commandés sur www.valorlux.lu. L’emballage ne doit pas être complètement rincé, mais il doit être vide. Plus d’infos sur www.valorlux.lu Polystyrène expansé Bombes aérosols Emballages multicouches (p. ex. sachets de café, de chips et de nourriture pour animaux) Capsules d",Rejected,"(ikke|inte|må\s+ikke|skal\s+ikke|ei|ei\s+saa|ei\s+kuulu).{0,180}(komposterbar\w*|bioposer|bioplast|plast|biohajoava\w*|kompostoituva\w*|muovipakkauk\w*|kertak[äa]ytt[öo]astia)","eintures/ laques, aérosols, produits cosmétiques, piles, ...) couches, lingettes humides et produits d'hygiène gobelets en carton et emballages en papier avec revêtement plast"
[107],Norway - Rogaland (Molde/Romsdal region) - RIR (Romsdals-halv og Innlandets Renovasjon) - Nedbrytbare matavfallsposer til matavfall fra 1. januar,Food-waste liners / collection bags,Accepted,Food-waste liners/collection bags are accepted in the ordinary organics route; certification or compostability wording is treated as product qualification.,\b(sac[s]?\s+(compostable|biod[ée]gradable)|sacco\s+compostabile|sacchetti\s+compostabil\w*|bolsa\s+compostable|bolsas\s+compostables|sacos?\s+compost[áa]veis|kompostierbare?\w*\s+(beutel|t[üu]ten|biobeutel)|composteerbare?\w*\s+(zak|zakken|zakjes)|biozak\w*|bioposer|matavfallsp[åa]sar|bioavfallsp[åa]sar|bioj[äa]tepussi|vre[čc]ke|worki|s[áa][čc]ky)\b,bioposer,"a 1. januar Sist oppdatert: 20.09.2023 Nedbrytbare matavfallsposer til matavfall fra 1. januar Fra 1. januar 2023 mottar vi kun nedbrytbare bioposer til matavfall. Hvorfor bioposer Dette gjør vi både fordi vi ønsker å avvikle bruk av forurensende plastposer i matavfall, og fordi bioposen",Collection liners only,"(?:bioposer|matavfallsp[åa]sar|bioavfallsp[åa]sar|bioj[äa]tepussi|bioj[äa]tepussit).{0,120}(?:matavfall|madaffald|bioaffald|bioavfall|bioj[äa]te|ruokaj[äa]te)",bioposer til matavfall. hvorfor bioposer dette gjør vi både fordi vi ønsker å avvikle bruk av forurensende plastposer i matavfall
[110],"Finland - Helsinki Metropolitan Area (Helsinki, Espoo, Vantaa, Kauniainen) - HSY (Helsinki Region Environmental Services Authority) - Biohajoava muovi"" (Biodegradable plastic sorting guidance)",Food-service ware / takeaway packaging,Rejected,Source-level evidence rejects compostable packaging/items or identifies no accepted organics route.,\b(food[- ]?service|serviceware|take[- ]?away|takeout|to[- ]?go|catering|event|festival|venue|closed[- ]?loop)\b,take away,"ovipakkausastia Kiinteistön sekajäteastia Rinki-ekopiste Miten lajittelen? Pakkaukset: Biohajoavasta muovista valmistetut pakkaukset, kuten take away -ruokarasiat voit lajitella muovipakkauskeräykseen tai sekajätteeseen. Biohajoavista muovipakkauksista ei voida tällä hetkellä valmistaa uu",Rejected,"(ikke|inte|må\s+ikke|skal\s+ikke|ei|ei\s+saa|ei\s+kuulu).{0,180}(komposterbar\w*|bioposer|bioplast|plast|biohajoava\w*|kompostoituva\w*|muovipakkauk\w*|kertak[äa]ytt[öo]astia)",inteistön muovipakkausastia kiinteistön sekajäteastia rinki-ekopiste miten lajittelen? pakkaukset: biohajoavasta
[110],"Finland - Helsinki Metropolitan Area (Helsinki, Espoo, Vantaa, Kauniainen) - HSY (Helsinki Region Environmental Services Authority) - Biohajoava muovi"" (Biodegradable plastic sorting guidance)",Generic compostable packaging / plastics,Rejected,Source-level evidence rejects compostable packaging/items or identifies no accepted organics route.,"\b(compostable|biodegradable|industrially\s+compostable|certified\s+compostable|bioplastic|bio[- ]?plastic|bioplastics|composteerbaar\w*|kompostierbar\w*|compostabil\w*|biod[ée]gradable\w*|biohajoava|kompostoituva|biolagunev\w*|kompostitav\w*|biolo[šs]ko\s+razgradljiv\w*|kompostowaln\w*|biodegradowaln\w*)\b.{0,140}\b(packaging|plastic|plastics|product|products|material|materials|item|items|verpackungen|kunststoff|emballage|embalagem|imballagg|envase|verpakking|pakend|pakkauks|opakowania|embala[žz]a|obaly|muovi|pakkauks|label|sticker)\w*","biohajoava muovi"" (biodegradable plastic","Finland - Helsinki Metropolitan Area (Helsinki, Espoo, Vantaa, Kauniainen) - HSY (Helsinki Region Environmental Services Authority) - Biohajoava muovi"" (Biodegradable plastic sorting guidance) | Jäteoppaaseen | https://www.hsy.fi/jatteet-ja-kierratys/jateopas-ja-lajitteluohjeet/jatteet/biohajoava-muovi/ Jäteoppaa",Rejected,"(ikke|inte|må\s+ikke|skal\s+ikke|ei|ei\s+saa|ei\s+kuulu).{0,180}(komposterbar\w*|bioposer|bioplast|plast|biohajoava\w*|kompostoituva\w*|muovipakkauk\w*|kertak[äa]ytt[öo]astia)",inteistön muovipakkausastia kiinteistön sekajäteastia rinki-ekopiste miten lajittelen? pakkaukset: biohajoavasta
[111],"Finland - Kainuu region - Ekokymppi (Kainuu waste authority) - Biojäte"" sorting guide",Food-waste liners / collection bags,Accepted,Food-waste liners/collection bags are accepted in the ordinary organics route; certification or compostability wording is treated as product qualification.,\b(sac[s]?\s+(compostable|biod[ée]gradable)|sacco\s+compostabile|sacchetti\s+compostabil\w*|bolsa\s+compostable|bolsas\s+compostables|sacos?\s+compost[áa]veis|kompostierbare?\w*\s+(beutel|t[üu]ten|biobeutel)|composteerbare?\w*\s+(zak|zakken|zakjes)|biozak\w*|bioposer|matavfallsp[åa]sar|bioavfallsp[åa]sar|bioj[äa]tepussi|vre[čc]ke|worki|s[áa][čc]ky)\b,biojätepussi,"yös kompostoida itse. Kompostointiohjeisiin pääset täältä . Vinkkejä biojätteen pakkaamiseen Käytä mieluiten paperipussia tai taittele itse biojätepussi sanomalehdestä. Voit käyttää biojätepussina myös jauhopussia, muropakettia tms. kartonkipakkausta. Myös kaupan heviosaston paperiset hedelm",Collection liners only,"(bioj[äa]te|matavfall|food\s*waste|gft|gfe\+?t).{0,180}(compostable|composteerbare?\w*|biologisch\s+afbreekbare?\w*|biohajoava\w*|komposterbar\w*|paper|papieren?)\s+(bag|liner|pussi|zak|zakje|pose)s?","biojäte sanomalehdestä taiteltuun bioastiasuojaan, paperivalmisteiseen pussiin tai compost home -sertifioituun biohajoavaan pussi"
[111],"Finland - Kainuu region - Ekokymppi (Kainuu waste authority) - Biojäte"" sorting guide",Food-soiled paper / fibre packaging,Rejected,Source-level rule is liner-only; this broader application category is outside the accepted application scope.,"\b(napkin|paper\s*towel|pizza\s*box|paper\s*bag|cardboard|kitchen\s*towel|keukenpapier|talouspaperi|lautasliinat|k[üu]chenpapier|paper\s+napkin|carton|serviette)s?\b.{0,140}\b(compost|organic|food waste|biowaste|biotonne|gft|bioj[äa]te|brown\s+bin)\b",lautasliinat ruokailun yhteydessä miten kierrätän? vie kiinteistön keräysastiaan tai kompostoriin. pakkaa biojäte,"ahvin- ja teenporot suodatinpusseineen Kalanruodot ja pienet luut Kinkkurasvat, ruokaöljyt, keitot ja nesteet Ruuantähteet Talouspaperit ja lautasliinat ruokailun yhteydessä Miten kierrätän? Vie kiinteistön keräysastiaan tai kompostoriin. Pakkaa biojäte sanomalehdestä taiteltuun bioastiasuojaan, paperivalmisteiseen pussiin tai Compost HOME -sertifioituun biohajoavaan pussiin ennen keräysast",Collection liners only,"(bioj[äa]te|matavfall|food\s*waste|gft|gfe\+?t).{0,180}(compostable|composteerbare?\w*|biologisch\s+afbreekbare?\w*|biohajoava\w*|komposterbar\w*|paper|papieren?)\s+(bag|liner|pussi|zak|zakje|pose)s?","biojäte sanomalehdestä taiteltuun bioastiasuojaan, paperivalmisteiseen pussiin tai compost home -sertifioituun biohajoavaan pussi"
[112],"Finland - Jyväskylä, Laukaa, Muurame, Toivakka - Mustankorkea (composting facility) - Biohajoava, kompostoituva vai biopohjainen?"" (blog/guidance)",Food-service ware / takeaway packaging,Rejected,Source-level evidence rejects compostable packaging/items or identifies no accepted organics route.,\b(food[- ]?service|serviceware|take[- ]?away|takeout|to[- ]?go|catering|event|festival|venue|closed[- ]?loop)\b,take away,"ava ja myrkytön. Mikään muovi ei kuulu luontoon! Kun kyse on biohajoavista muoveista, kuluttajan pitää olla erityisen tarkkana. Esimerkiksi take away -kahvikupeissa käytettävän biohajoavan PLA-muovin (polylaktidin) hajoaminen ei käynnisty ilman riittävän korkeaa lämpötilaa. Tällainen kupp",Rejected,"(ikke|inte|må\s+ikke|skal\s+ikke|ei|ei\s+saa|ei\s+kuulu).{0,180}(komposterbar\w*|bioposer|bioplast|plast|biohajoava\w*|kompostoituva\w*|muovipakkauk\w*|kertak[äa]ytt[öo]astia)",eillä tarkoitetaan ja miten erilaiset tuotteet hajoavat luonnossa tai biojätteen joukossa. termit tutuksi biohajoavat
[112],"Finland - Jyväskylä, Laukaa, Muurame, Toivakka - Mustankorkea (composting facility) - Biohajoava, kompostoituva vai biopohjainen?"" (blog/guidance)",Generic compostable packaging / plastics,Rejected,Source-level evidence rejects compostable packaging/items or identifies no accepted organics route.,"\b(compostable|biodegradable|industrially\s+compostable|certified\s+compostable|bioplastic|bio[- ]?plastic|bioplastics|composteerbaar\w*|kompostierbar\w*|compostabil\w*|biod[ée]gradable\w*|biohajoava|kompostoituva|biolagunev\w*|kompostitav\w*|biolo[šs]ko\s+razgradljiv\w*|kompostowaln\w*|biodegradowaln\w*)\b.{0,140}\b(packaging|plastic|plastics|product|products|material|materials|item|items|verpackungen|kunststoff|emballage|embalagem|imballagg|envase|verpakking|pakend|pakkauks|opakowania|embala[žz]a|obaly|muovi|pakkauks|label|sticker)\w*",biohajoava ja myrkytön. mikään muovi,"atossa myös kotikompostissa. Kompostoituvat tuotteet sisältävät vain orgaanisia aineksia, minkä lisäksi k ompostoituvan tuotteen pitää olla biohajoava ja myrkytön. Mikään muovi ei kuulu luontoon! Kun kyse on bioha ---WINDOW--- ppo joutua viherpesun eli valheellisen ympäristömarkkinoinnin uhriksi. Termit tutuksi Bio",Rejected,"(ikke|inte|må\s+ikke|skal\s+ikke|ei|ei\s+saa|ei\s+kuulu).{0,180}(komposterbar\w*|bioposer|bioplast|plast|biohajoava\w*|kompostoituva\w*|muovipakkauk\w*|kertak[äa]ytt[öo]astia)",eillä tarkoitetaan ja miten erilaiset tuotteet hajoavat luonnossa tai biojätteen joukossa. termit tutuksi biohajoavat
[113],"Ireland - National - MyWaste.ie (national waste guidance portal — government funded, operated by Regional Waste Management Planning Offices) - Brown bin collection service",Food-service ware / takeaway packaging,Accepted,"Application is accepted in the ordinary organics route; certification or generic compostability is treated as product qualification, not a scenario restriction.",\b(food[- ]?service|serviceware|take[- ]?away|takeout|to[- ]?go|catering|event|festival|venue|closed[- ]?loop)\b,take away,"and vegetable peelings. Out of date foods can also be placed in brown bin, remember all packaging must be removed. Compostable packaging and take away items such as cups, bowls and cutlery can also be placed in the brown bin. Other items that can go into the brown bin include food-soile",Accepted broadly,"\bcompostable\s+packaging\b.{0,180}\b(accepted|allowed|permitted|can\s+(?:also\s+)?be\s+placed|can\s+go|may\s+go|put\s+in|place\s+in)\b.{0,120}\b(brown\s+bin|green\s+bin|organic\s+waste|organics|biowaste|food\s+waste|compost(?:ing)?\s+bin)","compostable packaging and take away items such as cups, bowls and cutlery can also be placed in the brown bin. other items that can go into the brown bin"
[113],"Ireland - National - MyWaste.ie (national waste guidance portal — government funded, operated by Regional Waste Management Planning Offices) - Brown bin collection service",Food-soiled paper / fibre packaging,Accepted,"Application is accepted in the ordinary organics route; certification or generic compostability is treated as product qualification, not a scenario restriction.",\b(food[- ]?soiled|soiled|greasy)\s+(paper|cardboard|fibre|fiber|napkin|paper\s*towel|pizza\s*box|paper\s*bag|food\s*wrapper|takeout\s*container)s?\b,food-soiled paper,"ng and take away items such as cups, bowls and cutlery can also be placed in the brown bin. Other items that can go into the brown bin include food-soiled paper napkins, food soiled paper towels, pizza boxes as well as grass clippings and light garden waste i.e. clippings, twigs and small branch",Accepted broadly,"\bcompostable\s+packaging\b.{0,180}\b(accepted|allowed|permitted|can\s+(?:also\s+)?be\s+placed|can\s+go|may\s+go|put\s+in|place\s+in)\b.{0,120}\b(brown\s+bin|green\s+bin|organic\s+waste|organics|biowaste|food\s+waste|compost(?:ing)?\s+bin)","compostable packaging and take away items such as cups, bowls and cutlery can also be placed in the brown bin. other items that can go into the brown bin"
[113],"Ireland - National - MyWaste.ie (national waste guidance portal — government funded, operated by Regional Waste Management Planning Offices) - Brown bin collection service",Generic compostable packaging / plastics,Accepted,"Application is accepted in the ordinary organics route; certification or generic compostability is treated as product qualification, not a scenario restriction.","\b(compostable|biodegradable|industrially\s+compostable|certified\s+compostable|bioplastic|bio[- ]?plastic|bioplastics|composteerbaar\w*|kompostierbar\w*|compostabil\w*|biod[ée]gradable\w*|biohajoava|kompostoituva|biolagunev\w*|kompostitav\w*|biolo[šs]ko\s+razgradljiv\w*|kompostowaln\w*|biodegradowaln\w*)\b.{0,140}\b(packaging|plastic|plastics|product|products|material|materials|item|items|verpackungen|kunststoff|emballage|embalagem|imballagg|envase|verpakking|pakend|pakkauks|opakowania|embala[žz]a|obaly|muovi|pakkauks|label|sticker)\w*","compostable packaging and take away items such as cups, bowls and cutlery can also be placed in the brown bin. other items","rapings, along with fruit and vegetable peelings. Out of date foods can also be placed in brown bin, remember all packaging must be removed. Compostable packaging and take away items such as cups, bowls and cutlery can also be placed in the brown bin. Other items that can go into the brown bin include food-soiled paper napkins, food soiled paper towels, pizza boxes as well as grass clippings and l",Accepted broadly,"\bcompostable\s+packaging\b.{0,180}\b(accepted|allowed|permitted|can\s+(?:also\s+)?be\s+placed|can\s+go|may\s+go|put\s+in|place\s+in)\b.{0,120}\b(brown\s+bin|green\s+bin|organic\s+waste|organics|biowaste|food\s+waste|compost(?:ing)?\s+bin)","compostable packaging and take away items such as cups, bowls and cutlery can also be placed in the brown bin. other items that can go into the brown bin"
[114],"Ireland - Dún Laoghaire-Rathdown County - Dún Laoghaire-Rathdown County Council - Food Waste"" (waste guidance page)",Food-waste liners / collection bags,Rejected,Source-level evidence rejects compostable packaging/items or identifies no accepted organics route.,\b(caddy\s*liner|kitchen\s*caddy|food[- ]?waste\s*(bag|liner)|bio\s*bag|biobag|compostable\s*(bag|liner)|green\s*bag|brown\s*bag|collection\s*(bag|liner)|organic\s*waste\s*bag|organics\s*bag|biowaste\s*bag|food\s*scraps?\s*bag)s?\b,compostable bags,t it for collection by an authorised collector or compost it at home. Householders Must Not Put Food Waste In Their General Waste Bin. Only compostable bags certified to EN 13432 (indicated on the packaging) should be used to line food waste bins (brown bin). Plastic bin liners/bags cannot be us,No clear organics route,"\b(no|not|without|lack(?:ing)?)\b.{0,120}\b(organic\s*waste|food\s*waste|biowaste|bio[- ]?waste|organics)\b.{0,120}\b(collection|route|service|infrastructure|facility|treatment|system)\b",no. 294 of 2024) impose a broad obligation on commercial premises where food waste arises to segregate this waste at source. all commercial premises must have a separate food waste collection service
[114],"Ireland - Dún Laoghaire-Rathdown County - Dún Laoghaire-Rathdown County Council - Food Waste"" (waste guidance page)",Generic compostable packaging / plastics,Rejected,Source-level evidence rejects compostable packaging/items or identifies no accepted organics route.,"\b(compostable|biodegradable|industrially\s+compostable|certified\s+compostable|bioplastic|bio[- ]?plastic|bioplastics|composteerbaar\w*|kompostierbar\w*|compostabil\w*|biod[ée]gradable\w*|biohajoava|kompostoituva|biolagunev\w*|kompostitav\w*|biolo[šs]ko\s+razgradljiv\w*|kompostowaln\w*|biodegradowaln\w*)\b.{0,140}\b(packaging|plastic|plastics|product|products|material|materials|item|items|verpackungen|kunststoff|emballage|embalagem|imballagg|envase|verpakking|pakend|pakkauks|opakowania|embala[žz]a|obaly|muovi|pakkauks|label|sticker)\w*",compostable bags certified to en 13432 (indicated on the packaging) should be used to line food waste bins (brown bin). plastic,"t it for collection by an authorised collector or compost it at home. Householders Must Not Put Food Waste In Their General Waste Bin. Only compostable bags certified to EN 13432 (indicated on the packaging) should be used to line food waste bins (brown bin). Plastic bin liners/bags cannot be used as they contaminate the composting process. There are many ways to reduce food waste and save money, for exa",No clear organics route,"\b(no|not|without|lack(?:ing)?)\b.{0,120}\b(organic\s*waste|food\s*waste|biowaste|bio[- ]?waste|organics)\b.{0,120}\b(collection|route|service|infrastructure|facility|treatment|system)\b",no. 294 of 2024) impose a broad obligation on commercial premises where food waste arises to segregate this waste at source. all commercial premises must have a separate food waste collection service
[118],Germany - Braunschweig - Stadt Braunschweig / Kompostierbare Kunststoffe in Biotonne,Generic compostable packaging / plastics,Rejected,Source-level evidence rejects compostable packaging/items or identifies no accepted organics route.,"\b(compostable|biodegradable|industrially\s+compostable|certified\s+compostable|bioplastic|bio[- ]?plastic|bioplastics|composteerbaar\w*|kompostierbar\w*|compostabil\w*|biod[ée]gradable\w*|biohajoava|kompostoituva|biolagunev\w*|kompostitav\w*|biolo[šs]ko\s+razgradljiv\w*|kompostowaln\w*|biodegradowaln\w*)\b.{0,140}\b(packaging|plastic|plastics|product|products|material|materials|item|items|verpackungen|kunststoff|emballage|embalagem|imballagg|envase|verpakking|pakend|pakkauks|opakowania|embala[žz]a|obaly|muovi|pakkauks|label|sticker)\w*",kompostierbare kunststoffe,Germany - Braunschweig - Stadt Braunschweig / Kompostierbare Kunststoffe in Biotonne | Zur Startseite springen | https://www.braunschweig.de/leben/wohnen_energie_abfall/usbs/bioplastik.php Zur Startseite springen,Rejected,"(plastik|kunststoff|bioplastik|biokunststoff|kompostierbare?\w*\s+(biobeutel|beutel|t[üu]ten)|verpackungen|folien|t[üu]ten).{0,180}(d[üu]rfen\s+nicht|geh[öo]ren\s+nicht|nicht\s+in\s+(die\s+)?biotonne|darf\s+nicht\s+rein|kein\s+plastik|verboten|nicht\s+ausreichend)",biokunststofftüten in der biotonne in braunschweig und im ganzen norden verboten
[124],Slovenia - Ljubljana - JP VOKA SNAGA / biodegradable bio-organic waste guidance,Food-waste liners / collection bags,Accepted,Food-waste liners/collection bags are accepted in the ordinary organics route; certification or compostability wording is treated as product qualification.,\b(caddy\s*liner|kitchen\s*caddy|food[- ]?waste\s*(bag|liner)|bio\s*bag|biobag|compostable\s*(bag|liner)|green\s*bag|brown\s*bag|collection\s*(bag|liner)|organic\s*waste\s*bag|organics\s*bag|biowaste\s*bag|food\s*scraps?\s*bag)s?\b,brown bags,"ing state-of-the-art technology, treatment produces prime quality compost called Rastko, which can be used to fertilize gardens and fields. Brown bags can be used occasionally when users have more waste (normally green garden waste) that can not be put in the bin for biowaste. Photo: M. Št",Collection liners only,"\b(compostable|biodegradable|paper)\s+(bag|liner|sack)s?\b.{0,160}\b(food[- ]?waste|bio[- ]?waste|organic\s*waste|kitchen\s*caddy|brown\s+bin)","paper bags; cut greenery, grass and leaves; old spent potting soil, flowers and weeds; litter of small plant-eating animals; and wood ashes. it is best to collect biowaste"
[125],"South Korea - Dobong-gu, Seoul - household waste disposal guide",Food-waste liners / collection bags,Rejected,Source-level evidence rejects compostable packaging/items or identifies no accepted organics route.,"(生ごみ|厨余|廚餘|餐厨|음식물쓰레기|음식물류).{0,80}(袋|봉투|专用袋|專用袋|専用袋|전용봉투)","음식물쓰레기(단독주택, 빌라 등) : 용기에 맞는 납부필증을 부착하여 뚜껑을 닫고 배출 연탄재 : 투명 비닐봉투","재)(내용을 비운 후 배출) 이렇게 버려주세요 2 (쓰레기 종류별 배출요령) 재활용품 : 반드시 투명비닐봉투에 담아 묶어서 배출 종량제봉투(비닐) : 태울 수 있는 쓰레기 종류를 담아 배출 특수규격봉투(마대) : 태울 수 없는 쓰레기 종류를 담아 배출 음식물쓰레기(단독주택, 빌라 등) : 용기에 맞는 납부필증을 부착하여 뚜껑을 닫고 배출 연탄재 : 투명 비닐봉투에 소량(4개정도)을 담아 배출 폐형광등(건전지) : 동 주민센터 또는 아파트의 지정된 수거함에 배출 이렇게 버려주세요 3 (재활용 비해당 품목 배출요령) 쓰레기 종류별 분리 배출 요령이며 분류별 품목이 보여집니다 연번 분리수거 품목 재활용이 어려운",Rejected,"(可堆肥|可降解|生分解|塑料|塑膠|プラスチック|생분해|플라스틱|비닐).{0,100}(不(?:可|能|得)|不能|不可|請勿|不要|禁止|一般ごみ|燃えるごみ|종량제|일반쓰레기|배출불가)","비닐봉투 사용) 종이류 신문지, 종이컵, 책자, 노투, 종이쇼핑백, 달력, 상자류(골판지, 과자 포장상자), 종이봉투, 포장재 등(비닐코팅된 종이는 종량제"
[127],"Canada - Halifax, Nova Scotia - Green carts, leaf and yard material",Tea/coffee preparation items,Rejected,Source-level rule is liner-only; this broader application category is outside the accepted application scope.,\b(tea\s*bag|teabag|coffee\s*filter|coffee\s*(pod|capsule)|k[- ]?cup|espresso\s*capsule|teebeutel|kaffeefilter|theezakjes?|koffiefilters?|sachet[s]?\s+de\s+th[ée]|filtre[s]?\s+.*caf[ée]|capsule[s]?\s+de\s+caf[ée])s?\b,tea bags,"d vegetable peelings table scraps, meat, fish, bones dairy products fat, cooking oil, and grease bread, rice, pasta coffee grounds, filters, tea bags eggshells food napkins kitchen paper towels and soiled paper wooden cutlery (100% wood, no coating) paper plates (no plastic coating) Tip:",Collection liners only,"\b(use|can\s+use|may\s+use|allowed\s+to\s+use|line|pack|collect|wrap)\b.{0,160}\b(compostable|bioplastic|biodegradable|paper)\s+(bag|liner|sack)s?",line your green cart with a yard waste paper bag
[127],"Canada - Halifax, Nova Scotia - Green carts, leaf and yard material",Food-soiled paper / fibre packaging,Rejected,Source-level rule is liner-only; this broader application category is outside the accepted application scope.,\b(food[- ]?soiled|soiled|greasy)\s+(paper|cardboard|fibre|fiber|napkin|paper\s*towel|pizza\s*box|paper\s*bag|food\s*wrapper|takeout\s*container)s?\b,soiled paper,"y products fat, cooking oil, and grease bread, rice, pasta coffee grounds, filters, tea bags eggshells food napkins kitchen paper towels and soiled paper wooden cutlery (100% wood, no coating) paper plates (no plastic coating) Tip: Use boxboard or one sheet of newspaper to wrap wet food wast",Collection liners only,"\b(use|can\s+use|may\s+use|allowed\s+to\s+use|line|pack|collect|wrap)\b.{0,160}\b(compostable|bioplastic|biodegradable|paper)\s+(bag|liner|sack)s?",line your green cart with a yard waste paper bag
[127],"Canada - Halifax, Nova Scotia - Green carts, leaf and yard material",Flexible films/wraps/pouches,Rejected,Source-level rule is liner-only; this broader application category is outside the accepted application scope.,"\b(mailer|postal\s*bag|e[- ]?commerce\s*packaging|garment\s*bag|poly\s*bag|protective\s*film|stretch\s*film|shrink\s*film|wrapper|wrap|pouch|pouches|wikkels|films?|folien|buste)\w*\b.{0,160}\b(compostable|biodegradable|bioplastic|compostabil|biodegradabil|organic waste|compost|brown\s+bin|green\s+cart)","wrap wet food waste. what doesn't belong in the green cart: no plastic bags or 'compostable' or 'biodegradable' plastic products no ""biodegradable","els and soiled paper wooden cutlery (100% wood, no coating) paper plates (no plastic coating) Tip: Use boxboard or one sheet of newspaper to wrap wet food waste. What doesn't belong in the green cart: NO plastic bags or 'compostable' or 'biodegradable' plastic products No ""biodegradable"" coffee cups No paper coffee cups No ""biodegradable"" plastic cups or packaging NO paper or Styrofoam coffee cups NO ashes NO waxed or film",Collection liners only,"\b(use|can\s+use|may\s+use|allowed\s+to\s+use|line|pack|collect|wrap)\b.{0,160}\b(compostable|bioplastic|biodegradable|paper)\s+(bag|liner|sack)s?",line your green cart with a yard waste paper bag
[127],"Canada - Halifax, Nova Scotia - Green carts, leaf and yard material",Generic compostable packaging / plastics,Rejected,Source-level rule is liner-only; this broader application category is outside the accepted application scope.,"\b(compostable|biodegradable|industrially\s+compostable|certified\s+compostable|bioplastic|bio[- ]?plastic|bioplastics|composteerbaar\w*|kompostierbar\w*|compostabil\w*|biod[ée]gradable\w*|biohajoava|kompostoituva|biolagunev\w*|kompostitav\w*|biolo[šs]ko\s+razgradljiv\w*|kompostowaln\w*|biodegradowaln\w*)\b.{0,140}\b(packaging|plastic|plastics|product|products|material|materials|item|items|verpackungen|kunststoff|emballage|embalagem|imballagg|envase|verpakking|pakend|pakkauks|opakowania|embala[žz]a|obaly|muovi|pakkauks|label|sticker)\w*","compostable' or 'biodegradable' plastic products no ""biodegradable"" coffee cups no paper coffee cups no ""biodegradable"" plastic cups or packaging","stic coating) Tip: Use boxboard or one sheet of newspaper to wrap wet food waste. What doesn't belong in the green cart: NO plastic bags or 'compostable' or 'biodegradable' plastic products No ""biodegradable"" coffee cups No paper coffee cups No ""biodegradable"" plastic cups or packaging NO paper or Styrofoam coffee cups NO ashes NO waxed or film packaging NO corrugated cardboard (i.e. pizza boxes) NO cans, bottles, or glas",Collection liners only,"\b(use|can\s+use|may\s+use|allowed\s+to\s+use|line|pack|collect|wrap)\b.{0,160}\b(compostable|bioplastic|biodegradable|paper)\s+(bag|liner|sack)s?",line your green cart with a yard waste paper bag
[128],"Canada - Calgary, Alberta - What can go in your green cart",Food-waste liners / collection bags,Accepted with conditions,"Food-waste liners are accepted only as official/designated, locally/facility-approved, or otherwise restricted collection items.",\b(caddy\s*liner|kitchen\s*caddy|food[- ]?waste\s*(bag|liner)|bio\s*bag|biobag|compostable\s*(bag|liner)|green\s*bag|brown\s*bag|collection\s*(bag|liner)|organic\s*waste\s*bag|organics\s*bag|biowaste\s*bag|food\s*scraps?\s*bag)s?\b,compostable bag,st pickup Green cart Menu Menu Green cart What can go in your green cart What can't go in your green cart Preparing your food and yard waste Compostable bag liners Compost giveaway How composting works Reducing food waste Cart schedule and customer service What Goes Where search tool Programs a,Collection liners only,"\b(use|can\s+use|may\s+use|allowed\s+to\s+use|line|pack|collect|wrap)\b.{0,160}\b(compostable|bioplastic|biodegradable|paper)\s+(bag|liner|sack)s?",can use certified compostable bags
[128],"Canada - Calgary, Alberta - What can go in your green cart",Tea/coffee preparation items,Rejected,Source-level rule is liner-only; this broader application category is outside the accepted application scope.,\b(tea\s*bag|teabag|coffee\s*filter|coffee\s*(pod|capsule)|k[- ]?cup|espresso\s*capsule|teebeutel|kaffeefilter|theezakjes?|koffiefilters?|sachet[s]?\s+de\s+th[ée]|filtre[s]?\s+.*caf[ée]|capsule[s]?\s+de\s+caf[ée])s?\b,tea bags,"Paper food wrappers and parchment paper Certified compostable takeout containers and cups – paper and fibre only Coffee grounds, filters and tea bags Food soiled paper towels and napkins Used facial tissues (e.g. Kleenex) TIP: Put clean paper in your blue cart. Your green cart is for foo",Collection liners only,"\b(use|can\s+use|may\s+use|allowed\s+to\s+use|line|pack|collect|wrap)\b.{0,160}\b(compostable|bioplastic|biodegradable|paper)\s+(bag|liner|sack)s?",can use certified compostable bags
[128],"Canada - Calgary, Alberta - What can go in your green cart",Food-soiled paper / fibre packaging,Rejected,Source-level rule is liner-only; this broader application category is outside the accepted application scope.,\b(food[- ]?soiled|soiled|greasy)\s+(paper|cardboard|fibre|fiber|napkin|paper\s*towel|pizza\s*box|paper\s*bag|food\s*wrapper|takeout\s*container)s?\b,food soiled paper,"ables Meat and bones Bread, pasta, rice and cereal Eggshells, cheese and dairy Condiments and sauces Fish and shellfish Pastries and cookies Food soiled paper What counts as food soiled? Paper products covered in food bits, sauces and/or grease should go in the green cart. Used paper plates and b",Collection liners only,"\b(use|can\s+use|may\s+use|allowed\s+to\s+use|line|pack|collect|wrap)\b.{0,160}\b(compostable|bioplastic|biodegradable|paper)\s+(bag|liner|sack)s?",can use certified compostable bags
[128],"Canada - Calgary, Alberta - What can go in your green cart",Flexible films/wraps/pouches,Rejected,Source-level rule is liner-only; this broader application category is outside the accepted application scope.,"\b(mailer|postal\s*bag|e[- ]?commerce\s*packaging|garment\s*bag|poly\s*bag|protective\s*film|stretch\s*film|shrink\s*film|wrapper|wrap|pouch|pouches|wikkels|films?|folien|buste)\w*\b.{0,160}\b(compostable|biodegradable|bioplastic|compostabil|biodegradabil|organic waste|compost|brown\s+bin|green\s+cart)",wrappers and parchment paper certified compostable,"aper holding food scraps Greasy paper bags e.g. fast food bags, bakery bags Pizza boxes and pizza liners (greasy and food chunks) Paper food wrappers and parchment paper Certified compostable takeout containers and cups – paper and fibre only Coffee grounds, filters and tea bags Food soiled paper towels and napkins Used facial t",Collection liners only,"\b(use|can\s+use|may\s+use|allowed\s+to\s+use|line|pack|collect|wrap)\b.{0,160}\b(compostable|bioplastic|biodegradable|paper)\s+(bag|liner|sack)s?",can use certified compostable bags
[128],"Canada - Calgary, Alberta - What can go in your green cart",Generic compostable packaging / plastics,Rejected,Source-level rule is liner-only; this broader application category is outside the accepted application scope.,"\b(compostable|biodegradable|industrially\s+compostable|certified\s+compostable|bioplastic|bio[- ]?plastic|bioplastics|composteerbaar\w*|kompostierbar\w*|compostabil\w*|biod[ée]gradable\w*|biohajoava|kompostoituva|biolagunev\w*|kompostitav\w*|biolo[šs]ko\s+razgradljiv\w*|kompostowaln\w*|biodegradowaln\w*)\b.{0,140}\b(packaging|plastic|plastics|product|products|material|materials|item|items|verpackungen|kunststoff|emballage|embalagem|imballagg|envase|verpakking|pakend|pakkauks|opakowania|embala[žz]a|obaly|muovi|pakkauks|label|sticker)\w*",certified compostable bags to hold all food scraps. all food must be separated from packaging,"Milk, cheese, sour cream and dairy products Condiments, sauces, gravy and jams Nuts, seeds, chips, popcorn and candy Preparation You can use certified compostable bags to hold all food scraps. All food must be separated from packaging. See our list of available bags brands and retailers Plate scrapings Moldy and spoiled food Fruits and vegetables Meat and bones Bread, pa",Collection liners only,"\b(use|can\s+use|may\s+use|allowed\s+to\s+use|line|pack|collect|wrap)\b.{0,160}\b(compostable|bioplastic|biodegradable|paper)\s+(bag|liner|sack)s?",can use certified compostable bags
[129],"Canada - Montréal, Québec - Get details about food waste collections",Food-service ware / takeaway packaging,Rejected,Source-level evidence rejects compostable packaging/items or identifies no accepted organics route.,"\b(cup|plate|bowl|tray|container|cutlery|fork|spoon|knife|straw|lid|stoviglie|posate|bicchieri|piatti|contenitori|kahvimuki|kertak[äa]ytt[öo]astia|vaisselle|gobelets?|assiettes?|couverts?|vasos?|platos?|cubiertos?)\w*\b.{0,140}\b(compostable|biodegradable|compostabil|biodegradabil|organic|umido|compost|biohajoava|kompostoituva)","plateau-mont-royal, l'île-bizard-sainte-geneviève, pierrefonds-roxboro and saint-laurent), this collection is replaced by the organic","owed. Find out how to put out table scraps for collection and composting. Food waste is collected in 14 boroughs. In 5 boroughs (Lachine, Le Plateau-Mont-Royal, L’Île-Bizard-Sainte-Geneviève, Pierrefonds-Roxboro and Saint-Laurent), this collection is replaced by the organic waste collection , where green waste is also picked up. If food waste collection is available for your type of building, you must particip",No clear organics route,"\b(no|not|without|lack(?:ing)?)\b.{0,120}\b(organic\s*waste|food\s*waste|biowaste|bio[- ]?waste|organics)\b.{0,120}\b(collection|route|service|infrastructure|facility|treatment|system)\b","not exceed 25 kg (55 lb). otherwise, it will not be picked up during the food waste collection"
[129],"Canada - Montréal, Québec - Get details about food waste collections",Food-soiled paper / fibre packaging,Rejected,Source-level evidence rejects compostable packaging/items or identifies no accepted organics route.,"\b(napkin|paper\s*towel|pizza\s*box|paper\s*bag|cardboard|kitchen\s*towel|keukenpapier|talouspaperi|lautasliinat|k[üu]chenpapier|paper\s+napkin|carton|serviette)s?\b.{0,140}\b(compost|organic|food waste|biowaste|biotonne|gft|bioj[äa]te|brown\s+bin)\b",paper bags placed inside your brown bin acceptable weight small 45-litre brown bin,"Compostable plastic bags certified by the Bureau de normalisation du Québec (the Québec standards organization) placed inside your brown bin Paper bags placed inside your brown bin Acceptable weight Small 45-litre brown bin Once filled and placed in the curbspace, the bin must not exceed 25 kg (55 lb). Otherwise, it will not be picked up during the food waste",No clear organics route,"\b(no|not|without|lack(?:ing)?)\b.{0,120}\b(organic\s*waste|food\s*waste|biowaste|bio[- ]?waste|organics)\b.{0,120}\b(collection|route|service|infrastructure|facility|treatment|system)\b","not exceed 25 kg (55 lb). otherwise, it will not be picked up during the food waste collection"
[129],"Canada - Montréal, Québec - Get details about food waste collections",Generic compostable packaging / plastics,Rejected,Source-level evidence rejects compostable packaging/items or identifies no accepted organics route.,"\b(compostable|biodegradable|industrially\s+compostable|certified\s+compostable|bioplastic|bio[- ]?plastic|bioplastics|composteerbaar\w*|kompostierbar\w*|compostabil\w*|biod[ée]gradable\w*|biohajoava|kompostoituva|biolagunev\w*|kompostitav\w*|biolo[šs]ko\s+razgradljiv\w*|kompostowaln\w*|biodegradowaln\w*)\b.{0,140}\b(packaging|plastic|plastics|product|products|material|materials|item|items|verpackungen|kunststoff|emballage|embalagem|imballagg|envase|verpakking|pakend|pakkauks|opakowania|embala[žz]a|obaly|muovi|pakkauks|label|sticker)\w*",compostable plastic,districts. You must participate. Acceptable materials in the brown bin See the list Acceptable containers Brown bin provided by the borough Compostable plastic bags certified by the Bureau de normalisation du Québec (the Québec standards organization) placed inside your brown bin Paper bags placed,No clear organics route,"\b(no|not|without|lack(?:ing)?)\b.{0,120}\b(organic\s*waste|food\s*waste|biowaste|bio[- ]?waste|organics)\b.{0,120}\b(collection|route|service|infrastructure|facility|treatment|system)\b","not exceed 25 kg (55 lb). otherwise, it will not be picked up during the food waste collection"
[130],"Portugal - LIPOR service area / Greater Porto - Os sacos compostáveis podem ser colocados no Contentor Castanho, dos Resíduos Alimentares?",Food-waste liners / collection bags,Accepted,Food-waste liners/collection bags are accepted in the ordinary organics route; certification or compostability wording is treated as product qualification.,\b(sac[s]?\s+(compostable|biod[ée]gradable)|sacco\s+compostabile|sacchetti\s+compostabil\w*|bolsa\s+compostable|bolsas\s+compostables|sacos?\s+compost[áa]veis|kompostierbare?\w*\s+(beutel|t[üu]ten|biobeutel)|composteerbare?\w*\s+(zak|zakken|zakjes)|biozak\w*|bioposer|matavfallsp[åa]sar|bioavfallsp[åa]sar|bioj[äa]tepussi|vre[čc]ke|worki|s[áa][čc]ky)\b,sacos compostáveis,"Portugal - LIPOR service area / Greater Porto - Os sacos compostáveis podem ser colocados no Contentor Castanho, dos Resíduos Alimentares? | Os sacos compostáveis podem ser colocados no Contentor Castanho, dos",Collection liners only,"sacos?\s+compost[áa]veis.{0,120}\b(?:podem\s+ser|devem\s+ser|aceites?|utilizados?)\b.{0,140}(res[íi]duos?\s+alimentares|org[âa]nicos|contentor\s+castanho)","sacos compostáveis podem ser colocados no contentor castanho, dos resíduos alimentares? | os sacos compostáveis podem ser colocados no contentor castanho, dos resíduos alimentares"
[133],Czechia - Brno-Chrlice - Třídění odpadů,Food-waste liners / collection bags,Rejected,Source-level evidence rejects compostable packaging/items or identifies no accepted organics route.,\b(sac[s]?\s+(compostable|biod[ée]gradable)|sacco\s+compostabile|sacchetti\s+compostabil\w*|bolsa\s+compostable|bolsas\s+compostables|sacos?\s+compost[áa]veis|kompostierbare?\w*\s+(beutel|t[üu]ten|biobeutel)|composteerbare?\w*\s+(zak|zakken|zakjes)|biozak\w*|bioposer|matavfallsp[åa]sar|bioavfallsp[åa]sar|bioj[äa]tepussi|vre[čc]ke|worki|s[áa][čc]ky)\b,sáčky,"tředisko. Patří sem: plastové obaly všeho druhu (PET láhve, kelímky, krabičky od pokrmů, plastové nádoby od kosmetiky či pracích prostředků, sáčky, tašky, fólie, výrobky z plastů), menší kousky polystyrenu, nápojové kartony od mléčných výrobků, polotovarů a džusů, kovové obaly od potr",Rejected,"(opakowania|embala[žz]a|obaly|foli[oó]wki|plastikow\w*|plastov\w*).{0,220}(nie|ne|niso|nepat[řr][íi]|prepoved|zakaz)","obaly od kávy či čaje, obaly od trvanlivých potravin, obaly od krmiv pro zvířata, víčka od jogurtů, alobal, potravinové tácky, víčka od sterilovaných potravin, drobné kovové obaly) ne"
[134],Denmark - Copenhagen - Sådan sorterer du madaffald,Food-waste liners / collection bags,Accepted with conditions,"Food-waste liners are accepted only as official/designated, locally/facility-approved, or otherwise restricted collection items.",\b(sac[s]?\s+(compostable|biod[ée]gradable)|sacco\s+compostabile|sacchetti\s+compostabil\w*|bolsa\s+compostable|bolsas\s+compostables|sacos?\s+compost[áa]veis|kompostierbare?\w*\s+(beutel|t[üu]ten|biobeutel)|composteerbare?\w*\s+(zak|zakken|zakjes)|biozak\w*|bioposer|matavfallsp[åa]sar|bioavfallsp[åa]sar|bioj[äa]tepussi|vre[čc]ke|worki|s[áa][čc]ky)\b,bioposer,"d Text extraction: BeautifulSoup visible text, rebuilt 2026-05-28T13:31:05Z Sådan sorterer du madaffald Madaffald skal sorteres i de grønne bioposer. Det indsamlede madaffald bliver til biogas og økologisk gødning. Sortering af Madaffald Dette skal sorteres som Madaffald Al madaffald –",Collection liners only,"(?:matavfall|madaffald|bioaffald|bioavfall|bioj[äa]te|ruokaj[äa]te).{0,100}(?:bioposer|matavfallsp[åa]sar|bioavfallsp[åa]sar|bioj[äa]tepussi|bioj[äa]tepussit|paperipussi).{0,120}(?:skal|kan|må|saa|accepted|sorteres|anv[aä]ndas|bruges|käyttää)",madaffald madaffald skal sorteres i de grønne bioposer. det indsamlede madaffald bliver til biogas og økologisk gødning. sortering af madaffald dette skal sorteres
[135],Iceland - Reykjavík - Our bins,Tea/coffee preparation items,Rejected,Source-level evidence rejects compostable packaging/items or identifies no accepted organics route.,\b(tea\s*bag|teabag|coffee\s*filter|coffee\s*(pod|capsule)|k[- ]?cup|espresso\s*capsule|teebeutel|kaffeefilter|theezakjes?|koffiefilters?|sachet[s]?\s+de\s+th[ée]|filtre[s]?\s+.*caf[ée]|capsule[s]?\s+de\s+caf[ée])s?\b,tea bags,for cleaning bins. What can go in the brown bin? Food waste (including bones) Fruit and vegetables Bread and cakes Coffee grounds and paper tea bags (paper filters are acceptable) Paper towels and uncolored napkins Cut flowers and plants What can NOT go in the brown bin? Plastic and pla,Rejected,"\b(not\s+accepted|not\s+allowed|do\s+not\s+put|don't\s+put|must\s+not|should\s+not|prohibited|rejected|not\s+permitted|not\s+suitable|cannot|can\s*not|can’t|can't|contamination|contaminant)\b.{0,180}\b(compostable|biodegradable|bioplastic|bio[- ]?plastic|compostable\s+packag|biodegradable\s+packag|serviceware|cup|cutlery)","can not go in the brown bin? plastic and plastic bags recyclable paper or cardboard refundable beverage containers garden waste biodegradable packaging (for example, labeled ""compostable"
[135],Iceland - Reykjavík - Our bins,Food-soiled paper / fibre packaging,Rejected,Source-level evidence rejects compostable packaging/items or identifies no accepted organics route.,"\b(napkin|paper\s*towel|pizza\s*box|paper\s*bag|cardboard|kitchen\s*towel|keukenpapier|talouspaperi|lautasliinat|k[üu]chenpapier|paper\s+napkin|carton|serviette)s?\b.{0,140}\b(compost|organic|food waste|biowaste|biotonne|gft|bioj[äa]te|brown\s+bin)\b",paper towels and uncolored napkins cut flowers and plants what can not go in the brown bin,"rown bin? Food waste (including bones) Fruit and vegetables Bread and cakes Coffee grounds and paper tea bags (paper filters are acceptable) Paper towels and uncolored napkins Cut flowers and plants What can NOT go in the brown bin? Plastic and plastic bags Recyclable paper or cardboard Refundable beverage containers Garden Waste Biodegradable packaging (for example,",Rejected,"\b(not\s+accepted|not\s+allowed|do\s+not\s+put|don't\s+put|must\s+not|should\s+not|prohibited|rejected|not\s+permitted|not\s+suitable|cannot|can\s*not|can’t|can't|contamination|contaminant)\b.{0,180}\b(compostable|biodegradable|bioplastic|bio[- ]?plastic|compostable\s+packag|biodegradable\s+packag|serviceware|cup|cutlery)","can not go in the brown bin? plastic and plastic bags recyclable paper or cardboard refundable beverage containers garden waste biodegradable packaging (for example, labeled ""compostable"
[135],Iceland - Reykjavík - Our bins,Flexible films/wraps/pouches,Rejected,Source-level evidence rejects compostable packaging/items or identifies no accepted organics route.,"\b(compostable|biodegradable|bioplastic|compostabil|biodegradabil)\w*\b.{0,160}\b(film|wrap|wrapper|pouch|mailer|poly\s*bag|garment\s*bag|shopping\s*bag|carrier\s*bag)","compostable, or bioplastic bags. you can also wrap","aste from mixed waste. The brown bin is intended for food waste and other organic kitchen waste. Waste should be in paper bags, not plastic, compostable, or bioplastic bags. You can also wrap waste in a newspaper and place it in the bin. If waste is not contained in the bin, it becomes dirty and can become smelly. Residents are",Rejected,"\b(not\s+accepted|not\s+allowed|do\s+not\s+put|don't\s+put|must\s+not|should\s+not|prohibited|rejected|not\s+permitted|not\s+suitable|cannot|can\s*not|can’t|can't|contamination|contaminant)\b.{0,180}\b(compostable|biodegradable|bioplastic|bio[- ]?plastic|compostable\s+packag|biodegradable\s+packag|serviceware|cup|cutlery)","can not go in the brown bin? plastic and plastic bags recyclable paper or cardboard refundable beverage containers garden waste biodegradable packaging (for example, labeled ""compostable"
[135],Iceland - Reykjavík - Our bins,Generic compostable packaging / plastics,Rejected,Source-level evidence rejects compostable packaging/items or identifies no accepted organics route.,"\b(compostable|biodegradable|industrially\s+compostable|certified\s+compostable|bioplastic|bio[- ]?plastic|bioplastics|composteerbaar\w*|kompostierbar\w*|compostabil\w*|biod[ée]gradable\w*|biohajoava|kompostoituva|biolagunev\w*|kompostitav\w*|biolo[šs]ko\s+razgradljiv\w*|kompostowaln\w*|biodegradowaln\w*)\b.{0,140}\b(packaging|plastic|plastics|product|products|material|materials|item|items|verpackungen|kunststoff|emballage|embalagem|imballagg|envase|verpakking|pakend|pakkauks|opakowania|embala[žz]a|obaly|muovi|pakkauks|label|sticker)\w*","biodegradable packaging (for example, labeled","plants What can NOT go in the brown bin? Plastic and plastic bags Recyclable paper or cardboard Refundable beverage containers Garden Waste Biodegradable packaging (for example, labeled ""compostable"") Excessive waste Cat litter and animal waste Chewing gum Metals Batteries Toxic waste Glass Garments Medicines Gray bin for",Rejected,"\b(not\s+accepted|not\s+allowed|do\s+not\s+put|don't\s+put|must\s+not|should\s+not|prohibited|rejected|not\s+permitted|not\s+suitable|cannot|can\s*not|can’t|can't|contamination|contaminant)\b.{0,180}\b(compostable|biodegradable|bioplastic|bio[- ]?plastic|compostable\s+packag|biodegradable\s+packag|serviceware|cup|cutlery)","can not go in the brown bin? plastic and plastic bags recyclable paper or cardboard refundable beverage containers garden waste biodegradable packaging (for example, labeled ""compostable"
[136],"United States - New York City, NY - Curbside Composting",Food-waste liners / collection bags,Accepted,Food-waste liners/collection bags are accepted in the ordinary organics route; certification or compostability wording is treated as product qualification.,\b(caddy\s*liner|kitchen\s*caddy|food[- ]?waste\s*(bag|liner)|bio\s*bag|biobag|compostable\s*(bag|liner)|green\s*bag|brown\s*bag|collection\s*(bag|liner)|organic\s*waste\s*bag|organics\s*bag|biowaste\s*bag|food\s*scraps?\s*bag)s?\b,compostable bag,"ed bin with a secure lid or in your DSNY brown bin. Bins must be 55 gallons or less with a secure lid. Line with a clear plastic, paper, or compostable bag to help keep it clean. Extra leaf and yard waste can be put in a paper lawn and leaf bag or clear plastic bag. Twigs and branches can be bu",Collection liners only,"\b(use|can\s+use|may\s+use|allowed\s+to\s+use|line|pack|collect|wrap)\b.{0,160}\b(compostable|bioplastic|biodegradable|paper)\s+(bag|liner|sack)s?","line with a clear plastic, paper, or compostable bag"
[136],"United States - New York City, NY - Curbside Composting",Food-service ware / takeaway packaging,Rejected,Source-level rule is liner-only; this broader application category is outside the accepted application scope.,"\b(cup|plate|bowl|tray|container|cutlery|fork|spoon|knife|straw|lid|stoviglie|posate|bicchieri|piatti|contenitori|kahvimuki|kertak[äa]ytt[öo]astia|vaisselle|gobelets?|assiettes?|couverts?|vasos?|platos?|cubiertos?)\w*\b.{0,140}\b(compostable|biodegradable|compostabil|biodegradabil|organic|umido|compost|biohajoava|kompostoituva)",plates and pizza boxes products certified or labeled compostable. do not compost,"uding flowers and Christmas trees ALL food scraps, including meat, bones, shells, and dairy Prepared and cooked foods Greasy uncoated paper plates and pizza boxes Products certified or labeled compostable. DO NOT compost trash such as wrappers, pet waste, medical waste, diapers, foam, personal, or hygiene products. DO NOT compost metal glass, plastic, carton",Collection liners only,"\b(use|can\s+use|may\s+use|allowed\s+to\s+use|line|pack|collect|wrap)\b.{0,160}\b(compostable|bioplastic|biodegradable|paper)\s+(bag|liner|sack)s?","line with a clear plastic, paper, or compostable bag"
[136],"United States - New York City, NY - Curbside Composting",Food-soiled paper / fibre packaging,Rejected,Source-level rule is liner-only; this broader application category is outside the accepted application scope.,\b(food[- ]?soiled|soiled|greasy)\s+(paper|cardboard|fibre|fiber|napkin|paper\s*towel|pizza\s*box|paper\s*bag|food\s*wrapper|takeout\s*container)s?\b,food-soiled paper,"p every week on your recycling day. Find your collection schedule What to Compost We will pick up ALL leaf and yard waste, food scraps, and food-soiled paper . This includes: ALL leaf and yard waste, including flowers and Christmas trees ALL food scraps, including meat, bones, shells, and dairy P",Collection liners only,"\b(use|can\s+use|may\s+use|allowed\s+to\s+use|line|pack|collect|wrap)\b.{0,160}\b(compostable|bioplastic|biodegradable|paper)\s+(bag|liner|sack)s?","line with a clear plastic, paper, or compostable bag"
[136],"United States - New York City, NY - Curbside Composting",Flexible films/wraps/pouches,Rejected,Source-level rule is liner-only; this broader application category is outside the accepted application scope.,"\b(mailer|postal\s*bag|e[- ]?commerce\s*packaging|garment\s*bag|poly\s*bag|protective\s*film|stretch\s*film|shrink\s*film|wrapper|wrap|pouch|pouches|wikkels|films?|folien|buste)\w*\b.{0,160}\b(compostable|biodegradable|bioplastic|compostabil|biodegradabil|organic waste|compost|brown\s+bin|green\s+cart)","wrappers, pet waste, medical waste, diapers, foam, personal, or hygiene products. do not compost metal glass, plastic, cartons , clean paper, or cardboard . how to compost","pared and cooked foods Greasy uncoated paper plates and pizza boxes Products certified or labeled compostable. DO NOT compost trash such as wrappers, pet waste, medical waste, diapers, foam, personal, or hygiene products. DO NOT compost metal glass, plastic, cartons , clean paper, or cardboard . How to Compost We pick up ALL leaf and yard waste, food scraps, and food-soiled paper in a labeled bin with a secure lid or in your DSNY brown bin. Bins m",Collection liners only,"\b(use|can\s+use|may\s+use|allowed\s+to\s+use|line|pack|collect|wrap)\b.{0,160}\b(compostable|bioplastic|biodegradable|paper)\s+(bag|liner|sack)s?","line with a clear plastic, paper, or compostable bag"
[136],"United States - New York City, NY - Curbside Composting",Generic compostable packaging / plastics,Rejected,Source-level rule is liner-only; this broader application category is outside the accepted application scope.,"\b(compostable|biodegradable|industrially\s+compostable|certified\s+compostable|bioplastic|bio[- ]?plastic|bioplastics|composteerbaar\w*|kompostierbar\w*|compostabil\w*|biod[ée]gradable\w*|biohajoava|kompostoituva|biolagunev\w*|kompostitav\w*|biolo[šs]ko\s+razgradljiv\w*|kompostowaln\w*|biodegradowaln\w*)\b.{0,140}\b(packaging|plastic|plastics|product|products|material|materials|item|items|verpackungen|kunststoff|emballage|embalagem|imballagg|envase|verpakking|pakend|pakkauks|opakowania|embala[žz]a|obaly|muovi|pakkauks|label|sticker)\w*","compostable. do not compost trash such as wrappers, pet waste, medical waste, diapers, foam, personal, or hygiene products","cluding meat, bones, shells, and dairy Prepared and cooked foods Greasy uncoated paper plates and pizza boxes Products certified or labeled compostable. DO NOT compost trash such as wrappers, pet waste, medical waste, diapers, foam, personal, or hygiene products. DO NOT compost metal glass, plastic, cartons , clean paper, or cardboard . How to Compost We pick up ALL leaf and yard waste, food scraps,",Collection liners only,"\b(use|can\s+use|may\s+use|allowed\s+to\s+use|line|pack|collect|wrap)\b.{0,160}\b(compostable|bioplastic|biodegradable|paper)\s+(bag|liner|sack)s?","line with a clear plastic, paper, or compostable bag"
[137],"United States - Austin, Texas - Rule Amendments: Drop Off & Curbside Services",Food-waste liners / collection bags,Accepted,Food-waste liners/collection bags are accepted in the ordinary organics route; certification or compostability wording is treated as product qualification.,\b(caddy\s*liner|kitchen\s*caddy|food[- ]?waste\s*(bag|liner)|bio\s*bag|biobag|compostable\s*(bag|liner)|green\s*bag|brown\s*bag|collection\s*(bag|liner)|organic\s*waste\s*bag|organics\s*bag|biowaste\s*bag|food\s*scraps?\s*bag)s?\b,compostable bags,Dialing 311 doesn't always work.” Staff added the customer service phone number to the Rules. --- Page 9 --- Accepted Material Comment Staff Response Clarify if compostable bags are allowed in the compost cart. [Reference 7.4.8] Third-party certiﬁed compostable bags such as those certiﬁed by,Collection liners only,"\b(can|may|must|should|accepted|allowed|permitted|collected|used|use)\b.{0,120}\b(compostable|biodegradable|paper|kraft)\s+(food[- ]?waste\s+)?(bag|liner|sack)s?\b.{0,120}\b(food[- ]?waste|organic\s*waste|organics?|biowaste|green\s*cart|green\s*bin|brown\s*bin|caddy)\b","must be placed in the composting cart, a compostable paper bag(s), a third-party certified compostable bag, a compostable cardboard box(es), or in a personal reusable container(s), unless a city of austin organics"
[138],"United States - King County, Washington - How to compost right",Tea/coffee preparation items,Rejected,Source-level rule is liner-only; this broader application category is outside the accepted application scope.,\b(tea\s*bag|teabag|coffee\s*filter|coffee\s*(pod|capsule)|k[- ]?cup|espresso\s*capsule|teebeutel|kaffeefilter|theezakjes?|koffiefilters?|sachet[s]?\s+de\s+th[ée]|filtre[s]?\s+.*caf[ée]|capsule[s]?\s+de\s+caf[ée])s?\b,coffee filters,"Vegetable and fruit trimmings Egg shells, bread, pasta, and coffee grounds Non-shiny food-soiled paper and cardboard like pizza boxes, paper coffee filters, napkins, paper towels, brown paper bags, and paper plates Never put these in the compost bin: Plastic-coated items Plastic of any kind Fo",Collection liners only,"\b(use|can\s+use|may\s+use|allowed\s+to\s+use|line|pack|collect|wrap)\b.{0,160}\b(compostable|bioplastic|biodegradable|paper)\s+(bag|liner|sack)s?","line the container with a certified compostable bag, paper bag"
[138],"United States - King County, Washington - How to compost right",Shopping/produce bags,Rejected,Source-level rule is liner-only; this broader application category is outside the accepted application scope.,\b(produce\s*bag|fruit\s*(and|&|/)\s*vegetable\s*bag|vegetable\s*bag|carrier\s*bag|shopping\s*bag|checkout\s*bag|very\s*lightweight\s*plastic\s*bag|retail\s*bag|sacchetti\s+per\s+frutta\s+e\s+verdura|shopper)s?\b,produce bags,"food into your compost bin. Clean and dry the container for recycling. If you can’t clean the container, then put it in the garbage. Plastic produce bags are not recyclable at home, but you can recycle them at store drop-offs. Find a nearby drop-off . If you're not sure what to compost: When",Collection liners only,"\b(use|can\s+use|may\s+use|allowed\s+to\s+use|line|pack|collect|wrap)\b.{0,160}\b(compostable|bioplastic|biodegradable|paper)\s+(bag|liner|sack)s?","line the container with a certified compostable bag, paper bag"
[139],"United States - Portland, Oregon - Compost – what goes in the bin",Food-waste liners / collection bags,Rejected,Source-level evidence rejects compostable packaging/items or identifies no accepted organics route.,\b(caddy\s*liner|kitchen\s*caddy|food[- ]?waste\s*(bag|liner)|bio\s*bag|biobag|compostable\s*(bag|liner)|green\s*bag|brown\s*bag|collection\s*(bag|liner)|organic\s*waste\s*bag|organics\s*bag|biowaste\s*bag|food\s*scraps?\s*bag)s?\b,green bag,", a wedge of cheese, a pizza slice with a bite out of it, shrimp, salad with cucumbers and tomato, macaroni and cheese, chicken bones, and a green bag with a BPI logo filled with food scraps. All food is allowed Meat, poultry, fish, shellfish, eggs, cheese, dairy, bread, baked goods, past",Rejected,"\b(not\s+accepted|not\s+allowed|do\s+not\s+put|don't\s+put|must\s+not|should\s+not|prohibited|rejected|not\s+permitted|not\s+suitable|cannot|can\s*not|can’t|can't|contamination|contaminant)\b.{0,180}\b(compostable|biodegradable|bioplastic|bio[- ]?plastic|compostable\s+packag|biodegradable\s+packag|serviceware|cup|cutlery)","not allowed view full size image of red line over images of a ""compostable"" clear plastic drink cup with green markings, a red paper soda cup"
[139],"United States - Portland, Oregon - Compost – what goes in the bin",Tea/coffee preparation items,Rejected,Source-level evidence rejects compostable packaging/items or identifies no accepted organics route.,\b(tea\s*bag|teabag|coffee\s*filter|coffee\s*(pod|capsule)|k[- ]?cup|espresso\s*capsule|teebeutel|kaffeefilter|theezakjes?|koffiefilters?|sachet[s]?\s+de\s+th[ée]|filtre[s]?\s+.*caf[ée]|capsule[s]?\s+de\s+caf[ée])s?\b,tea bag,"ers and renewable energy. Food View full size image of Photos of: a banana peel, toast, egg shells, coffee grounds in a paper filer, a paper tea bag, a wedge of cheese, a pizza slice with a bite out of it, shrimp, salad with cucumbers and tomato, macaroni and cheese, chicken bones, and",Rejected,"\b(not\s+accepted|not\s+allowed|do\s+not\s+put|don't\s+put|must\s+not|should\s+not|prohibited|rejected|not\s+permitted|not\s+suitable|cannot|can\s*not|can’t|can't|contamination|contaminant)\b.{0,180}\b(compostable|biodegradable|bioplastic|bio[- ]?plastic|compostable\s+packag|biodegradable\s+packag|serviceware|cup|cutlery)","not allowed view full size image of red line over images of a ""compostable"" clear plastic drink cup with green markings, a red paper soda cup"
[139],"United States - Portland, Oregon - Compost – what goes in the bin",Food-soiled paper / fibre packaging,Rejected,Source-level evidence rejects compostable packaging/items or identifies no accepted organics route.,\b(food[- ]?soiled|soiled|greasy)\s+(paper|cardboard|fibre|fiber|napkin|paper\s*towel|pizza\s*box|paper\s*bag|food\s*wrapper|takeout\s*container)s?\b,food-soiled paper,"core is shown beside him. Home vs. Business: It’s different Residential curbside compost collection allows food and yard waste , as well as food-soiled paper and pizza boxes. Business compost collection is food only . Apartments or condos that offer compost service may be food only or may allow",Rejected,"\b(not\s+accepted|not\s+allowed|do\s+not\s+put|don't\s+put|must\s+not|should\s+not|prohibited|rejected|not\s+permitted|not\s+suitable|cannot|can\s*not|can’t|can't|contamination|contaminant)\b.{0,180}\b(compostable|biodegradable|bioplastic|bio[- ]?plastic|compostable\s+packag|biodegradable\s+packag|serviceware|cup|cutlery)","not allowed view full size image of red line over images of a ""compostable"" clear plastic drink cup with green markings, a red paper soda cup"
[139],"United States - Portland, Oregon - Compost – what goes in the bin",Flexible films/wraps/pouches,Rejected,Source-level evidence rejects compostable packaging/items or identifies no accepted organics route.,"\b(mailer|postal\s*bag|e[- ]?commerce\s*packaging|garment\s*bag|poly\s*bag|protective\s*film|stretch\s*film|shrink\s*film|wrapper|wrap|pouch|pouches|wikkels|films?|folien|buste)\w*\b.{0,160}\b(compostable|biodegradable|bioplastic|compostabil|biodegradabil|organic waste|compost|brown\s+bin|green\s+cart)","wrappers, drink cups, straws, or utensils. no “compostable” containers, packaging, or other items labeled ""compostable,"" ""biodegradable","ompostable"" plastic knife, and a white paper plate with ketchup and mustard on it. NO coffee cups, paper plates, take-out food containers or wrappers, drink cups, straws, or utensils. NO “compostable” containers, packaging, or other items labeled ""compostable,"" ""biodegradable,"" or ""made from plants.” Learn why . ( The only exception is BPI-certified compostable bags ). NO waxed paper, parchment paper or facial t",Rejected,"\b(not\s+accepted|not\s+allowed|do\s+not\s+put|don't\s+put|must\s+not|should\s+not|prohibited|rejected|not\s+permitted|not\s+suitable|cannot|can\s*not|can’t|can't|contamination|contaminant)\b.{0,180}\b(compostable|biodegradable|bioplastic|bio[- ]?plastic|compostable\s+packag|biodegradable\s+packag|serviceware|cup|cutlery)","not allowed view full size image of red line over images of a ""compostable"" clear plastic drink cup with green markings, a red paper soda cup"
[139],"United States - Portland, Oregon - Compost – what goes in the bin",Generic compostable packaging / plastics,Rejected,Source-level evidence rejects compostable packaging/items or identifies no accepted organics route.,"\b(compostable|biodegradable|industrially\s+compostable|certified\s+compostable|bioplastic|bio[- ]?plastic|bioplastics|composteerbaar\w*|kompostierbar\w*|compostabil\w*|biod[ée]gradable\w*|biohajoava|kompostoituva|biolagunev\w*|kompostitav\w*|biolo[šs]ko\s+razgradljiv\w*|kompostowaln\w*|biodegradowaln\w*)\b.{0,140}\b(packaging|plastic|plastics|product|products|material|materials|item|items|verpackungen|kunststoff|emballage|embalagem|imballagg|envase|verpakking|pakend|pakkauks|opakowania|embala[žz]a|obaly|muovi|pakkauks|label|sticker)\w*","certified compostable bags only. what's not allowed view full size image of red line over images of a ""compostable"" clear plastic","ood items Paper coffee filters Paper tea bags Allowed bin liners Homes: Paper, paper bag, or BPI-certified compostable bag . Businesses: BPI-certified compostable bags only. What’s NOT allowed View full size image of Red line over images of a ""compostable"" clear plastic drink cup with green markings, a red paper soda cup with clear plastic lid and red plastic straw, a black paper coffee cup with black plas",Rejected,"\b(not\s+accepted|not\s+allowed|do\s+not\s+put|don't\s+put|must\s+not|should\s+not|prohibited|rejected|not\s+permitted|not\s+suitable|cannot|can\s*not|can’t|can't|contamination|contaminant)\b.{0,180}\b(compostable|biodegradable|bioplastic|bio[- ]?plastic|compostable\s+packag|biodegradable\s+packag|serviceware|cup|cutlery)","not allowed view full size image of red line over images of a ""compostable"" clear plastic drink cup with green markings, a red paper soda cup"
[140],"United States - La Mesa, California - Organic Recycling - Residential",Food-waste liners / collection bags,Rejected,Source-level evidence rejects compostable packaging/items or identifies no accepted organics route.,"\b(can|may|must|should|accepted|allowed|permitted|collected|used|use)\b.{0,120}\b(compostable|biodegradable|paper|kraft)\s+(food[- ]?waste\s+)?(bag|liner|sack)s?\b.{0,120}\b(food[- ]?waste|organic\s*waste|organics?|biowaste|green\s*cart|green\s*bin|brown\s*bin|caddy)\b","use any kind of plastic bags (including certified compostable or biodegradable bags) for any type of green waste, food waste, or other organics","Christmas trees (NO flocked trees) food scraps food-soiled paper Place recyclable organics directly into your designated green cart. Do not use any kind of plastic bags (including certified compostable or biodegradable bags) for any type of green waste, food waste, or other organics collection or disposal, as they contaminate the Anaerobic Digester! All organic material must be placed loosely inside the green cart for c",No clear organics route,"\b(no|not|without|lack(?:ing)?)\b.{0,120}\b(organic\s*waste|food\s*waste|biowaste|bio[- ]?waste|organics)\b.{0,120}\b(collection|route|service|infrastructure|facility|treatment|system)\b","not use any kind of plastic bags (including certified compostable or biodegradable bags) for any type of green waste, food waste, or other organics collection"
[140],"United States - La Mesa, California - Organic Recycling - Residential",Tea/coffee preparation items,Rejected,Source-level evidence rejects compostable packaging/items or identifies no accepted organics route.,\b(tea\s*bag|teabag|coffee\s*filter|coffee\s*(pod|capsule)|k[- ]?cup|espresso\s*capsule|teebeutel|kaffeefilter|theezakjes?|koffiefilters?|sachet[s]?\s+de\s+th[ée]|filtre[s]?\s+.*caf[ée]|capsule[s]?\s+de\s+caf[ée])s?\b,tea bags,"placed in your green organics cart. Food Scraps Fruit, vegetables, meat, bones, dairy, eggshells, prepared food Food-Soiled Paper Napkins, tea bags, paper plates, coffee filters Yard Waste Plants, leaves, branches, grass What Can You do Now? In the United States alone, a shocking 40% of",No clear organics route,"\b(no|not|without|lack(?:ing)?)\b.{0,120}\b(organic\s*waste|food\s*waste|biowaste|bio[- ]?waste|organics)\b.{0,120}\b(collection|route|service|infrastructure|facility|treatment|system)\b","not use any kind of plastic bags (including certified compostable or biodegradable bags) for any type of green waste, food waste, or other organics collection"
[140],"United States - La Mesa, California - Organic Recycling - Residential",Food-soiled paper / fibre packaging,Rejected,Source-level evidence rejects compostable packaging/items or identifies no accepted organics route.,\b(food[- ]?soiled|soiled|greasy)\s+(paper|cardboard|fibre|fiber|napkin|paper\s*towel|pizza\s*box|paper\s*bag|food\s*wrapper|takeout\s*container)s?\b,food-soiled paper,s palm fronds ice plant (in small amounts only due to weight) ivy flowers Halloween pumpkins Christmas trees (NO flocked trees) food scraps food-soiled paper Place recyclable organics directly into your designated green cart. Do not use any kind of plastic bags (including certified compostable or,No clear organics route,"\b(no|not|without|lack(?:ing)?)\b.{0,120}\b(organic\s*waste|food\s*waste|biowaste|bio[- ]?waste|organics)\b.{0,120}\b(collection|route|service|infrastructure|facility|treatment|system)\b","not use any kind of plastic bags (including certified compostable or biodegradable bags) for any type of green waste, food waste, or other organics collection"
[141],United States - South San Francisco / San Mateo County service area - Residential Organics,Tea/coffee preparation items,Rejected,Source-level evidence rejects compostable packaging/items or identifies no accepted organics route.,\b(tea\s*bag|teabag|coffee\s*filter|coffee\s*(pod|capsule)|k[- ]?cup|espresso\s*capsule|teebeutel|kaffeefilter|theezakjes?|koffiefilters?|sachet[s]?\s+de\s+th[ée]|filtre[s]?\s+.*caf[ée]|capsule[s]?\s+de\s+caf[ée])s?\b,tea bags,"rs & Plate Scrapings Fruit/Vegetable Peels, Pits, Seeds, Stems & Cores Meat & Bones Egg Shells Coffee Grounds & Paper Filters Natural Cork & Tea Bags (no plastic/polyester) Bread, Rice, Pasta & Cereal Food-Soiled Paper Plates, Cups & Towels Wet Paper Towels Cool & Solidified Fat/Oil/Grea",Rejected,"\b(compostable|biodegradable|bioplastic|bio[- ]?plastic|compostable\s+packag|biodegradable\s+packag|serviceware|cup|cutlery)\w*\b.{0,200}\b(not\s+accepted|not\s+allowed|do\s+not\s+put|don't\s+put|must\s+not|should\s+not|prohibited|rejected|not\s+permitted|not\s+suitable|cannot|can\s*not|can’t|can't|contamination|contaminant)\b",compostable” plastic bags are prohibited
[141],United States - South San Francisco / San Mateo County service area - Residential Organics,Food-soiled paper / fibre packaging,Rejected,Source-level evidence rejects compostable packaging/items or identifies no accepted organics route.,\b(food[- ]?soiled|soiled|greasy)\s+(paper|cardboard|fibre|fiber|napkin|paper\s*towel|pizza\s*box|paper\s*bag|food\s*wrapper|takeout\s*container)s?\b,food-soiled paper,"andfills. The bill aims to feed hungry people and to reduce greenhouse gas emissions. It requires the separation of organic waste like food, food-soiled paper, yard trimmings, paper, and cardboard from garbage. It applies to everyone, everywhere in California: at home, work, school, parks, venues",Rejected,"\b(compostable|biodegradable|bioplastic|bio[- ]?plastic|compostable\s+packag|biodegradable\s+packag|serviceware|cup|cutlery)\w*\b.{0,200}\b(not\s+accepted|not\s+allowed|do\s+not\s+put|don't\s+put|must\s+not|should\s+not|prohibited|rejected|not\s+permitted|not\s+suitable|cannot|can\s*not|can’t|can't|contamination|contaminant)\b",compostable” plastic bags are prohibited
[141],United States - South San Francisco / San Mateo County service area - Residential Organics,Flexible films/wraps/pouches,Rejected,Source-level evidence rejects compostable packaging/items or identifies no accepted organics route.,"\b(mailer|postal\s*bag|e[- ]?commerce\s*packaging|garment\s*bag|poly\s*bag|protective\s*film|stretch\s*film|shrink\s*film|wrapper|wrap|pouch|pouches|wikkels|films?|folien|buste)\w*\b.{0,160}\b(compostable|biodegradable|bioplastic|compostabil|biodegradabil|organic waste|compost|brown\s+bin|green\s+cart)",wrapped scraps and place in your green cart,"meals). These can be filled with food scraps, closed, and the full box placed in your green organics cart. You can even freeze the boxed or wrapped scraps and place in your green cart the night before collection. This really keeps mess to a minimum. Inside your green organics cart, cover layers of food scraps with pizza",Rejected,"\b(compostable|biodegradable|bioplastic|bio[- ]?plastic|compostable\s+packag|biodegradable\s+packag|serviceware|cup|cutlery)\w*\b.{0,200}\b(not\s+accepted|not\s+allowed|do\s+not\s+put|don't\s+put|must\s+not|should\s+not|prohibited|rejected|not\s+permitted|not\s+suitable|cannot|can\s*not|can’t|can't|contamination|contaminant)\b",compostable” plastic bags are prohibited
[141],United States - South San Francisco / San Mateo County service area - Residential Organics,Generic compostable packaging / plastics,Rejected,Source-level evidence rejects compostable packaging/items or identifies no accepted organics route.,"\b(compostable|biodegradable|industrially\s+compostable|certified\s+compostable|bioplastic|bio[- ]?plastic|bioplastics|composteerbaar\w*|kompostierbar\w*|compostabil\w*|biod[ée]gradable\w*|biohajoava|kompostoituva|biolagunev\w*|kompostitav\w*|biolo[šs]ko\s+razgradljiv\w*|kompostowaln\w*|biodegradowaln\w*)\b.{0,140}\b(packaging|plastic|plastics|product|products|material|materials|item|items|verpackungen|kunststoff|emballage|embalagem|imballagg|envase|verpakking|pakend|pakkauks|opakowania|embala[žz]a|obaly|muovi|pakkauks|label|sticker)\w*","compostable” plastic bags are prohibited. all, materials","ong in the grey cart), and yard trimmings (leaves, flowers, weeds, cut grass and small branches). Paper liner bags may be used but “bio” or “compostable” plastic bags are prohibited. All, materials collected from green carts will undergo anaerobic digestion at our Biogenic CNG Facility . The digestion process creates fuel for our coll",Rejected,"\b(compostable|biodegradable|bioplastic|bio[- ]?plastic|compostable\s+packag|biodegradable\s+packag|serviceware|cup|cutlery)\w*\b.{0,200}\b(not\s+accepted|not\s+allowed|do\s+not\s+put|don't\s+put|must\s+not|should\s+not|prohibited|rejected|not\s+permitted|not\s+suitable|cannot|can\s*not|can’t|can't|contamination|contaminant)\b",compostable” plastic bags are prohibited
[142],United Kingdom - Greater Manchester - The truth about compostable packaging,Food-service ware / takeaway packaging,Rejected,Source-level evidence rejects compostable packaging/items or identifies no accepted organics route.,"\b(cup|plate|bowl|tray|container|cutlery|fork|spoon|knife|straw|lid|stoviglie|posate|bicchieri|piatti|contenitori|kahvimuki|kertak[äa]ytt[öo]astia|vaisselle|gobelets?|assiettes?|couverts?|vasos?|platos?|cubiertos?)\w*\b.{0,140}\b(compostable|biodegradable|compostabil|biodegradabil|organic|umido|compost|biohajoava|kompostoituva)","cups, straws and cutlery can go in the food and garden bin. unfortunately, the answer is no. no matter what's on the label, compostable or biodegradable","e range of more sustainable disposable items has sky rocketed. As a result, we are getting lots of people asking whether compostable coffee cups, straws and cutlery can go in the food and garden bin. Unfortunately, the answer is no. No matter what’s on the label, compostable or biodegradable cups, straws and plates can’t go in your food and garden bin. And here’s why. First of all, let’s clear something up. Biodegradable and com",Rejected,"\b(not\s+accepted|not\s+allowed|do\s+not\s+put|don't\s+put|must\s+not|should\s+not|prohibited|rejected|not\s+permitted|not\s+suitable|cannot|can\s*not|can’t|can't|contamination|contaminant)\b.{0,180}\b(compostable|biodegradable|bioplastic|bio[- ]?plastic|compostable\s+packag|biodegradable\s+packag|serviceware|cup|cutlery)","can't go in your food and garden bin. and here's why. first of all, let's clear something up. biodegradable and compostable do not mean the same thing. the terms biodegradable and compostable"
[142],United Kingdom - Greater Manchester - The truth about compostable packaging,Generic compostable packaging / plastics,Rejected,Source-level evidence rejects compostable packaging/items or identifies no accepted organics route.,"\b(compostable|biodegradable|industrially\s+compostable|certified\s+compostable|bioplastic|bio[- ]?plastic|bioplastics|composteerbaar\w*|kompostierbar\w*|compostabil\w*|biod[ée]gradable\w*|biohajoava|kompostoituva|biolagunev\w*|kompostitav\w*|biolo[šs]ko\s+razgradljiv\w*|kompostowaln\w*|biodegradowaln\w*)\b.{0,140}\b(packaging|plastic|plastics|product|products|material|materials|item|items|verpackungen|kunststoff|emballage|embalagem|imballagg|envase|verpakking|pakend|pakkauks|opakowania|embala[žz]a|obaly|muovi|pakkauks|label|sticker)\w*",compostable packaging | the truth about compostable packaging | https://recycleforgreatermanchester.com/blog/the-truth-about-compostable-packaging,"United Kingdom - Greater Manchester - The truth about compostable packaging | The truth about compostable packaging | https://recycleforgreatermanchester.com/blog/the-truth-about-compostable-packaging/ BLE PACKAGING With the rise of people choosing to pass on plastic, the range of more sustainable disposable items has sky rocketed. As a r",Rejected,"\b(not\s+accepted|not\s+allowed|do\s+not\s+put|don't\s+put|must\s+not|should\s+not|prohibited|rejected|not\s+permitted|not\s+suitable|cannot|can\s*not|can’t|can't|contamination|contaminant)\b.{0,180}\b(compostable|biodegradable|bioplastic|bio[- ]?plastic|compostable\s+packag|biodegradable\s+packag|serviceware|cup|cutlery)","can't go in your food and garden bin. and here's why. first of all, let's clear something up. biodegradable and compostable do not mean the same thing. the terms biodegradable and compostable"
[143],"Japan - Minamata City, Kumamoto Prefecture - Food-waste recycling / kitchen-garbage recycling page",Food-waste liners / collection bags,Accepted with conditions,"Food-waste liners are accepted only as official/designated, locally/facility-approved, or otherwise restricted collection items.","(生ごみ|厨余|廚餘|餐厨|음식물쓰레기|음식물류).{0,80}(袋|봉투|专用袋|專用袋|専用袋|전용봉투)",生ごみの分別収集を開始しました。それまでの資源化率は20％程度でしたが、現在は40％前後で推移しております。 生ごみは、家庭から生分解性プラスチックの袋,ージへ Foreign Language English 中文(简化字) 中文(繁體字) 한국어 日本語 生ごみリサイクルの推進及び食品ロスの削減に向けた取り組み 最終更新日： 2017年12月26日 1 本市における生ごみリサイクルの取り組みの経緯 水俣市では、平成14年12月に生ごみの分別収集を開始しました。それまでの資源化率は20％程度でしたが、現在は40％前後で推移しております。 生ごみは、家庭から生分解性プラスチックの袋に入れて出され、市が回収し、民間の堆肥工場で堆肥化しています。 2 生ごみ処理器キエーロの普及促進に向けた取り組み（無償貸与について） 水俣市では、生ごみの自家処理による排出量の抑制及び再資源化の推進を図るため、生ごみ処理器（キエーロ）の普及促進に取り組んでいます。 本年度のキ,Collection liners only,"(?:生ごみ|食品廃棄物).{0,140}(?:生分\w{0,8}解性\w{0,12}(?:プラスチック)?\w{0,8}袋|堆肥化可能\w*袋)",生ごみリサイクルの取り組みの経緯 水俣市では、平成14年12月に生ごみの分別収集を開始しました。それまでの資源化率は20％程度でしたが、現在は40％前後で推移しております。 生ごみは、家庭から生分解性プラスチックの袋
[144],"Japan - Zushi City, Kanagawa Prefecture - Zushi food-waste collection system-design PDF",Food-waste liners / collection bags,Accepted with conditions,"Food-waste liners are accepted only as official/designated, locally/facility-approved, or otherwise restricted collection items.","(生ごみ|厨余|廚餘|餐厨|음식물쓰레기|음식물류).{0,80}(袋|봉투|专用袋|專用袋|専用袋|전용봉투)",生ごみ分別モデル事業」を実施しました。 モデル事業で収集した生ごみの 組成や有機物量等を分析した結果、生ごみ専用袋,けています。 また、家庭用生ごみ処理 容器等及び大型生ごみ処理機の購入費助成制度の充実や、焼却処理によらない効率的 かつ適正な生ごみ処理システムの実現に向けた検討により、 生ごみの減量化 ・ 資源化に 向けた取組を推進し、2012 年度（平成24 年度）には、 夏から冬にかけて延べ３か月間、 逗子ハイランド地区において「生ごみ分別モデル事業」を実施しました。 モデル事業で収集した生ごみの 組成や有機物量等を分析した結果、生ごみ専用袋で 分別排出された生ごみの分別精度 が高いことから、分別収集による生ごみの資源化処 理は十分可能であると考えられます。 また、生ごみ資源化施設を建設する際の処理方式 は、 マテリアル利用 （堆肥化） を中心として検討することが適切であると,Collection liners only,"(?:生ごみ|食品廃棄物).{0,140}(?:生分\w{0,8}解性\w{0,12}(?:プラスチック)?\w{0,8}袋|堆肥化可能\w*袋)",生ごみ 用指定ごみ袋は、「３リットル袋」、「10 リットル袋」の２種類を採用することが適当と 考えます。 また、 指定ごみ袋の形状については、 市民にとって取り扱いやすく運びやすい形状で ある「持ち手付き袋（レジ袋タイプ） 」を採用することが適当と考えます。 なお、 生分解性プラスチックのごみ袋
[148],Poland - Wrocław - Wrocław bio-waste sorting page,Food-waste liners / collection bags,Accepted,Food-waste liners/collection bags are accepted in the ordinary organics route; certification or compostability wording is treated as product qualification.,\b(sac[s]?\s+(compostable|biod[ée]gradable)|sacco\s+compostabile|sacchetti\s+compostabil\w*|bolsa\s+compostable|bolsas\s+compostables|sacos?\s+compost[áa]veis|kompostierbare?\w*\s+(beutel|t[üu]ten|biobeutel)|composteerbare?\w*\s+(zak|zakken|zakjes)|biozak\w*|bioposer|matavfallsp[åa]sar|bioavfallsp[åa]sar|bioj[äa]tepussi|vre[čc]ke|worki|s[áa][čc]ky)\b,worki,"j ważnej zasadzie – bioodpady powinniśmy umieszczać w pojemniku luzem i nie wyrzucać w torebkach lub workach foliowych. Nie sprawdzą się też worki biodegradowalne. Wyjątkiem są tylko te, które oznaczono symbolem do kompostowania. Fragmenty folii zanieczyszczają całą frakcję bio i mogą",Collection liners only,"wyj[ąa]tkiem\s+s[ąa]\s+tylko\s+te,?\s+kt[óo]re\s+oznaczono\s+symbolem\s+do\s+kompostowania","wyjątkiem są tylko te, które oznaczono symbolem do kompostowania"
[150],Greece - National / municipalities - Biowaste Guide for Municipalities,Food-waste liners / collection bags,Rejected,Source-level evidence rejects compostable packaging/items or identifies no accepted organics route.,\b(caddy\s*liner|kitchen\s*caddy|food[- ]?waste\s*(bag|liner)|bio\s*bag|biobag|compostable\s*(bag|liner)|green\s*bag|brown\s*bag|collection\s*(bag|liner)|organic\s*waste\s*bag|organics\s*bag|biowaste\s*bag|food\s*scraps?\s*bag)s?\b,compostable bags,"a of “Kipoupoli” (serving 1,000 households). To all the participants, kitchen bins (10 l itres and 30 litres including free biodegradable / compostable bags) were distributed. The collected material is driven to composting facilities to produce high quality fertilizer (compost), which will then",No clear organics route,"\b(no|not|without|lack(?:ing)?)\b.{0,120}\b(organic\s*waste|food\s*waste|biowaste|bio[- ]?waste|organics)\b.{0,120}\b(collection|route|service|infrastructure|facility|treatment|system)\b",without vat) of bins to be used in the separate bio-waste collection
[150],Greece - National / municipalities - Biowaste Guide for Municipalities,Generic compostable packaging / plastics,Rejected,Source-level evidence rejects compostable packaging/items or identifies no accepted organics route.,"\b(compostable|biodegradable|industrially\s+compostable|certified\s+compostable|bioplastic|bio[- ]?plastic|bioplastics|composteerbaar\w*|kompostierbar\w*|compostabil\w*|biod[ée]gradable\w*|biohajoava|kompostoituva|biolagunev\w*|kompostitav\w*|biolo[šs]ko\s+razgradljiv\w*|kompostowaln\w*|biodegradowaln\w*)\b.{0,140}\b(packaging|plastic|plastics|product|products|material|materials|item|items|verpackungen|kunststoff|emballage|embalagem|imballagg|envase|verpakking|pakend|pakkauks|opakowania|embala[žz]a|obaly|muovi|pakkauks|label|sticker)\w*",biodegradable / compostable bags) were distributed. the collected material,"ystem to the area of “Kipoupoli” (serving 1,000 households). To all the participants, kitchen bins (10 l itres and 30 litres including free biodegradable / compostable bags) were distributed. The collected material is driven to composting facilities to produce high quality fertilizer (compost), which will then be used by the municipality and the citize",No clear organics route,"\b(no|not|without|lack(?:ing)?)\b.{0,120}\b(organic\s*waste|food\s*waste|biowaste|bio[- ]?waste|organics)\b.{0,120}\b(collection|route|service|infrastructure|facility|treatment|system)\b",without vat) of bins to be used in the separate bio-waste collection
[151],South Korea - Seoul - added municipal/authority operational source,Food-waste liners / collection bags,Rejected,Source-level evidence rejects compostable packaging/items or identifies no accepted organics route.,"(生ごみ|厨余|廚餘|餐厨|음식물쓰레기|음식물류).{0,80}(袋|봉투|专用袋|專用袋|専用袋|전용봉투)","음식물류 폐기물 배출요령 ○ 흙 등 이물질과 물기 등 수분을 최대한 제거한 후 음식물 전용수거용기(대형감량기, rfid종량기 등) 또는 음식물 종량제봉투",", 종이, 호일, 빨대, 일회용스푼, 플라스틱, 고무장갑, 쇠붙이, 숟가락, 젓가락, 유리조각, 금속류, 돌, 끈, 의류, 비닐류 등 ※ 음식물류 폐기물에 넣어서는 안 되는 물질을 음식물류 폐기물로 배출시 기계설비의 고장을 일으키거나 자원 재활용이 불가함 음식물류 폐기물 배출요령 ○ 흙 등 이물질과 물기 등 수분을 최대한 제거한 후 음식물 전용수거용기(대형감량기, RFID종량기 등) 또는 음식물 종량제봉투에 배출 ○ 소금 성분이 많은 김치·된장·고추장 등은 물에 헹구어 배출 ○ 통무, 통배추, 통호박 등 부피가 큰 채소 및 대파껍질의 경우 잘게 자른 후 배출(부피가 크거나 길이가 긴 상태로 배출시 기계설비 고장 발생) 목록 패스워드팝업 글 작성시",Rejected,"(可堆肥|可降解|生分解|塑料|塑膠|プラスチック|생분해|플라스틱|비닐).{0,100}(不(?:可|能|得)|不能|不可|請勿|不要|禁止|一般ごみ|燃えるごみ|종량제|일반쓰레기|배출불가)","비닐류, 고추씨(캡사이신 함유) 등은 일반쓰레기로 배출해야 한다. 대파, 미나리 등의 뿌리, 옥수수 껍질, 마늘대 등은 처리시설 기계 부품에 엉킴 현상을 일으킬 우려가 있어 일반쓰레기"
[152],United Kingdom - Westminster - added municipal/authority operational source,Food-waste liners / collection bags,Rejected,Source-level evidence rejects compostable packaging/items or identifies no accepted organics route.,\b(caddy\s*liner|kitchen\s*caddy|food[- ]?waste\s*(bag|liner)|bio\s*bag|biobag|compostable\s*(bag|liner)|green\s*bag|brown\s*bag|collection\s*(bag|liner)|organic\s*waste\s*bag|organics\s*bag|biowaste\s*bag|food\s*scraps?\s*bag)s?\b,food waste liners,"food waste, for example cotton t-shirts, food tupperware, or food packaging How to use your kitchen bin We currently provide residents with food waste liners for free. Each roll contains 52 liners, and we recommend only filling them up as much as possible before taking them securely tied to the",Rejected,"\b(not\s+accepted|not\s+allowed|do\s+not\s+put|don't\s+put|must\s+not|should\s+not|prohibited|rejected|not\s+permitted|not\s+suitable|cannot|can\s*not|can’t|can't|contamination|contaminant)\b.{0,180}\b(compostable|biodegradable|bioplastic|bio[- ]?plastic|compostable\s+packag|biodegradable\s+packag|serviceware|cup|cutlery)","do not put these in your food bins: packaging of any kind, including compostable"
[152],United Kingdom - Westminster - added municipal/authority operational source,Tea/coffee preparation items,Rejected,Source-level evidence rejects compostable packaging/items or identifies no accepted organics route.,\b(tea\s*bag|teabag|coffee\s*filter|coffee\s*(pod|capsule)|k[- ]?cup|espresso\s*capsule|teebeutel|kaffeefilter|theezakjes?|koffiefilters?|sachet[s]?\s+de\s+th[ée]|filtre[s]?\s+.*caf[ée]|capsule[s]?\s+de\s+caf[ée])s?\b,tea bags,"bin: food waste, such as plate scrapings or mouldy food fish, meat and bones dairy foods, such as cheese, yoghurt, eggs, including eggshells tea bags and coffee grounds rice, pasta and beans bread and pastries fruits and vegetables Please do not put these in your food bins: packaging of",Rejected,"\b(not\s+accepted|not\s+allowed|do\s+not\s+put|don't\s+put|must\s+not|should\s+not|prohibited|rejected|not\s+permitted|not\s+suitable|cannot|can\s*not|can’t|can't|contamination|contaminant)\b.{0,180}\b(compostable|biodegradable|bioplastic|bio[- ]?plastic|compostable\s+packag|biodegradable\s+packag|serviceware|cup|cutlery)","do not put these in your food bins: packaging of any kind, including compostable"
[152],United Kingdom - Westminster - added municipal/authority operational source,Food-soiled paper / fibre packaging,Rejected,Source-level evidence rejects compostable packaging/items or identifies no accepted organics route.,"\b(napkin|paper\s*towel|pizza\s*box|paper\s*bag|cardboard|kitchen\s*towel|keukenpapier|talouspaperi|lautasliinat|k[üu]chenpapier|paper\s+napkin|carton|serviette)s?\b.{0,140}\b(compost|organic|food waste|biowaste|biotonne|gft|bioj[äa]te|brown\s+bin)\b",paper bags. find your nearest food waste,"our processing facility before the food waste is recycled. Use old plastic bags that are coming to the end of their life. Used newspaper or paper bags. Find your nearest food waste liner pick-up point Please do not use black bin bags to line your kitchen bin. If you use black plastic bags, your food waste recycling bi",Rejected,"\b(not\s+accepted|not\s+allowed|do\s+not\s+put|don't\s+put|must\s+not|should\s+not|prohibited|rejected|not\s+permitted|not\s+suitable|cannot|can\s*not|can’t|can't|contamination|contaminant)\b.{0,180}\b(compostable|biodegradable|bioplastic|bio[- ]?plastic|compostable\s+packag|biodegradable\s+packag|serviceware|cup|cutlery)","do not put these in your food bins: packaging of any kind, including compostable"
[152],United Kingdom - Westminster - added municipal/authority operational source,Generic compostable packaging / plastics,Rejected,Source-level evidence rejects compostable packaging/items or identifies no accepted organics route.,"\b(compostable|biodegradable|industrially\s+compostable|certified\s+compostable|bioplastic|bio[- ]?plastic|bioplastics|composteerbaar\w*|kompostierbar\w*|compostabil\w*|biod[ée]gradable\w*|biohajoava|kompostoituva|biolagunev\w*|kompostitav\w*|biolo[šs]ko\s+razgradljiv\w*|kompostowaln\w*|biodegradowaln\w*)\b.{0,140}\b(packaging|plastic|plastics|product|products|material|materials|item|items|verpackungen|kunststoff|emballage|embalagem|imballagg|envase|verpakking|pakend|pakkauks|opakowania|embala[žz]a|obaly|muovi|pakkauks|label|sticker)\w*",compostable packaging black plastic,"s rice, pasta and beans bread and pastries fruits and vegetables Please do not put these in your food bins: packaging of any kind, including compostable packaging black plastic bags liquids, such as milk flowers or garden waste - please check to see if your property is part of our garden waste trial. oil and liqui",Rejected,"\b(not\s+accepted|not\s+allowed|do\s+not\s+put|don't\s+put|must\s+not|should\s+not|prohibited|rejected|not\s+permitted|not\s+suitable|cannot|can\s*not|can’t|can't|contamination|contaminant)\b.{0,180}\b(compostable|biodegradable|bioplastic|bio[- ]?plastic|compostable\s+packag|biodegradable\s+packag|serviceware|cup|cutlery)","do not put these in your food bins: packaging of any kind, including compostable"
[153],United Kingdom - Leeds - added municipal/authority operational source,Food-waste liners / collection bags,Accepted,Food-waste liners/collection bags are accepted in the ordinary organics route; certification or compostability wording is treated as product qualification.,\b(caddy\s*liner|kitchen\s*caddy|food[- ]?waste\s*(bag|liner)|bio\s*bag|biobag|compostable\s*(bag|liner)|green\s*bag|brown\s*bag|collection\s*(bag|liner)|organic\s*waste\s*bag|organics\s*bag|biowaste\s*bag|food\s*scraps?\s*bag)s?\b,kitchen caddy,"your food waste All you need to do is empty your food waste (cooked or raw), like plate scrapings, peelings, bones and tea bags into the new kitchen caddy. When your caddy is full, empty it into your brown bin with any garden waste you may have. To help you recycle your food waste, we will pr",Collection liners only,"\b(food[- ]?waste|bio[- ]?waste|organic\s*waste|kitchen\s*caddy)\b.{0,160}\b(compostable|biodegradable|paper)\s+(bag|liner|sack)s?","food waste, we will provide you with an initial roll of compostable liners"
[153],United Kingdom - Leeds - added municipal/authority operational source,Tea/coffee preparation items,Rejected,Source-level rule is liner-only; this broader application category is outside the accepted application scope.,\b(tea\s*bag|teabag|coffee\s*filter|coffee\s*(pod|capsule)|k[- ]?cup|espresso\s*capsule|teebeutel|kaffeefilter|theezakjes?|koffiefilters?|sachet[s]?\s+de\s+th[ée]|filtre[s]?\s+.*caf[ée]|capsule[s]?\s+de\s+caf[ée])s?\b,tea bags,"year. What to do with your food waste All you need to do is empty your food waste (cooked or raw), like plate scrapings, peelings, bones and tea bags into the new kitchen caddy. When your caddy is full, empty it into your brown bin with any garden waste you may have. To help you recycle",Collection liners only,"\b(food[- ]?waste|bio[- ]?waste|organic\s*waste|kitchen\s*caddy)\b.{0,160}\b(compostable|biodegradable|paper)\s+(bag|liner|sack)s?","food waste, we will provide you with an initial roll of compostable liners"
[153],United Kingdom - Leeds - added municipal/authority operational source,Generic compostable packaging / plastics,Rejected,Source-level rule is liner-only; this broader application category is outside the accepted application scope.,"\b(compostable|biodegradable|industrially\s+compostable|certified\s+compostable|bioplastic|bio[- ]?plastic|bioplastics|composteerbaar\w*|kompostierbar\w*|compostabil\w*|biod[ée]gradable\w*|biohajoava|kompostoituva|biolagunev\w*|kompostitav\w*|biolo[šs]ko\s+razgradljiv\w*|kompostowaln\w*|biodegradowaln\w*)\b.{0,140}\b(packaging|plastic|plastics|product|products|material|materials|item|items|verpackungen|kunststoff|emballage|embalagem|imballagg|envase|verpakking|pakend|pakkauks|opakowania|embala[žz]a|obaly|muovi|pakkauks|label|sticker)\w*","compostable liners, en1342 certified) all liquids (such as milk and oil) any material","Raw vegetables, cooked vegetables, whole fruit, peelings Mouldy and out of date food No thanks Plastic bags or packaging of any kind (except compostable liners, EN1342 certified) All liquids (such as milk and oil) Any material that is not food waste If you have not received your caddy If you haven't received a food waste caddy, or if it is damaged, bring a copy o",Collection liners only,"\b(food[- ]?waste|bio[- ]?waste|organic\s*waste|kitchen\s*caddy)\b.{0,160}\b(compostable|biodegradable|paper)\s+(bag|liner|sack)s?","food waste, we will provide you with an initial roll of compostable liners"
[154],Netherlands - The Hague - added municipal/authority operational source,Tea/coffee preparation items,Rejected,Source-level evidence rejects compostable packaging/items or identifies no accepted organics route.,\b(tea\s*bag|teabag|coffee\s*filter|coffee\s*(pod|capsule)|k[- ]?cup|espresso\s*capsule|teebeutel|kaffeefilter|theezakjes?|koffiefilters?|sachet[s]?\s+de\s+th[ée]|filtre[s]?\s+.*caf[ée]|capsule[s]?\s+de\s+caf[ée])s?\b,tea bags,"ner Food scraps: bread leftover cooked meals nut shells vegetable, fruit and potato scraps meat and fish scraps (including bones and shells) tea bags and filters with coffee grounds Small garden and plant waste: leaves cut grass house plants garden clippings weeds cut flowers Other: manu",Rejected,"\b(not\s+accepted|not\s+allowed|do\s+not\s+put|don't\s+put|must\s+not|should\s+not|prohibited|rejected|not\s+permitted|not\s+suitable|cannot|can\s*not|can’t|can't|contamination|contaminant)\b.{0,180}\b(compostable|biodegradable|bioplastic|bio[- ]?plastic|compostable\s+packag|biodegradable\s+packag|serviceware|cup|cutlery)",not allowed in the gft bucket or container ash from ashtrays and the fireplace biodegradable
[154],Netherlands - The Hague - added municipal/authority operational source,Generic compostable packaging / plastics,Rejected,Source-level evidence rejects compostable packaging/items or identifies no accepted organics route.,"\b(compostable|biodegradable|industrially\s+compostable|certified\s+compostable|bioplastic|bio[- ]?plastic|bioplastics|composteerbaar\w*|kompostierbar\w*|compostabil\w*|biod[ée]gradable\w*|biohajoava|kompostoituva|biolagunev\w*|kompostitav\w*|biolo[šs]ko\s+razgradljiv\w*|kompostowaln\w*|biodegradowaln\w*)\b.{0,140}\b(packaging|plastic|plastics|product|products|material|materials|item|items|verpackungen|kunststoff|emballage|embalagem|imballagg|envase|verpakking|pakend|pakkauks|opakowania|embala[žz]a|obaly|muovi|pakkauks|label|sticker)\w*",biodegradable plastic,"gs weeds cut flowers Other: manure from small pets with straw Not allowed in the GFT bucket or container ash from ashtrays and the fireplace biodegradable plastic (takes too long before it turns into compost) frying oil dog and cat hairs wood large garden waste, such as branches, Christmas trees, san",Rejected,"\b(not\s+accepted|not\s+allowed|do\s+not\s+put|don't\s+put|must\s+not|should\s+not|prohibited|rejected|not\s+permitted|not\s+suitable|cannot|can\s*not|can’t|can't|contamination|contaminant)\b.{0,180}\b(compostable|biodegradable|bioplastic|bio[- ]?plastic|compostable\s+packag|biodegradable\s+packag|serviceware|cup|cutlery)",not allowed in the gft bucket or container ash from ashtrays and the fireplace biodegradable
[155],Netherlands - Maastricht - added municipal/authority operational source,Food-waste liners / collection bags,Accepted with conditions,"Food-waste liners are accepted only as official/designated, locally/facility-approved, or otherwise restricted collection items.","\b(can|may|must|should|accepted|allowed|permitted|collected|used|use)\b.{0,120}\b(compostable|biodegradable|paper|kraft)\s+(food[- ]?waste\s+)?(bag|liner|sack)s?\b.{0,120}\b(food[- ]?waste|organic\s*waste|organics?|biowaste|green\s*cart|green\s*bin|brown\s*bin|caddy)\b",should only contain gft+e waste. the contents of your caddy or wheelie bin were stuck or frozen. the biodegradable liner with the seedling logo or ok-compost logo was taped or tied to your caddy or wheelie bin. theliner in your caddy,did not belong there. Residual waste or plastic bags without a seedling logo or OK-compost logo will not be collected. Your green container should only contain gft+e waste. The contents of your caddy or wheelie bin were stuck or frozen. The biodegradable liner with the seedling logo or OK-compost logo was taped or tied to your caddy or wheelie bin. Theliner in your caddy or wheelie bin was non-biodegradable or did not have a seedling logo / OK-compost logo. Black rubbish bags or other rubbish bags made from,Collection liners only,"\b(use|can\s+use|may\s+use|allowed\s+to\s+use|line|pack|collect|wrap)\b.{0,160}\b(compostable|bioplastic|biodegradable|paper)\s+(bag|liner|sack)s?",can use a biodegradable liner
[155],Netherlands - Maastricht - added municipal/authority operational source,Food-service ware / takeaway packaging,Rejected,Source-level rule is liner-only; this broader application category is outside the accepted application scope.,"\b(cup|plate|bowl|tray|container|cutlery|fork|spoon|knife|straw|lid|stoviglie|posate|bicchieri|piatti|contenitori|kahvimuki|kertak[äa]ytt[öo]astia|vaisselle|gobelets?|assiettes?|couverts?|vasos?|platos?|cubiertos?)\w*\b.{0,140}\b(compostable|biodegradable|compostabil|biodegradabil|organic|umido|compost|biohajoava|kompostoituva)","containers each week, free of charge and we turn your gft+e into compost","n and food waste (groente-, fruit-, tuinafval en etensresten, gft+e) should be put in the green caddy or wheelie bin. We collect these gft+e-containers each week, free of charge and we turn your gft+e into compost for healthy soil. Here you can read tips about the gft+e container and gft+e waste. You can also request a gft+e container or report somet",Collection liners only,"\b(use|can\s+use|may\s+use|allowed\s+to\s+use|line|pack|collect|wrap)\b.{0,160}\b(compostable|bioplastic|biodegradable|paper)\s+(bag|liner|sack)s?",can use a biodegradable liner
[155],Netherlands - Maastricht - added municipal/authority operational source,Generic compostable packaging / plastics,Rejected,Source-level rule is liner-only; this broader application category is outside the accepted application scope.,"\b(compostable|biodegradable|industrially\s+compostable|certified\s+compostable|bioplastic|bio[- ]?plastic|bioplastics|composteerbaar\w*|kompostierbar\w*|compostabil\w*|biod[ée]gradable\w*|biohajoava|kompostoituva|biolagunev\w*|kompostitav\w*|biolo[šs]ko\s+razgradljiv\w*|kompostowaln\w*|biodegradowaln\w*)\b.{0,140}\b(packaging|plastic|plastics|product|products|material|materials|item|items|verpackungen|kunststoff|emballage|embalagem|imballagg|envase|verpakking|pakend|pakkauks|opakowania|embala[žz]a|obaly|muovi|pakkauks|label|sticker)\w*",biodegradable packaging go with gft+e waste? biodegradable plastic packaging,"te bag? About 35% to 40% of the waste in residual waste bags consists of food scraps. We can all do our part to improve recycling rates. Can biodegradable packaging go with gft+e waste? Biodegradable plastic packaging is residual waste, and does not go in the gft+e container (contrary to popular belief). Biodegradable plastic does not compost fast enough",Collection liners only,"\b(use|can\s+use|may\s+use|allowed\s+to\s+use|line|pack|collect|wrap)\b.{0,160}\b(compostable|bioplastic|biodegradable|paper)\s+(bag|liner|sack)s?",can use a biodegradable liner
[157],Greece - Chania-DEDISA - added municipal/authority operational source,Food-waste liners / collection bags,Accepted,Food-waste liners/collection bags are accepted in the ordinary organics route; certification or compostability wording is treated as product qualification.,"\b(can|may|must|should|accepted|allowed|permitted|collected|used|use)\b.{0,120}\b(compostable|biodegradable|paper|kraft)\s+(food[- ]?waste\s+)?(bag|liner|sack)s?\b.{0,120}\b(food[- ]?waste|organic\s*waste|organics?|biowaste|green\s*cart|green\s*bin|brown\s*bin|caddy)\b","used, they must be paper (such as grocery paper bags) or biodegradable bags. --- page 6 --- 03. practical tips to keep your brown bin clean without a bag - line the caddy","bags. Regular plastic bags are not compostable. Food waste contaminated with plastic or other waste makes low quality compost. If bags are used, they must be paper (such as grocery paper bags) or biodegradable bags. --- Page 6 --- 03. Practical Tips to keep your brown bin clean without a bag - Line the caddy/bin with newspaper sheets to keep the bin dry and avoid leakage. - Dry out wet food residues and wrap food in newspaper before placing in t",Collection liners only,"\b(use|can\s+use|may\s+use|allowed\s+to\s+use|line|pack|collect|wrap)\b.{0,160}\b(compostable|bioplastic|biodegradable|paper)\s+(bag|liner|sack)s?",use? - food waste caddy ~ 5-10 lt or/and paper bags such as grocery paper bags (for households) - kitchen pedal bin ~ 30-60 lt biodegradable or paper bags
[157],Greece - Chania-DEDISA - added municipal/authority operational source,Tea/coffee preparation items,Rejected,Source-level rule is liner-only; this broader application category is outside the accepted application scope.,\b(tea\s*bag|teabag|coffee\s*filter|coffee\s*(pod|capsule)|k[- ]?cup|espresso\s*capsule|teebeutel|kaffeefilter|theezakjes?|koffiefilters?|sachet[s]?\s+de\s+th[ée]|filtre[s]?\s+.*caf[ée]|capsule[s]?\s+de\s+caf[ée])s?\b,tea bags,"s and pastries - rice, pasta and beans - dairy products (cheese, yogurt, cream)* - eggs (and shells)* - coffee grounds and filters, tea and tea bags * Raw meat, fish, dairy products, and eggs from retailer shops are not included. Also: - small quantities of garden waste (such as leaves,",Collection liners only,"\b(use|can\s+use|may\s+use|allowed\s+to\s+use|line|pack|collect|wrap)\b.{0,160}\b(compostable|bioplastic|biodegradable|paper)\s+(bag|liner|sack)s?",use? - food waste caddy ~ 5-10 lt or/and paper bags such as grocery paper bags (for households) - kitchen pedal bin ~ 30-60 lt biodegradable or paper bags
[157],Greece - Chania-DEDISA - added municipal/authority operational source,Flexible films/wraps/pouches,Rejected,Source-level rule is liner-only; this broader application category is outside the accepted application scope.,"\b(mailer|postal\s*bag|e[- ]?commerce\s*packaging|garment\s*bag|poly\s*bag|protective\s*film|stretch\s*film|shrink\s*film|wrapper|wrap|pouch|pouches|wikkels|films?|folien|buste)\w*\b.{0,160}\b(compostable|biodegradable|bioplastic|compostabil|biodegradabil|organic waste|compost|brown\s+bin|green\s+cart)",wrap food in newspaper before placing in the caddy/bin. - do not use plastic bags. regular plastic bags are not compostable,n bin clean without a bag - Line the caddy/bin with newspaper sheets to keep the bin dry and avoid leakage. - Dry out wet food residues and wrap food in newspaper before placing in the caddy/bin. - Do not use plastic bags. Regular plastic bags are not compostable. If yo ---WINDOW--- Chania-DEDISA PDF source URL: https://www.chania.gr/wp-content/uploads/2020/12/55/43694/8pages_16x16_dedisa_en_correcte,Collection liners only,"\b(use|can\s+use|may\s+use|allowed\s+to\s+use|line|pack|collect|wrap)\b.{0,160}\b(compostable|bioplastic|biodegradable|paper)\s+(bag|liner|sack)s?",use? - food waste caddy ~ 5-10 lt or/and paper bags such as grocery paper bags (for households) - kitchen pedal bin ~ 30-60 lt biodegradable or paper bags
[157],Greece - Chania-DEDISA - added municipal/authority operational source,Generic compostable packaging / plastics,Rejected,Source-level rule is liner-only; this broader application category is outside the accepted application scope.,"\b(compostable|biodegradable|industrially\s+compostable|certified\s+compostable|bioplastic|bio[- ]?plastic|bioplastics|composteerbaar\w*|kompostierbar\w*|compostabil\w*|biod[ée]gradable\w*|biohajoava|kompostoituva|biolagunev\w*|kompostitav\w*|biolo[šs]ko\s+razgradljiv\w*|kompostowaln\w*|biodegradowaln\w*)\b.{0,140}\b(packaging|plastic|plastics|product|products|material|materials|item|items|verpackungen|kunststoff|emballage|embalagem|imballagg|envase|verpakking|pakend|pakkauks|opakowania|embala[žz]a|obaly|muovi|pakkauks|label|sticker)\w*",compostable. food waste contaminated with plastic,"milk) - oil and liquid fat - plastic bags - any material that is not food waste Hint: Do not use plastic bags. Regular plastic bags are not compostable. Food waste contaminated with plastic or other waste makes low quality compost. If bags are used, they must be paper (such as grocery paper bags) or biodegradable bags. --- Page",Collection liners only,"\b(use|can\s+use|may\s+use|allowed\s+to\s+use|line|pack|collect|wrap)\b.{0,160}\b(compostable|bioplastic|biodegradable|paper)\s+(bag|liner|sack)s?",use? - food waste caddy ~ 5-10 lt or/and paper bags such as grocery paper bags (for households) - kitchen pedal bin ~ 30-60 lt biodegradable or paper bags
[159],France - Bordeaux Métropole - added municipal/authority operational source,Food-waste liners / collection bags,Accepted with conditions,"Food-waste liners are accepted only as official/designated, locally/facility-approved, or otherwise restricted collection items.","(?:d[ée]chets?\s+alimentaires|biod[ée]chets?|d[ée]chets?\s+organiques|mati[èe]res?\s+organiques).{0,140}sacs?\s+(?:compostables?|biod[ée]gradables?|bio|en\s+papier|kraft)","déchets alimentaires, 50 sacs kraft","débuts, Bordeaux Métropole distribue gratuitement des kits comprenant un bioseau, un guide pratique et, pour les utilisateurs des bornes à déchets alimentaires, 50 sacs kraft. Des permanences sont organisées, notamment sur les marchés, pour vous remettre votre kit et répondre à vos questions. Où et quand récupére",Collection liners only,"(?:d[ée]chets?\s+alimentaires|biod[ée]chets?|d[ée]chets?\s+organiques|mati[èe]res?\s+organiques).{0,140}sacs?\s+(?:compostables?|biod[ée]gradables?|bio|en\s+papier|kraft)",déchets alimentaires en vrac ou dans un sac kraft
[161],France - Grenoble Alpes Métropole - added municipal/authority operational source,Food-waste liners / collection bags,Accepted with conditions,"Food-waste liners are accepted only as official/designated, locally/facility-approved, or otherwise restricted collection items.",\b(sac[s]?\s+(compostable|biod[ée]gradable)|sacco\s+compostabile|sacchetti\s+compostabil\w*|bolsa\s+compostable|bolsas\s+compostables|sacos?\s+compost[áa]veis|kompostierbare?\w*\s+(beutel|t[üu]ten|biobeutel)|composteerbare?\w*\s+(zak|zakken|zakjes)|biozak\w*|bioposer|matavfallsp[åa]sar|bioavfallsp[åa]sar|bioj[äa]tepussi|vre[čc]ke|worki|s[áa][čc]ky)\b,sac compostable,"lecte de la poubelle marron . Quels déchets jeter dans votre poubelle marron ou votre composteur ? Jetez dans votre composteur ou dans votre sac compostable (destiné à la poubelle marron) : Les épluchures de fruits et légumes Les coquilles d'oeufs, de noix, pistaches... Les restes de repas (os,",Collection liners only,"(?:d[ée]chets?\s+alimentaires|biod[ée]chets?|d[ée]chets?\s+organiques|mati[èe]res?\s+organiques).{0,140}sacs?\s+(?:compostables?|biod[ée]gradables?|bio|en\s+papier|kraft)",déchets alimentaires que vous jetez dans la poubelle marron doivent être déposés dans un sac biodégradable
[161],France - Grenoble Alpes Métropole - added municipal/authority operational source,Tea/coffee preparation items,Rejected,Source-level rule is liner-only; this broader application category is outside the accepted application scope.,\b(tea\s*bag|teabag|coffee\s*filter|coffee\s*(pod|capsule)|k[- ]?cup|espresso\s*capsule|teebeutel|kaffeefilter|theezakjes?|koffiefilters?|sachet[s]?\s+de\s+th[ée]|filtre[s]?\s+.*caf[ée]|capsule[s]?\s+de\s+caf[ée])s?\b,filtres à café,"des crustacés type crevettes...) Les aliments périmés (sans leur emballage) Les thés et tisanes en sachet ou en vrac Le marc de café et les filtres à café Les seuls déchets alimentaires à ne pas jeter dans votre composteur ou votre poubelle marron sont les coquillages (moules, huîtres...). En",Collection liners only,"(?:d[ée]chets?\s+alimentaires|biod[ée]chets?|d[ée]chets?\s+organiques|mati[èe]res?\s+organiques).{0,140}sacs?\s+(?:compostables?|biod[ée]gradables?|bio|en\s+papier|kraft)",déchets alimentaires que vous jetez dans la poubelle marron doivent être déposés dans un sac biodégradable
[162],Norway - BIR Bergen - added municipal/authority operational source,Food-waste liners / collection bags,Rejected,Source-level evidence rejects compostable packaging/items or identifies no accepted organics route.,\b(sac[s]?\s+(compostable|biod[ée]gradable)|sacco\s+compostabile|sacchetti\s+compostabil\w*|bolsa\s+compostable|bolsas\s+compostables|sacos?\s+compost[áa]veis|kompostierbare?\w*\s+(beutel|t[üu]ten|biobeutel)|composteerbare?\w*\s+(zak|zakken|zakjes)|biozak\w*|bioposer|matavfallsp[åa]sar|bioavfallsp[åa]sar|bioj[äa]tepussi|vre[čc]ke|worki|s[áa][čc]ky)\b,bioposer,st til biogjødselen som produseres i biogassanlegget vårt på Voss. Det gjør at gjødselen kan brukes trygt i matproduksjon hos lokale bønder. Bioposer benyttes ikke fordi det fortsatt er usikkerhet knyttet til hvordan bioplast brytes ned i nordisk klima. Risikoen for at slike poser kan et,Rejected,"(ikke|inte|må\s+ikke|skal\s+ikke|ei|ei\s+saa|ei\s+kuulu).{0,180}(komposterbar\w*|bioposer|bioplast|plast|biohajoava\w*|kompostoituva\w*|muovipakkauk\w*|kertak[äa]ytt[öo]astia)",ikke tilfører mikroplast til biogjødselen som produseres i biogassanlegget vårt på voss. det gjør at gjødselen kan brukes trygt i matproduksjon hos lokale bønder. bioposer
[163],Norway - MOVAR - added municipal/authority operational source,Food-waste liners / collection bags,Accepted with conditions,"Food-waste liners are accepted only as official/designated, locally/facility-approved, or otherwise restricted collection items.",\b(sac[s]?\s+(compostable|biod[ée]gradable)|sacco\s+compostabile|sacchetti\s+compostabil\w*|bolsa\s+compostable|bolsas\s+compostables|sacos?\s+compost[áa]veis|kompostierbare?\w*\s+(beutel|t[üu]ten|biobeutel)|composteerbare?\w*\s+(zak|zakken|zakjes)|biozak\w*|bioposer|matavfallsp[åa]sar|bioavfallsp[åa]sar|bioj[äa]tepussi|vre[čc]ke|worki|s[áa][čc]ky)\b,bioposer,Norway - MOVAR - added municipal/authority operational source | Bioposer | https://www.movar.no/bioposer-til-matavfall.html Bioposer URL: https://www.movar.no/bioposer-til-matavfall.html Text extraction: Beautifu,Collection liners only,"(?:bioposer|matavfallsp[åa]sar|bioavfallsp[åa]sar|bioj[äa]tepussi|bioj[äa]tepussit).{0,120}(?:matavfall|madaffald|bioaffald|bioavfall|bioj[äa]te|ruokaj[äa]te)",bioposer | https://www.movar.no/bioposer-til-matavfall.html bioposer url: https://www.movar.no/bioposer-til-matavfall
[164],Norway - TRV Trondheim - added municipal/authority operational source,Food-waste liners / collection bags,Accepted,Food-waste liners/collection bags are accepted in the ordinary organics route; certification or compostability wording is treated as product qualification.,\b(sac[s]?\s+(compostable|biod[ée]gradable)|sacco\s+compostabile|sacchetti\s+compostabil\w*|bolsa\s+compostable|bolsas\s+compostables|sacos?\s+compost[áa]veis|kompostierbare?\w*\s+(beutel|t[üu]ten|biobeutel)|composteerbare?\w*\s+(zak|zakken|zakjes)|biozak\w*|bioposer|matavfallsp[åa]sar|bioavfallsp[åa]sar|bioj[äa]tepussi|vre[čc]ke|worki|s[áa][čc]ky)\b,bioposer,Norway - TRV Trondheim - added municipal/authority operational source | Slik får du tak i bioposer til matavfall og plastsekker til plastemballasje | https://trv.no/bioposer-plastsekker/ Slik får du tak i bioposer til matavfall og plastse,Collection liners only,"(?:matavfall|madaffald|bioaffald|bioavfall|bioj[äa]te|ruokaj[äa]te).{0,100}(?:bioposer|matavfallsp[åa]sar|bioavfallsp[åa]sar|bioj[äa]tepussi|bioj[äa]tepussit|paperipussi).{0,120}(?:skal|kan|må|saa|accepted|sorteres|anv[aä]ndas|bruges|käyttää)",matavfallsposer eller plastsekker til plastemballasje? bioposer til matavfall kan
[165],Spain - Dénia - added municipal/authority operational source,Food-waste liners / collection bags,Accepted,Food-waste liners/collection bags are accepted in the ordinary organics route; certification or compostability wording is treated as product qualification.,\b(sac[s]?\s+(compostable|biod[ée]gradable)|sacco\s+compostabile|sacchetti\s+compostabil\w*|bolsa\s+compostable|bolsas\s+compostables|sacos?\s+compost[áa]veis|kompostierbare?\w*\s+(beutel|t[üu]ten|biobeutel)|composteerbare?\w*\s+(zak|zakken|zakjes)|biozak\w*|bioposer|matavfallsp[åa]sar|bioavfallsp[åa]sar|bioj[äa]tepussi|vre[čc]ke|worki|s[áa][čc]ky)\b,bolsas compostables,"rse de alta para obtener su tarjeta, presentando un recibo de pago de la tasa de basura. Recibirán, además, el obsequio de una papelera y 75 bolsas compostables para que empiecen a reciclar la fracción orgánica. La concejala ha recalcado que la finalidad última de la utilización de la tarjeta es “p",Collection liners only,"bolsas\s+compostables.{0,100}(?:fracci[óo]n\s+org[áa]nica|contenedor(?:es)?\s+marr[oó]n(?:es)?)",bolsas compostables para que empiecen a reciclar la fracción orgánica
[166],Spain - Zaragoza - added municipal/authority operational source,Food-waste liners / collection bags,Accepted,Food-waste liners/collection bags are accepted in the ordinary organics route; certification or compostability wording is treated as product qualification.,\b(sac[s]?\s+(compostable|biod[ée]gradable)|sacco\s+compostabile|sacchetti\s+compostabil\w*|bolsa\s+compostable|bolsas\s+compostables|sacos?\s+compost[áa]veis|kompostierbare?\w*\s+(beutel|t[üu]ten|biobeutel)|composteerbare?\w*\s+(zak|zakken|zakjes)|biozak\w*|bioposer|matavfallsp[åa]sar|bioavfallsp[åa]sar|bioj[äa]tepussi|vre[čc]ke|worki|s[áa][čc]ky)\b,bolsas compostables,Spain - Zaragoza - added municipal/authority operational source | El Ayuntamiento repartirá 7.600 rollos de bolsas compostables y 6.000 cubos domésticos para residuos orgánicos a través de los Puntos Limpios Móviles | https://www.zaragoza.es/sede/servicio/noticia/338,Collection liners only,"(?:se\s+entregan|se\s+repartir[áa]n|repartir[áa]|entregar[áa]n).{0,120}bolsas?\s+compostables?.{0,160}(?:residuos?\s+org[áa]nicos|materia\s+org[áa]nica|contenedor\s+marr[oó]n)",repartirá 7.600 rollos de bolsas compostables y 6.000 cubos domésticos para residuos orgánicos
[168],Sweden - Gothenburg - added municipal/authority operational source,Food-waste liners / collection bags,Accepted,Food-waste liners/collection bags are accepted in the ordinary organics route; certification or compostability wording is treated as product qualification.,\b(sac[s]?\s+(compostable|biod[ée]gradable)|sacco\s+compostabile|sacchetti\s+compostabil\w*|bolsa\s+compostable|bolsas\s+compostables|sacos?\s+compost[áa]veis|kompostierbare?\w*\s+(beutel|t[üu]ten|biobeutel)|composteerbare?\w*\s+(zak|zakken|zakjes)|biozak\w*|bioposer|matavfallsp[åa]sar|bioavfallsp[åa]sar|bioj[äa]tepussi|vre[čc]ke|worki|s[áa][čc]ky)\b,matavfallspåsar,påsar innan hämtningssäsongen börjar. För boende i flerbostadshus ska förvaltaren se till att det finns bruna påsar att hämta där du lämnar matavfallspåsarna till insamlingen av matavfall. Information om hur du beställer bruna matavfallspåsar och påshållaren Luftig Frukt- och grönsakspåsar frå,Collection liners only,"(?:bioposer|matavfallsp[åa]sar|bioavfallsp[åa]sar|bioj[äa]tepussi|bioj[äa]tepussit).{0,120}(?:matavfall|madaffald|bioaffald|bioavfall|bioj[äa]te|ruokaj[äa]te)",matavfallspåsarna till insamlingen av matavfall. information om hur du beställer bruna matavfall
[170],Iceland - Akureyri - Municipal/operator organic-waste sorting guidance,Food-waste liners / collection bags,Rejected,Source-level evidence rejects compostable packaging/items or identifies no accepted organics route.,\b(caddy\s*liner|kitchen\s*caddy|food[- ]?waste\s*(bag|liner)|bio\s*bag|biobag|compostable\s*(bag|liner)|green\s*bag|brown\s*bag|collection\s*(bag|liner)|organic\s*waste\s*bag|organics\s*bag|biowaste\s*bag|food\s*scraps?\s*bag)s?\b,biobag,"• Dairy products • Flowers • Toothpicks, icecream sticks and sushi sticks. In the organic bin, you can put all food leftovers and other organic waste from the household. The waste must be put in a special green biobag that is compostable. All households in Akureyri receiv",Rejected,"(ikke|inte|må\s+ikke|skal\s+ikke|ei|ei\s+saa|ei\s+kuulu).{0,180}(komposterbar\w*|bioposer|bioplast|plast|biohajoava\w*|kompostoituva\w*|muovipakkauk\w*|kertak[äa]ytt[öo]astia)","eislagata 9 and at terra's oﬃce. plastic packaging plastic packaging include: • plastic bags • plastic cups e.g. yogurt cups • plastic wrappings, clear and coloured • plast"
[170],Iceland - Akureyri - Municipal/operator organic-waste sorting guidance,Tea/coffee preparation items,Rejected,Source-level evidence rejects compostable packaging/items or identifies no accepted organics route.,\b(tea\s*bag|teabag|coffee\s*filter|coffee\s*(pod|capsule)|k[- ]?cup|espresso\s*capsule|teebeutel|kaffeefilter|theezakjes?|koffiefilters?|sachet[s]?\s+de\s+th[ée]|filtre[s]?\s+.*caf[ée]|capsule[s]?\s+de\s+caf[ée])s?\b,tea bags,"ganic waste Organic waste includes: • Fruits and peel • Vegetables and peel • Eggs and eggshells • Cooked meat, ﬁsh leftovers, bones • Grain, rice and pasta • Bread and cookies • Coﬀee grounds and tea bags • Used napkins and kitchen rolls • Dairy products • Flowers • To",Rejected,"(ikke|inte|må\s+ikke|skal\s+ikke|ei|ei\s+saa|ei\s+kuulu).{0,180}(komposterbar\w*|bioposer|bioplast|plast|biohajoava\w*|kompostoituva\w*|muovipakkauk\w*|kertak[äa]ytt[öo]astia)","eislagata 9 and at terra's oﬃce. plastic packaging plastic packaging include: • plastic bags • plastic cups e.g. yogurt cups • plastic wrappings, clear and coloured • plast"
[172],Slovakia - Trnava - Municipal/operator organic-waste sorting guidance,Food-waste liners / collection bags,Accepted with conditions,"Food-waste liners are accepted only as official/designated, locally/facility-approved, or otherwise restricted collection items.","(?:kompostovatel\w*|biolo[šs]ko\s+razgradljiv\w*|biologicky\s+rozlo[žz]iteln\w*|biodegradowaln\w*|kompostowaln\w*).{0,80}(?:vre[čc]k\w*|vrec[úu]ska|s[áa][čc]ky|worki).{0,140}(?:bioodpad|kuchynsk\w*\s+bioodpad|hned[áa]\s+n[áa]doba|rjavi\s+zabojnik|pojemnik\s+bio|bio)",kompostovatelne-vrecka-na-rozlozitelny-kuchynsky-bioodpad,- Trnava - Municipal/operator organic-waste sorting guidance | Oficiálne stránky mesta Trnava | https://www.trnava.sk/zivotne-situacie/716/kompostovatelne-vrecka-na-rozlozitelny-kuchynsky-bioodpad Oficiálne stránky mesta Trnava URL: https://www.trnava.sk/zivotne-situacie/716/kompostovatelne-vrecka-na-rozlozitelny-kuchynsky-bioodpad Te,Collection liners only,"(?:kompostovatel\w*|biolo[šs]ko\s+razgradljiv\w*|biologicky\s+rozlo[žz]iteln\w*|biodegradowaln\w*|kompostowaln\w*).{0,80}(?:vre[čc]k\w*|vrec[úu]ska|s[áa][čc]ky|worki).{0,140}(?:bioodpad|kuchynsk\w*\s+bioodpad|hned[áa]\s+n[áa]doba|rjavi\s+zabojnik|pojemnik\s+bio|bio)",kompostovatelne-vrecka-na-rozlozitelny-kuchynsky-bioodpad
[174],Denmark - Aalborg - Municipal/operator organic-waste sorting guidance,Food-waste liners / collection bags,Rejected,Source-level evidence rejects compostable packaging/items or identifies no accepted organics route.,\b(caddy\s*liner|kitchen\s*caddy|food[- ]?waste\s*(bag|liner)|bio\s*bag|biobag|compostable\s*(bag|liner)|green\s*bag|brown\s*bag|collection\s*(bag|liner)|organic\s*waste\s*bag|organics\s*bag|biowaste\s*bag|food\s*scraps?\s*bag)s?\b,green bags,trash can yet? Then contact our customer administration here. How does the food waste scheme work in Aalborg Municipality? You must use the green bags provided by Nordværk. These are recognized by the sensors at our sorting facility. See the options for getting bags here. You sort your foo,Rejected,"\b(organic\s*waste|organics|food\s*waste|food\s*scraps?|biowaste|bio[- ]?waste|brown\s*bin|green\s*bin|compost(?:ing)?\s*(?:bin|cart)|gft|biotonne|bac\s+brun|contenedor\s+marr[oó]n|contentor\s+castanho)\b.{0,180}\b(no|not|without|remove|separate(?:d)?\s+from|must\s+be\s+separated\s+from|do\s+not)\b.{0,100}\b(packaging|package|container|wrapping|envase|embalaje|emballage|embalagem|verpakking|forpakning|pakend|pakuot|opakowania|embala[žz]a|obaly)\b","food waste, tie a solid double knot on the bag so that loose food waste does not fall out into the container. then you put the filled green food waste bag in the same container"
[174],Denmark - Aalborg - Municipal/operator organic-waste sorting guidance,Tea/coffee preparation items,Rejected,Source-level evidence rejects compostable packaging/items or identifies no accepted organics route.,\b(tea\s*bag|teabag|coffee\s*filter|coffee\s*(pod|capsule)|k[- ]?cup|espresso\s*capsule|teebeutel|kaffeefilter|theezakjes?|koffiefilters?|sachet[s]?\s+de\s+th[ée]|filtre[s]?\s+.*caf[ée]|capsule[s]?\s+de\s+caf[ée])s?\b,coffee filter,"ent to you. If you live in a housing cooperative or owners' association, please contact your association. Meet the lucky potato, the nimble coffee filter and the sour lemon here Frequently asked questions about food waste bags Can I use the green bags for other things than food waste? No, the",Rejected,"\b(organic\s*waste|organics|food\s*waste|food\s*scraps?|biowaste|bio[- ]?waste|brown\s*bin|green\s*bin|compost(?:ing)?\s*(?:bin|cart)|gft|biotonne|bac\s+brun|contenedor\s+marr[oó]n|contentor\s+castanho)\b.{0,180}\b(no|not|without|remove|separate(?:d)?\s+from|must\s+be\s+separated\s+from|do\s+not)\b.{0,100}\b(packaging|package|container|wrapping|envase|embalaje|emballage|embalagem|verpakking|forpakning|pakend|pakuot|opakowania|embala[žz]a|obaly)\b","food waste, tie a solid double knot on the bag so that loose food waste does not fall out into the container. then you put the filled green food waste bag in the same container"
[175],Czechia - Plzeň - Municipal/operator organic-waste sorting guidance,Food-waste liners / collection bags,Rejected,Source-level evidence rejects compostable packaging/items or identifies no accepted organics route.,\b(sac[s]?\s+(compostable|biod[ée]gradable)|sacco\s+compostabile|sacchetti\s+compostabil\w*|bolsa\s+compostable|bolsas\s+compostables|sacos?\s+compost[áa]veis|kompostierbare?\w*\s+(beutel|t[üu]ten|biobeutel)|composteerbare?\w*\s+(zak|zakken|zakjes)|biozak\w*|bioposer|matavfallsp[åa]sar|bioavfallsp[åa]sar|bioj[äa]tepussi|vre[čc]ke|worki|s[áa][čc]ky)\b,sáčky,"o živočišného původu, který vzniká především v domácnostech a zahradách. Patří sem například zbytky ovoce a zeleniny, kávová sedlina, čajové sáčky( vyjma plastových pyramidek), posekaná tráva, listí či větve. Bioodpad tvoří významnou část komunálního odpadu a při správném třídění a zp",Rejected,"(opakowania|embala[žz]a|obaly|foli[oó]wki|plastikow\w*|plastov\w*).{0,220}(nie|ne|niso|nepat[řr][íi]|prepoved|zakaz)","plastových sáčků, včetně těch označených jako kompostovatelné, které se v běžném kompostovacím procesu nerozkládají a představují nežádoucí příměs. obsah hnědé nádoby na bioodpad ne"
[176],New Zealand - Christchurch - City Council green-bin organics guidance,Food-waste liners / collection bags,Rejected,Source-level evidence rejects compostable packaging/items or identifies no accepted organics route.,\b(caddy\s*liner|kitchen\s*caddy|food[- ]?waste\s*(bag|liner)|bio\s*bag|biobag|compostable\s*(bag|liner)|green\s*bag|brown\s*bag|collection\s*(bag|liner)|organic\s*waste\s*bag|organics\s*bag|biowaste\s*bag|food\s*scraps?\s*bag)s?\b,compostable bags,"issues tea bags plastic bottles and containers number 1, 2 and 5 go in the yellow bin all other plastics go in the red bin biodegradable or compostable bags, liners and packaging – put them in the red bin ash, timber and sawdust. Let ash cool for at least five days before disposing of it in the",Rejected,"\b(compostable|biodegradable|bioplastic|bio[- ]?plastic|compostable\s+packag|biodegradable\s+packag|serviceware|cup|cutlery)\w*\b.{0,200}\b(not\s+accepted|not\s+allowed|do\s+not\s+put|don't\s+put|must\s+not|should\s+not|prohibited|rejected|not\s+permitted|not\s+suitable|cannot|can\s*not|can’t|can't|contamination|contaminant)\b",cups or lids - put these in the red bin small dead animals such as rats and mice can be double-bagged and placed in the red bin . larger dead animals such as cats and dogs should not
[176],New Zealand - Christchurch - City Council green-bin organics guidance,Tea/coffee preparation items,Rejected,Source-level evidence rejects compostable packaging/items or identifies no accepted organics route.,\b(tea\s*bag|teabag|coffee\s*filter|coffee\s*(pod|capsule)|k[- ]?cup|espresso\s*capsule|teebeutel|kaffeefilter|theezakjes?|koffiefilters?|sachet[s]?\s+de\s+th[ée]|filtre[s]?\s+.*caf[ée]|capsule[s]?\s+de\s+caf[ée])s?\b,tea bags,"ed bin , including; newspaper pizza boxes fish 'n' chip wrappers kitchen paper towels paper smaller than an envelope shredded paper tissues tea bags plastic bottles and containers number 1, 2 and 5 go in the yellow bin all other plastics go in the red bin biodegradable or compostable bag",Rejected,"\b(compostable|biodegradable|bioplastic|bio[- ]?plastic|compostable\s+packag|biodegradable\s+packag|serviceware|cup|cutlery)\w*\b.{0,200}\b(not\s+accepted|not\s+allowed|do\s+not\s+put|don't\s+put|must\s+not|should\s+not|prohibited|rejected|not\s+permitted|not\s+suitable|cannot|can\s*not|can’t|can't|contamination|contaminant)\b",cups or lids - put these in the red bin small dead animals such as rats and mice can be double-bagged and placed in the red bin . larger dead animals such as cats and dogs should not
[176],New Zealand - Christchurch - City Council green-bin organics guidance,Generic compostable packaging / plastics,Rejected,Source-level evidence rejects compostable packaging/items or identifies no accepted organics route.,"\b(compostable|biodegradable|industrially\s+compostable|certified\s+compostable|bioplastic|bio[- ]?plastic|bioplastics|composteerbaar\w*|kompostierbar\w*|compostabil\w*|biod[ée]gradable\w*|biohajoava|kompostoituva|biolagunev\w*|kompostitav\w*|biolo[šs]ko\s+razgradljiv\w*|kompostowaln\w*|biodegradowaln\w*)\b.{0,140}\b(packaging|plastic|plastics|product|products|material|materials|item|items|verpackungen|kunststoff|emballage|embalagem|imballagg|envase|verpakking|pakend|pakkauks|opakowania|embala[žz]a|obaly|muovi|pakkauks|label|sticker)\w*","biodegradable or compostable bags, liners and packaging","shredded paper tissues tea bags plastic bottles and containers number 1, 2 and 5 go in the yellow bin all other plastics go in the red bin biodegradable or compostable bags, liners and packaging – put them in the red bin ash, timber and sawdust. Let ash cool for at least five days before disposing of it in the red bin coffee/takeawa",Rejected,"\b(compostable|biodegradable|bioplastic|bio[- ]?plastic|compostable\s+packag|biodegradable\s+packag|serviceware|cup|cutlery)\w*\b.{0,200}\b(not\s+accepted|not\s+allowed|do\s+not\s+put|don't\s+put|must\s+not|should\s+not|prohibited|rejected|not\s+permitted|not\s+suitable|cannot|can\s*not|can’t|can't|contamination|contaminant)\b",cups or lids - put these in the red bin small dead animals such as rats and mice can be double-bagged and placed in the red bin . larger dead animals such as cats and dogs should not
[177],New Zealand - Auckland - Council food-scraps / compostable liner guidance,Food-waste liners / collection bags,Accepted with conditions,"Application is accepted only in a controlled, facility-approved, event, commercial, or dedicated collection context.",\b(caddy\s*liner|kitchen\s*caddy|food[- ]?waste\s*(bag|liner)|bio\s*bag|biobag|compostable\s*(bag|liner)|green\s*bag|brown\s*bag|collection\s*(bag|liner)|organic\s*waste\s*bag|organics\s*bag|biowaste\s*bag|food\s*scraps?\s*bag)s?\b,compostable liner,New Zealand - Auckland - Council food-scraps / compostable liner guidance | The best of both worlds - compost and food scraps - OurAuckland | https://ourauckland.aucklandcouncil.govt.nz/news/2023/04/the-b,Dedicated/controlled route only,\b(closed[- ]?loop|event|festival|venue|stadium|commercial\s+collection|controlled\s+(system|collection)|dedicated\s+collection|back[- ]?of[- ]?house|food[- ]?service|monocharge)\b,event
[177],New Zealand - Auckland - Council food-scraps / compostable liner guidance,Food-service ware / takeaway packaging,Accepted with conditions,"Application is accepted only in a controlled, facility-approved, event, commercial, or dedicated collection context.",\b(food[- ]?service|serviceware|take[- ]?away|takeout|to[- ]?go|catering|event|festival|venue|closed[- ]?loop)\b,event,st of both worlds - compost and food scraps - OurAuckland Toggle search Submit search Menu Home Latest All News News Local Things to do All Events Events Auckland's Future All Auckland's Future In Progress Growth Development Mayor Media Centre Living in Auckland All OurAuckland Dogs f,Dedicated/controlled route only,\b(closed[- ]?loop|event|festival|venue|stadium|commercial\s+collection|controlled\s+(system|collection)|dedicated\s+collection|back[- ]?of[- ]?house|food[- ]?service|monocharge)\b,event
[178],Belgium - Wallonia / Intradel - Organic-waste collection guidance,Food-waste liners / collection bags,Accepted,Food-waste liners/collection bags are accepted in the ordinary organics route; certification or compostability wording is treated as product qualification.,"(?:d[ée]chets?\s+alimentaires|biod[ée]chets?|d[ée]chets?\s+organiques|mati[èe]res?\s+organiques).{0,140}sacs?\s+(?:compostables?|biod[ée]gradables?|bio|en\s+papier|kraft)",déchets organiques dans des sachets de pain ou des sacs biodégradables,"enir son conteneur vert ? Pour garder votre conteneur propre, disposez dans le fond des feuilles de journal froissées. N'hésitez pas à emballer vos déchets organiques dans des sachets de pain ou des sacs biodégradables, voire dans du papier journal. Pour le nettoyage, utilisez simplement de l'eau chaude. Comment éviter les mauvaises odeurs dans son",Collection liners only,"(?:d[ée]chets?\s+alimentaires|biod[ée]chets?|d[ée]chets?\s+organiques|mati[èe]res?\s+organiques).{0,140}sacs?\s+(?:compostables?|biod[ée]gradables?|bio|en\s+papier|kraft)",déchets organiques dans des sachets de pain ou des sacs biodégradables
[178],Belgium - Wallonia / Intradel - Organic-waste collection guidance,Tea/coffee preparation items,Rejected,Source-level rule is liner-only; this broader application category is outside the accepted application scope.,\b(tea\s*bag|teabag|coffee\s*filter|coffee\s*(pod|capsule)|k[- ]?cup|espresso\s*capsule|teebeutel|kaffeefilter|theezakjes?|koffiefilters?|sachet[s]?\s+de\s+th[ée]|filtre[s]?\s+.*caf[ée]|capsule[s]?\s+de\s+caf[ée])s?\b,sachets de thé,"rt ? Les résidus alimentaires : légumes, fruits, viande, poisson, restes de repas, os, produits laitiers, pain, céréales, marc de café, filtres, sachets de thé, coquilles d'œuf. Les résidus de jardinage : feuilles, gazon, branches de haies taillées, branches, brindilles, plantes, fruits tomb",Collection liners only,"(?:d[ée]chets?\s+alimentaires|biod[ée]chets?|d[ée]chets?\s+organiques|mati[èe]res?\s+organiques).{0,140}sacs?\s+(?:compostables?|biod[ée]gradables?|bio|en\s+papier|kraft)",déchets organiques dans des sachets de pain ou des sacs biodégradables
[179],Belgium - Wallonia / Hygea - Organic-waste sorting guidance,Tea/coffee preparation items,Rejected,Source-level evidence rejects compostable packaging/items or identifies no accepted organics route.,\b(tea\s*bag|teabag|coffee\s*filter|coffee\s*(pod|capsule)|k[- ]?cup|espresso\s*capsule|teebeutel|kaffeefilter|theezakjes?|koffiefilters?|sachet[s]?\s+de\s+th[ée]|filtre[s]?\s+.*caf[ée]|capsule[s]?\s+de\s+caf[ée])s?\b,sachets de thé,"manière naturelle. Il s’agit principalement de déchets alimentaires : déchets de préparation (épluchures de fruits, légumes, marc de café, sachets de thé, etc.), les restes de repas non consommés, des denrées périmées non entamées. Aujourd'hui, nos déchets alimentaires composent encore 40 à 6",Rejected,"(ne\s+(?:les?\s+)?mettez\s+pas|ne\s+pas\s+mettre|pas\s+dans|interdit\w*|refus[ée]s?|non\s+accept[ée]s?).{0,200}(compostable\w*|biod[ée]gradable\w*|bioplastique\w*|emballage\w*|plastique\w*)",interdits les déchets suivants ne sont pas des déchets organiques et doivent être déposés dans le sac moka : les litières minérales excréments les cendres de bois les langes les emballages compostables/biodégradables
[180],Slovenia - Maribor - Municipal waste-sorting guidance,Food-waste liners / collection bags,Rejected,Source-level evidence rejects compostable packaging/items or identifies no accepted organics route.,\b(sac[s]?\s+(compostable|biod[ée]gradable)|sacco\s+compostabile|sacchetti\s+compostabil\w*|bolsa\s+compostable|bolsas\s+compostables|sacos?\s+compost[áa]veis|kompostierbare?\w*\s+(beutel|t[üu]ten|biobeutel)|composteerbare?\w*\s+(zak|zakken|zakjes)|biozak\w*|bioposer|matavfallsp[åa]sar|bioavfallsp[åa]sar|bioj[äa]tepussi|vre[čc]ke|worki|s[áa][čc]ky)\b,vrečke,"IOLOŠKI ODPADKI Rjavi zabojnik Lasten kompostnik ali kompostni kup Ostanki vseh vrst zelenjave in sadja, kavna usedlina, kavni filtri, čajne vrečke, netekoči ostanki hrane, jajčne lupine, pokvarjeni prehrambeni izdelki, ovenelo cvetje, zemlja lončnic Maščobe, cigaretni ogorki, plenice,",Rejected,"(opakowania|embala[žz]a|obaly|foli[oó]wki|plastikow\w*|plastov\w*).{0,220}(nie|ne|niso|nepat[řr][íi]|prepoved|zakaz)","embalaža in karton posoda z rdečim ali modrim pokrovom zbirni center časopisi, revije, knjige, zvezki, letaki, karton, papirnate nakupovalne"
[181],Slovenia - Kranj / Komunala Kranj - Brown-bin biowaste guidance,Food-waste liners / collection bags,Accepted,Food-waste liners/collection bags are accepted in the ordinary organics route; certification or compostability wording is treated as product qualification.,\b(sac[s]?\s+(compostable|biod[ée]gradable)|sacco\s+compostabile|sacchetti\s+compostabil\w*|bolsa\s+compostable|bolsas\s+compostables|sacos?\s+compost[áa]veis|kompostierbare?\w*\s+(beutel|t[üu]ten|biobeutel)|composteerbare?\w*\s+(zak|zakken|zakjes)|biozak\w*|bioposer|matavfallsp[åa]sar|bioavfallsp[åa]sar|bioj[äa]tepussi|vre[čc]ke|worki|s[áa][čc]ky)\b,vrečke,"osredno v zabojnik (preprečimo neposredni stik bioloških odpadkov z zabojem), biološke odpadke odložimo zavite v časopisni papir, papirnate vrečke oz. kar je najboljše – uporabimo vrečke iz biološko razgradljivih materialov (odlaganje v plastičnih vrečkah je prepovedano, saj s tem onem",Collection liners only,"(?:kompostovatel\w*|biolo[šs]ko\s+razgradljiv\w*|biologicky\s+rozlo[žz]iteln\w*|biodegradowaln\w*|kompostowaln\w*).{0,80}(?:vre[čc]k\w*|vrec[úu]ska|s[áa][čc]ky|worki).{0,140}(?:bioodpad|kuchynsk\w*\s+bioodpad|hned[áa]\s+n[áa]doba|rjavi\s+zabojnik|pojemnik\s+bio|bio)","biološko razgradljivih materialov (odlaganje v plastičnih vrečkah je prepovedano, saj s tem onemogočimo nadaljnjo predelavo odpadkov), za zaščito notranjosti zabojnika se lahko odločimo tudi za velike bio"
[181],Slovenia - Kranj / Komunala Kranj - Brown-bin biowaste guidance,Generic compostable packaging / plastics,Rejected,Source-level rule is liner-only; this broader application category is outside the accepted application scope.,"\b(compostable|biodegradable|industrially\s+compostable|certified\s+compostable|bioplastic|bio[- ]?plastic|bioplastics|composteerbaar\w*|kompostierbar\w*|compostabil\w*|biod[ée]gradable\w*|biohajoava|kompostoituva|biolagunev\w*|kompostitav\w*|biolo[šs]ko\s+razgradljiv\w*|kompostowaln\w*|biodegradowaln\w*)\b.{0,140}\b(packaging|plastic|plastics|product|products|material|materials|item|items|verpackungen|kunststoff|emballage|embalagem|imballagg|envase|verpakking|pakend|pakkauks|opakowania|embala[žz]a|obaly|muovi|pakkauks|label|sticker)\w*",biološko razgradljivih materialov,"loških odpadkov z zabojem), biološke odpadke odložimo zavite v časopisni papir, papirnate vrečke oz. kar je najboljše – uporabimo vrečke iz biološko razgradljivih materialov (odlaganje v plastičnih vrečkah je prepovedano, saj s tem onemogočimo nadaljnjo predelavo odpadkov), za zaščito notranjosti zabojnika se la",Collection liners only,"(?:kompostovatel\w*|biolo[šs]ko\s+razgradljiv\w*|biologicky\s+rozlo[žz]iteln\w*|biodegradowaln\w*|kompostowaln\w*).{0,80}(?:vre[čc]k\w*|vrec[úu]ska|s[áa][čc]ky|worki).{0,140}(?:bioodpad|kuchynsk\w*\s+bioodpad|hned[áa]\s+n[áa]doba|rjavi\s+zabojnik|pojemnik\s+bio|bio)","biološko razgradljivih materialov (odlaganje v plastičnih vrečkah je prepovedano, saj s tem onemogočimo nadaljnjo predelavo odpadkov), za zaščito notranjosti zabojnika se lahko odločimo tudi za velike bio"
[182],Luxembourg - Minett Kompost - Organic-waste bag / collection guidance,Food-waste liners / collection bags,Accepted,Food-waste liners/collection bags are accepted in the ordinary organics route; certification or compostability wording is treated as product qualification.,"sacs?\s+(?:100%\s+)?biod[ée]gradables?.{0,160}(?:logo|minett\s+kompost|poubelle\s+bio|d[ée]chets?\s+organiques|compostage)","sacs 100% biodégradables pour l'hygiène de votre poubelle, disponibles dans les commerces de proximité et portant le logo minett kompost","sac doit également être séparé de manière coûteuse et complexe avant le compostage. C’est pourquoi Minett Kompost propose des solutions de sacs 100% biodégradables pour l’hygiène de votre poubelle, disponibles dans les commerces de proximité et portant le logo Minett Kompost. Vous pouvez également utiliser des sacs en papier ou emballer vos déchets de cuisine et de repas humides dans du papier journal. Un meille",Collection liners only,"sacs?\s+(?:100%\s+)?biod[ée]gradables?.{0,160}(?:logo|minett\s+kompost|poubelle\s+bio|d[ée]chets?\s+organiques|compostage)","sacs 100% biodégradables pour l'hygiène de votre poubelle, disponibles dans les commerces de proximité et portant le logo minett kompost"
[183],Costa Rica - Costa Rica / community or domestic composting context - ComposterOs - community composting guidance / operator-style guidance,Generic compostable packaging / plastics,Unclear or not stated,"Application is mentioned, but no explicit application-level acceptance or rejection decision is stated.","\b(compostable|biodegradable|industrially\s+compostable|certified\s+compostable|bioplastic|bio[- ]?plastic|bioplastics|composteerbaar\w*|kompostierbar\w*|compostabil\w*|biod[ée]gradable\w*|biohajoava|kompostoituva|biolagunev\w*|kompostitav\w*|biolo[šs]ko\s+razgradljiv\w*|kompostowaln\w*|biodegradowaln\w*)\b.{0,140}\b(packaging|plastic|plastics|product|products|material|materials|item|items|verpackungen|kunststoff|emballage|embalagem|imballagg|envase|verpakking|pakend|pakkauks|opakowania|embala[žz]a|obaly|muovi|pakkauks|label|sticker)\w*",compostable” no es una característica intrínseca de ningún material,"mpostabilidad no resulta evidente, o que son compostables siempre y cuando sigamos algunas recomendaciones. Debemos empezar por aclarar que “compostable” no es una característica intrínseca de ningún material o residuo, sino que depende de dos factores externos: el ambiente y el tiempo. Toda afirmación de compostabilidad debe ir acompañada del",No explicit compostable-packaging rule,,
[184],Czechia - Karlovy Vary - L?ze?sk? lesy a parky Karlovy Vary - local municipal-operator sorting guidance,Food-waste liners / collection bags,Rejected,Source-level evidence rejects compostable packaging/items or identifies no accepted organics route.,\b(sac[s]?\s+(compostable|biod[ée]gradable)|sacco\s+compostabile|sacchetti\s+compostabil\w*|bolsa\s+compostable|bolsas\s+compostables|sacos?\s+compost[áa]veis|kompostierbare?\w*\s+(beutel|t[üu]ten|biobeutel)|composteerbare?\w*\s+(zak|zakken|zakjes)|biozak\w*|bioposer|matavfallsp[åa]sar|bioavfallsp[åa]sar|bioj[äa]tepussi|vre[čc]ke|worki|s[áa][čc]ky)\b,sáčky,"a z větví stromů a keřů spadané ovoce kuchyňský odpad z ovoce a zeleniny (slupky apod.) sedliny kávy a čaje (i s papírovým filtrem), čajové sáčky skořápky od vajec neznečištěná zemina (bez květináčů) pokojové rostliny květináče z lepenky a rašeliny Do bioodpadu nepatří: zbytky jídel (",Rejected,"(opakowania|embala[žz]a|obaly|foli[oó]wki|plastikow\w*|plastov\w*).{0,220}(nie|ne|niso|nepat[řr][íi]|prepoved|zakaz)","plastových. bioodpad lze do nádob ukládat také volně, bez obalu. prosíme nepoužívejte plastové sáčky na sběr organického odpadu a to ani tzv. kompostovatelné plastové sáčky. kompostovatelný plast se rozkládá příliš pomalu a ne"
