citation_id,source_label,indicator,assigned_category,matched_regex_or_rule,matched_text,evidence_excerpt,coding_basis
[1],Germany - National / local practice varies - BioAbfV + surveyed municipal practice,Source Authority,National rule or policy,,,Germany - National / local practice varies - BioAbfV + surveyed municipal practice | Verordnung über die Verwertung von Bioabfällen auf Böden | https://www.gesetze-im-internet.de/bioabfv/BJNR295500998.html,source_label_priority
[1],Germany - National / local practice varies - BioAbfV + surveyed municipal practice,Stated Organic-waste Treatment Route,Composting,\b(composting|compost\s+facility|industrial\s+compost|in[- ]?vessel\s+compost|IVC|compostage|compostaggio|compostaje|compostagem|kompostierung|kompostering|kompostointi|kompostiranje|composteerinstallatie|composteerbaar|kompostownia|κομποστοποίηση|κομπόστ|堆肥化|堆肥|퇴비화|퇴비|kompostitav\w*)\b,kompostierung,"andlung zugegeben werden: a) Küchenkrepp und Altpapier (Zeitungspapier) darf in kleinen Mengen zusammen mit den gesammelten Bioabfällen der Kompostierung zugegeben werden, wenn dies aus hygienischen oder praktischen Gründen bei der Sammlung der Bioabfälle zweckmäßig ist (z. B. bei sehr feucht",regex_include_exclude
[1],Germany - National / local practice varies - BioAbfV + surveyed municipal practice,Acceptance,Rejected,"(ikke|inte|må\s+ikke|skal\s+ikke|ei|ei\s+saa|ei\s+kuulu).{0,180}(komposterbar\w*|bioposer|bioplast|plast|biohajoava\w*|kompostoituva\w*|muovipakkauk\w*|kertak[äa]ytt[öo]astia)","eil an fremdstoffen mit einem siebdurchgang von mehr als 1 millimeter darf folgende höchstwerte, bezogen auf die trockenmasse des aufzubringenden materials, nicht überschreiten: 1. plast","1 mit Ausnahme von Cadmium und Quecksilber zulassen, wenn Beeinträchtigungen des Wohls der Allgemeinheit nicht zu erwarten sind. (4) Der Anteil an Fremdstoffen mit einem Siebdurchgang von mehr als 1 Millimeter darf folgende Höchstwerte, bezogen auf die Trockenmasse des aufzubringenden Materials, nicht überschreiten: 1. plastisch verformbare Kunststoffe 0,1 vom Hundert und 2. sonstige Fremdstoffe, insbesondere Glas, Metalle und plastisch nicht verformbare Kunstst",regex_include_exclude
[1],Germany - National / local practice varies - BioAbfV + surveyed municipal practice,Certification and Approval Basis,EN 13432 / OK compost / Seedling,\b(en|din\s*en|uni\s*en|bs\s*en|nf\s*en)?\s*13432\b,din en 13432,"ürlichen, nicht-fossilen Wachsen bestehen. Eine Beschichtung mit biologisch abbaubaren Kunststoffen darf nur aus solchen bestehen, die nach DIN EN 13432 (Ausgabe 2000-12) und DIN EN 13432 Berichtigung 2 (Ausgabe 2007-10) oder nach DIN EN 14995 (Ausgabe 2007-03) zertifiziert sind. Darüber hin",regex_include_exclude
[1],Germany - National / local practice varies - BioAbfV + surveyed municipal practice,Rejection Rationale,Compost/digestate quality or contamination concern,\b(compost\s+quality|digestate\s+quality|microplastic|microplastics|contamination|contaminant|foreign\s+matter|residue|pollutant|clean\s+compost|soil|agricultural\s+use|quality\s+standard|fertiliser|fertilizer|impurity|physical\s+contamination|quality\s+control|nutrient|nutritional\s+value|soil\s+amendment)\b,nutrient,Nährboden mit der Nachweismöglichkeit anderer biochemischer Eigenschaften als XLD-Agar angelegt. Salmonellenverdächtige Kolonien werden auf Nutrient-Agar überimpft und bei 36 ( ± 2) °C für 22 ( ± 2) Stunden inkubiert. Die Identifizierung erfolgt biochemisch oder serologisch auf Grund der,regex_include_exclude
[2],Germany - Berlin - BSR / Berliner Stadtreinigung waste-company guidance,Source Authority,Waste operator or treatment-facility rule,,,Germany - Berlin - BSR / Berliner Stadtreinigung waste-company guidance | Biogut: Abfall mit Mehrfach-Nutzen | https://www.bsr.de/biogut,source_label_priority
[2],Germany - Berlin - BSR / Berliner Stadtreinigung waste-company guidance,Stated Organic-waste Treatment Route,AD/biogas + composting,"\b(anaerobic\s+digestion|\bAD\b|biogas|biomethane|methani[sz]ation|m[ée]thanisation|biom[ée]thanisation|verg[äa]rung|vergisting|r[öo]tning|digestate|biog[öo]dsel|biog[øo]dning)\b.{0,180}\b(compost|composting|kompost|compostaggio|compostaje|compostagem|kompostering|kompostointi|kompostiranje|κομποστοποίηση|堆肥|퇴비)",biogas und kompost,t Biogut: Abfall mit Mehrfach-Nutzen Für organische Abfälle gibt es in Berlin die Biotonne. Den Inhalt verarbeiten wir zu klimafreundlichem Biogas und Kompost. Hier erfährst du was wirklich in die Biotonne gehört und wie du als Eigentümer:in die Biotonne beantragst. gesammelter Bioabfall © BSR War,regex_include_exclude
[2],Germany - Berlin - BSR / Berliner Stadtreinigung waste-company guidance,Acceptance,Rejected,"(plastik|kunststoff|bioplastik|biokunststoff|kompostierbare?\w*\s+(biobeutel|beutel|t[üu]ten)|verpackungen|folien|t[üu]ten).{0,180}(d[üu]rfen\s+nicht|geh[öo]ren\s+nicht|nicht\s+in\s+(die\s+)?biotonne|darf\s+nicht\s+rein|kein\s+plastik|verboten|nicht\s+ausreichend)",plastik und auch bioplastik dürfen nicht in die biotonne,"r Komponenten von YouTube Video integriert. Bitte überprüfe die Details und akzeptiere den Service, um die Inhalte anzusehen. Inhalte laden Plastik und auch Bioplastik dürfen nicht in die Biotonne. Plastik kann als Mikroplastik im Kompost und somit auf den Feldern landen. Das verschmutzt unsere Natur. Wirf den Biomüll stattdessen in d",regex_include_exclude
[2],Germany - Berlin - BSR / Berliner Stadtreinigung waste-company guidance,Certification and Approval Basis,No named standard/approval stated,,,,fallback_default
[2],Germany - Berlin - BSR / Berliner Stadtreinigung waste-company guidance,Rejection Rationale,Compost/digestate quality or contamination concern,(mikroplastik|fremdstoff|st[öo]rstoff|vervuiling|verontreiniging|schone\s+compost|kwaliteit|schadelijke\s+stoffen|compostkwaliteit|bodem|meststof|fertilisant|engrais|qualit[ée]|inquinant|퇴비|비료|품질),mikroplastik,"akzeptiere den Service, um die Inhalte anzusehen. Inhalte laden Plastik und auch Bioplastik dürfen nicht in die Biotonne. Plastik kann als Mikroplastik im Kompost und somit auf den Feldern landen. Das verschmutzt unsere Natur. Wirf den Biomüll stattdessen in deine Biotonne oder verwende Pap",regex_include_exclude
[3],Germany - Munich - AWM München / municipal sorting rule,Source Authority,Municipal sorting rule,,,Germany - Munich - AWM München / municipal sorting rule | Menü | https://www.awm-muenchen.de/abfall-entsorgen/abfalllexikon/detailansicht-lexikoneintrag/bioabfall,source_label_priority
[3],Germany - Munich - AWM München / municipal sorting rule,Stated Organic-waste Treatment Route,Treatment route not stated,\b(brown\s*bin|green\s*cart|organic\s*waste\s*collection|food\s*waste\s*collection|food\s*scraps?\s*(?:bin|collection)|bio[- ]?waste\s*collection|biowaste\s*collection|FOGO|GFT|biotonne|bioabfall|contenedor\s+marr[oó]n|contentor\s+castanho|bac\s+brun|rifiut[io]\s+organic[io]|umido|maisto\s+atliek|bioj[äa]te|madaffald|matavfall|bioodpad|pojemnik\s+bio|kitchen\s*waste\s*collection)\b,bioabfall,ich - AWM München / municipal sorting rule | Menü | https://www.awm-muenchen.de/abfall-entsorgen/abfalllexikon/detailansicht-lexikoneintrag/bioabfall fahrzeuge Trag- und Ziehhilfen Wertstoffscanner Kleine Einsammelfahrzeuge Eigenes Schulungszentrum für Kraftfahrer Rückwärtsfahrkataster Mü,regex_include_exclude
[3],Germany - Munich - AWM München / municipal sorting rule,Acceptance,Rejected,"(plastik|kunststoff|bioplastik|biokunststoff|kompostierbare?\w*\s+(biobeutel|beutel|t[üu]ten)|verpackungen|folien|t[üu]ten).{0,180}(d[üu]rfen\s+nicht|geh[öo]ren\s+nicht|nicht\s+in\s+(die\s+)?biotonne|darf\s+nicht\s+rein|kein\s+plastik|verboten|nicht\s+ausreichend)","plastiktüten und auch sogenannte ""kompostierbare biobeutel"" dürfen nicht in die biotonne","tsteht beim Vergärungsprozess Ökostrom. Größere Mengen Baum- und Strauchschnitt können Sie an den Münchner Wertstoffhöfen entsorgen. Hinweis Plastiktüten und auch sogenannte ""kompostierbare Biobeutel"" dürfen nicht in die Biotonne! Biotonne In die gebührenfreien Biotonnen sollen Küchen- und Gartenabfälle. Mehr Infos Auf dieser Website verwenden wir Cookies Marketing",regex_include_exclude
[3],Germany - Munich - AWM München / municipal sorting rule,Certification and Approval Basis,Generic compostable/biodegradable wording only,\b(compostable|biodegradable|industrially\s+compostable|certified\s+compostable|composteerbaar\w*|kompostierbar\w*|compostabil\w*|biod[ée]gradable\w*|biohajoava|kompostoituva|biolagunev\w*|biolo[šs]ko\s+razgradljiv\w*|kompostowaln\w*|biodegradowaln\w*)\b,kompostierbare,"trom. Größere Mengen Baum- und Strauchschnitt können Sie an den Münchner Wertstoffhöfen entsorgen. Hinweis Plastiktüten und auch sogenannte ""kompostierbare Biobeutel"" dürfen nicht in die Biotonne! Biotonne In die gebührenfreien Biotonnen sollen Küchen- und Gartenabfälle. Mehr Infos Auf dieser",regex_include_exclude
[3],Germany - Munich - AWM München / municipal sorting rule,Rejection Rationale,Reason not explicitly stated,,,,fallback_default
[4],Germany - Hamburg - Stadtreinigung Hamburg / Wirfuerbio guidance,Source Authority,Waste operator or treatment-facility rule,,,Germany - Hamburg - Stadtreinigung Hamburg / Wirfuerbio guidance | Facebook | https://www.wirfuerbio.de/srh/,source_label_priority
[4],Germany - Hamburg - Stadtreinigung Hamburg / Wirfuerbio guidance,Stated Organic-waste Treatment Route,AD/biogas + composting,"\b(compost|composting|kompost|compostaggio|compostaje|compostagem|kompostering|kompostointi|kompostiranje|κομποστοποίηση|堆肥|퇴비)\b.{0,180}\b(anaerobic\s+digestion|\bAD\b|biogas|biomethane|methani[sz]ation|m[ée]thanisation|biom[ée]thanisation|verg[äa]rung|vergisting|r[öo]tning|digestate|biog[öo]dsel|biog[øo]dning)\b","kompost sind zudem ein wesentlicher faktor, wenn es um die reduktion des co 2 -ausstoßes geht. aus biomüll wird biogas","rsetzen und wirkt durch seine Nährstoffe positiv auf Pflanzen und Umwelt. Die korrekte Getrenntsammlung von Bioabfällen und der Einsatz von Kompost sind zudem ein wesentlicher Faktor, wenn es um die Reduktion des CO 2 -Ausstoßes geht. Aus Biomüll wird Biogas und Bioenergie In vielen Bioabfallbehandlungsanlagen wird aus dem Bioabfall echte Bioenergie . In einem geschlossenen Raum wird der Bioabfa",regex_include_exclude
[4],Germany - Hamburg - Stadtreinigung Hamburg / Wirfuerbio guidance,Acceptance,Rejected,"(plastik|kunststoff|bioplastik|biokunststoff|kompostierbare?\w*\s+(biobeutel|beutel|t[üu]ten)|verpackungen|folien|t[üu]ten).{0,180}(d[üu]rfen\s+nicht|geh[öo]ren\s+nicht|nicht\s+in\s+(die\s+)?biotonne|darf\s+nicht\s+rein|kein\s+plastik|verboten|nicht\s+ausreichend)",plastik im biomüll. *auch kompostierbare plastiktüten dürfen nicht in die biotonne. kein plastik,amburg / Wirfuerbio guidance | Facebook | https://www.wirfuerbio.de/srh/ Facebook Instagram TikTok YouTube DE EN TR RU Login Kein' Bock auf Plastik im Biomüll. *Auch kompostierbare Plastiktüten dürfen nicht in die Biotonne. Kein Plastik Warum weder Plastik noch „Bioplastik“ in Hamburg in die Biotonne darf. Plastiktüten bestehen meist – salopp gesagt – aus Erdöl und benötige,regex_include_exclude
[4],Germany - Hamburg - Stadtreinigung Hamburg / Wirfuerbio guidance,Certification and Approval Basis,Generic compostable/biodegradable wording only,\b(compostable|biodegradable|industrially\s+compostable|certified\s+compostable|composteerbaar\w*|kompostierbar\w*|compostabil\w*|biod[ée]gradable\w*|biohajoava|kompostoituva|biolagunev\w*|biolo[šs]ko\s+razgradljiv\w*|kompostowaln\w*|biodegradowaln\w*)\b,kompostierbare,ce | Facebook | https://www.wirfuerbio.de/srh/ Facebook Instagram TikTok YouTube DE EN TR RU Login Kein' Bock auf Plastik im Biomüll. *Auch kompostierbare Plastiktüten dürfen nicht in die Biotonne. Kein Plastik Warum weder Plastik noch „Bioplastik“ in Hamburg in die Biotonne darf. Plastiktüten,regex_include_exclude
[4],Germany - Hamburg - Stadtreinigung Hamburg / Wirfuerbio guidance,Rejection Rationale,Slow degradation / residence-time mismatch,"(rottezeit|zersetzungszeit|nicht\s+sicher\s+vollst[äa]ndig\s+biologisch\s+abgebaut|langer\s+dan\s+het\s+proces|proces\s+te\s+kort|te\s+langzaam\s+af|breekt\s+te\s+langzaam|langzaam\s+afbre|biohajoava.{0,80}hidas|hitaan\s+maatumis|ikke\s+brytes\s+ned|brytes\s+ikke\s+ned|inte\s+bryts\s+ner|för\s+långsamt|nedbrytning|분해|퇴비화할|可降解塑料袋.{0,80}降解的速度比厨余垃圾慢)",nicht sicher vollständig biologisch abgebaut,der aber grundsätzlich biologisch abbaubar sein muss. Innerhalb des Produktionsprozesses unserer Anlagen werden auch kompostierbare Beutel nicht sicher vollständig biologisch abgebaut. Die Zersetzungszeit dieser Tüten liegt deutlich über den Produktionszeiten. Wir wollen saubere Komposterde und funktionierende Anlagen für,regex_include_exclude
[5],Germany - Kitzingen district - Landratsamt Kitzingen / regional government guidance,Source Authority,"State, provincial, regional, or canton rule",,,Germany - Kitzingen district - Landratsamt Kitzingen / regional government guidance | Landratsamt Kitzingen | https://www.abfallwelt.de/abfaelle/kompostierbare-biomuellbeutel/,source_label_priority
[5],Germany - Kitzingen district - Landratsamt Kitzingen / regional government guidance,Stated Organic-waste Treatment Route,Treatment route not stated,\b(brown\s*bin|green\s*cart|organic\s*waste\s*collection|food\s*waste\s*collection|food\s*scraps?\s*(?:bin|collection)|bio[- ]?waste\s*collection|biowaste\s*collection|FOGO|GFT|biotonne|bioabfall|contenedor\s+marr[oó]n|contentor\s+castanho|bac\s+brun|rifiut[io]\s+organic[io]|umido|maisto\s+atliek|bioj[äa]te|madaffald|matavfall|bioodpad|pojemnik\s+bio|kitchen\s*waste\s*collection)\b,biotonne,"ierbare-biomuellbeutel/ Landratsamt Kitzingen Tourismus Stadt Kitzingen News Tonnen & Abfuhr Übersicht Mülltonnen Übersicht Restabfalltonne Biotonne Papiertonne Windeltonne Restabfallsack Grüngutsack An-, Um- und Abmelden Online-Formulare Mülltonnen An-, Um-, Abmeldung von Abfallbehälter",regex_include_exclude
[5],Germany - Kitzingen district - Landratsamt Kitzingen / regional government guidance,Acceptance,Rejected,"(plastik|kunststoff|bioplastik|biokunststoff|kompostierbare?\w*\s+(biobeutel|beutel|t[üu]ten)|verpackungen|folien|t[üu]ten).{0,180}(d[üu]rfen\s+nicht|geh[öo]ren\s+nicht|nicht\s+in\s+(die\s+)?biotonne|darf\s+nicht\s+rein|kein\s+plastik|verboten|nicht\s+ausreichend)",kunststoffe und verpackungen für pflanzenschutzmittel abfall-abc sammelbeutel aus biologisch abbaubaren kunststoffen verwendung in der biotonne verboten,Holz Metallschrott Hartkunststoffe Textilien und Schuhe Naturkork Speisefett / Speiseöl CDs und Druckerzubehör Reifen Weihnachtsbäume Erntekunststoffe und Verpackungen für Pflanzenschutzmittel Abfall-ABC Sammelbeutel aus biologisch abbaubaren Kunststoffen Verwendung in der Biotonne verboten! Kompostierbare Biomüllbeutel gefährden Verwertung der Bioabfälle Sammelbeutel aus biologisch abbaubaren Kunststoffen sind auch bei uns im,regex_include_exclude
[5],Germany - Kitzingen district - Landratsamt Kitzingen / regional government guidance,Certification and Approval Basis,Generic compostable/biodegradable wording only,\b(compostable|biodegradable|industrially\s+compostable|certified\s+compostable|composteerbaar\w*|kompostierbar\w*|compostabil\w*|biod[ée]gradable\w*|biohajoava|kompostoituva|biolagunev\w*|biolo[šs]ko\s+razgradljiv\w*|kompostowaln\w*|biodegradowaln\w*)\b,kompostierbare,ny - Kitzingen district - Landratsamt Kitzingen / regional government guidance | Landratsamt Kitzingen | https://www.abfallwelt.de/abfaelle/kompostierbare-biomuellbeutel/ Landratsamt Kitzingen Tourismus Stadt Kitzingen News Tonnen & Abfuhr Übersicht Mülltonnen Übersicht Restabfalltonne Biotonn,regex_include_exclude
[5],Germany - Kitzingen district - Landratsamt Kitzingen / regional government guidance,Rejection Rationale,Compost/digestate quality or contamination concern,(mikroplastik|fremdstoff|st[öo]rstoff|vervuiling|verontreiniging|schone\s+compost|kwaliteit|schadelijke\s+stoffen|compostkwaliteit|bodem|meststof|fertilisant|engrais|qualit[ée]|inquinant|퇴비|비료|품질),mikroplastik,"n größeren Teilen im fertigen Kompost vorliegen können. Hinzu kommt noch die Problematik, dass die zersetzten Kunststoffteile weiterhin als Mikroplastik im Kompost verbleiben. Dieser unvollständige Abbauprozess der Sammelbeutel aus biologisch abbaubaren Kunststoffen stellt die Betreiber von",regex_include_exclude
[6],Germany - Landkreis Karlsruhe - Abfallwirtschaftsbetrieb Landkreis Karlsruhe / waste-company guidance,Source Authority,Waste operator or treatment-facility rule,,,Germany - Landkreis Karlsruhe - Abfallwirtschaftsbetrieb Landkreis Karlsruhe / waste-company guidance | Biobeutel | AWB LK KA | AWB LK KA | https://www.awb-landkreis-karlsruhe.de/abfallwirtschaftsbetrieb/abfallverwertung/bioabfall/biobeutel,source_label_priority
[6],Germany - Landkreis Karlsruhe - Abfallwirtschaftsbetrieb Landkreis Karlsruhe / waste-company guidance,Stated Organic-waste Treatment Route,Treatment route not stated,\b(brown\s*bin|green\s*cart|organic\s*waste\s*collection|food\s*waste\s*collection|food\s*scraps?\s*(?:bin|collection)|bio[- ]?waste\s*collection|biowaste\s*collection|FOGO|GFT|biotonne|bioabfall|contenedor\s+marr[oó]n|contentor\s+castanho|bac\s+brun|rifiut[io]\s+organic[io]|umido|maisto\s+atliek|bioj[äa]te|madaffald|matavfall|bioodpad|pojemnik\s+bio|kitchen\s*waste\s*collection)\b,bioabfall,ste-company guidance | Biobeutel | AWB LK KA | AWB LK KA | https://www.awb-landkreis-karlsruhe.de/abfallwirtschaftsbetrieb/abfallverwertung/bioabfall/biobeutel Biobeutel | AWB LK KA | AWB LK KA Gehe zum Navigationsbereich Gehe zum Inhalt Leichte Sprache Gebärdensprache Kontakt Suche Menü,regex_include_exclude
[6],Germany - Landkreis Karlsruhe - Abfallwirtschaftsbetrieb Landkreis Karlsruhe / waste-company guidance,Acceptance,Collection liners only,"(?:zul[äa]ssigen?|zertifizierten?)\s+(?:biobeutel|beutel).{0,160}(?:din\s*en\s*13432|keimling|din[- ]?plus|bioabfall)",zulässigen beutel an der zertifizierung din en 13432 bzw. der ganzflächigen bedruckung mit dem keimling,mten Voraussetzungen zugelassen. Dazu müssen diese nach den Anforderungen der neuen Bioabfallverordnung zertifiziert sein: Sie erkennen die zulässigen Beutel an der Zertifizierung DIN EN 13432 bzw. der ganzflächigen Bedruckung mit dem Keimlingsymbol. Zudem müssen sich die Beutel innerhalb von 6 Wochen vollständig in den Verwertungsanlagen abbauen. Das erkennen sie zum Beispiel an,regex_include_exclude_context_checked
[6],Germany - Landkreis Karlsruhe - Abfallwirtschaftsbetrieb Landkreis Karlsruhe / waste-company guidance,Certification and Approval Basis,EN 13432 / OK compost / Seedling,\b(en|din\s*en|uni\s*en|bs\s*en|nf\s*en)?\s*13432\b,din en 13432,ssen diese nach den Anforderungen der neuen Bioabfallverordnung zertifiziert sein: Sie erkennen die zulässigen Beutel an der Zertifizierung DIN EN 13432 bzw. der ganzflächigen Bedruckung mit dem Keimlingsymbol. Zudem müssen sich die Beutel innerhalb von 6 Wochen vollständig in den Verwertung,regex_include_exclude
[6],Germany - Landkreis Karlsruhe - Abfallwirtschaftsbetrieb Landkreis Karlsruhe / waste-company guidance,Rejection Rationale,Compost/digestate quality or contamination concern,(mikroplastik|fremdstoff|st[öo]rstoff|vervuiling|verontreiniging|schone\s+compost|kwaliteit|schadelijke\s+stoffen|compostkwaliteit|bodem|meststof|fertilisant|engrais|qualit[ée]|inquinant|퇴비|비료|품질),fremdstoff,"elassene Biobeutel Seit dem 1. Mai 2025 gelten laut Bioabfallverordnung strengere Vorschriften, um den Eintrag von Kunststoffen und anderen Fremdstoffen in die Umwelt zu reduzieren. # 1 Was ändert sich? Der Bioabfall aus der Biotonne darf bei Anlieferung an der Verwertungsanlage nicht mehr",regex_include_exclude
[7],Germany - Bamberg - Stadt Bamberg / Biomüll municipal sorting rule,Source Authority,Municipal sorting rule,,,Germany - Bamberg - Stadt Bamberg / Biomüll municipal sorting rule | Untermenü | https://www.stadt.bamberg.de/index.php?La=1&mNavID=1829.6&sNavID=1829.450,source_label_priority
[7],Germany - Bamberg - Stadt Bamberg / Biomüll municipal sorting rule,Stated Organic-waste Treatment Route,Treatment route not stated,\b(brown\s*bin|green\s*cart|organic\s*waste\s*collection|food\s*waste\s*collection|food\s*scraps?\s*(?:bin|collection)|bio[- ]?waste\s*collection|biowaste\s*collection|FOGO|GFT|biotonne|bioabfall|contenedor\s+marr[oó]n|contentor\s+castanho|bac\s+brun|rifiut[io]\s+organic[io]|umido|maisto\s+atliek|bioj[äa]te|madaffald|matavfall|bioodpad|pojemnik\s+bio|kitchen\s*waste\s*collection)\b,biotonne,"lesen Vorlesen ""Vorlesen"" ist eine Funktion von Drittanbietern. Mehr dazu in unserer Datenschutzerklärung. Aktivieren Inhalt Biomüll In die Biotonne gehören organische Küchen- und Gartenabfälle aus privaten Haushalten. Bioabfälle aus Gewerbebetrieben sind nicht zulässig – unabhängig davo",regex_include_exclude
[7],Germany - Bamberg - Stadt Bamberg / Biomüll municipal sorting rule,Acceptance,Rejected,"(ikke|inte|må\s+ikke|skal\s+ikke|ei|ei\s+saa|ei\s+kuulu).{0,180}(komposterbar\w*|bioposer|bioplast|plast|biohajoava\w*|kompostoituva\w*|muovipakkauk\w*|kertak[äa]ytt[öo]astia)",eintierstreu aus heu u. stroh was darf nicht in die biotonne? katzenstreu problemmüll holz- und kohlenasche kompostierbare und andere plastiktüten alle arten von plast,älle Obstabfälle Schalen von Südfrüchten Salatabfälle Eierschalen Nussschalen Gekochte sowie ungekochte Essensreste Kaffee- und Teefilter Kleintierstreu aus Heu u. Stroh Was darf nicht in die Biotonne? Katzenstreu Problemmüll Holz- und Kohlenasche kompostierbare und andere Plastiktüten alle Arten von Plastik-Verpackungen Kompostierbare Biomüllbeutel oder Zeitungspapier? Kompostierbare Biomüllbeutel – auch Bioplastiktüten oder kompostierbare Ku,regex_include_exclude
[7],Germany - Bamberg - Stadt Bamberg / Biomüll municipal sorting rule,Certification and Approval Basis,Generic compostable/biodegradable wording only,\b(compostable|biodegradable|industrially\s+compostable|certified\s+compostable|composteerbaar\w*|kompostierbar\w*|compostabil\w*|biod[ée]gradable\w*|biohajoava|kompostoituva|biolagunev\w*|biolo[šs]ko\s+razgradljiv\w*|kompostowaln\w*|biodegradowaln\w*)\b,kompostierbare,nsreste Kaffee- und Teefilter Kleintierstreu aus Heu u. Stroh Was darf nicht in die Biotonne? Katzenstreu Problemmüll Holz- und Kohlenasche kompostierbare und andere Plastiktüten alle Arten von Plastik-Verpackungen Kompostierbare Biomüllbeutel oder Zeitungspapier? Kompostierbare Biomüllbeutel,regex_include_exclude
[7],Germany - Bamberg - Stadt Bamberg / Biomüll municipal sorting rule,Rejection Rationale,Compost/digestate quality or contamination concern,(mikroplastik|fremdstoff|st[öo]rstoff|vervuiling|verontreiniging|schone\s+compost|kwaliteit|schadelijke\s+stoffen|compostkwaliteit|bodem|meststof|fertilisant|engrais|qualit[ée]|inquinant|퇴비|비료|품질),störstoff,"ktüten unterschieden werden könne, zum anderen, da der Zersetzungsprozess von Biomüllbeuteln zu langsam von statten geht, so dass diese als Störstoffe im fertigen Kompost in Erscheinung treten. Alternativen zu kompostierbaren Biomüllbeutel Aufgrund der vielfältigen Probleme, die kompostie",regex_include_exclude
[8],Germany - Cologne / Köln - AWB Köln / AVG Niehl Composting Facility / waste-company guidance,Source Authority,Waste operator or treatment-facility rule,,,Germany - Cologne / Köln - AWB Köln / AVG Niehl Composting Facility / waste-company guidance | Zum Inhalt der Seite springen. | https://www.awbkoeln.de/biotonne-fuer-uns,source_label_priority
[8],Germany - Cologne / Köln - AWB Köln / AVG Niehl Composting Facility / waste-company guidance,Stated Organic-waste Treatment Route,Composting,\b(composting|compost\s+facility|industrial\s+compost|in[- ]?vessel\s+compost|IVC|compostage|compostaggio|compostaje|compostagem|kompostierung|kompostering|kompostointi|kompostiranje|composteerinstallatie|composteerbaar|kompostownia|κομποστοποίηση|κομπόστ|堆肥化|堆肥|퇴비화|퇴비|kompostitav\w*)\b,composting,Germany - Cologne / Köln - AWB Köln / AVG Niehl Composting Facility / waste-company guidance | Zum Inhalt der Seite springen. | https://www.awbkoeln.de/biotonne-fuer-uns Zum Inhalt der Seite springe,regex_include_exclude
[8],Germany - Cologne / Köln - AWB Köln / AVG Niehl Composting Facility / waste-company guidance,Acceptance,Rejected,"(plastik|kunststoff|bioplastik|biokunststoff|kompostierbare?\w*\s+(biobeutel|beutel|t[üu]ten)|verpackungen|folien|t[üu]ten).{0,180}(d[üu]rfen\s+nicht|geh[öo]ren\s+nicht|nicht\s+in\s+(die\s+)?biotonne|darf\s+nicht\s+rein|kein\s+plastik|verboten|nicht\s+ausreichend)","plastiktüte anschließend in der restmülltonne werfen. achtung: plastiktüten, auch solche die den hinweis ""kompostierbar"" enthalten, gehören in köln nicht in die biotonne","n Zeitungspapier sammeln. Sie können den Bioabfall auch in Plastiktüten sammeln, wenn Sie diese ohne Tüte in die Biotonne entleeren und die Plastiktüte anschließend in der Restmülltonne werfen. Achtung: Plastiktüten, auch solche die den Hinweis ""kompostierbar"" enthalten, gehören in Köln nicht in die Biotonne! Was darf in die Biotonne? In die Biotonne dürfen: alle organischen Abfälle aus der Küche und dem Garten alle Essens- und Speisereste, roh",regex_include_exclude
[8],Germany - Cologne / Köln - AWB Köln / AVG Niehl Composting Facility / waste-company guidance,Certification and Approval Basis,Generic compostable/biodegradable wording only,\b(compostable|biodegradable|industrially\s+compostable|certified\s+compostable|composteerbaar\w*|kompostierbar\w*|compostabil\w*|biod[ée]gradable\w*|biohajoava|kompostoituva|biolagunev\w*|biolo[šs]ko\s+razgradljiv\w*|kompostowaln\w*|biodegradowaln\w*)\b,kompostierbar,"in die Biotonne entleeren und die Plastiktüte anschließend in der Restmülltonne werfen. Achtung: Plastiktüten, auch solche die den Hinweis ""kompostierbar"" enthalten, gehören in Köln nicht in die Biotonne! Was darf in die Biotonne? In die Biotonne dürfen: alle organischen Abfälle aus der Küche",regex_include_exclude
[8],Germany - Cologne / Köln - AWB Köln / AVG Niehl Composting Facility / waste-company guidance,Rejection Rationale,Compost/digestate quality or contamination concern,(mikroplastik|fremdstoff|st[öo]rstoff|vervuiling|verontreiniging|schone\s+compost|kwaliteit|schadelijke\s+stoffen|compostkwaliteit|bodem|meststof|fertilisant|engrais|qualit[ée]|inquinant|퇴비|비료|품질),fremdstoff,"Tonne bei Fehlbefüllung stehen? Im Rahmen der Qualitätssicherung werden ab dem 01.05.2024 Sichtkontrollen im Pilotgebiet durchgeführt. Sind Fremdstoffe in der Biotonne enthalten, wird die entsprechende Biotonne nicht geleert und von der AWB gekennzeichnet. Was ist zu tun, wenn meine Bioton",regex_include_exclude
[9],Netherlands - National - Milieu Centraal / government-backed sorting guidance,Source Authority,National rule or policy,,,Netherlands - National - Milieu Centraal / government-backed sorting guidance | You are here: | https://www.milieucentraal.nl/minder-afval/afval-scheiden/welk-afval-waar/,source_label_priority
[9],Netherlands - National - Milieu Centraal / government-backed sorting guidance,Stated Organic-waste Treatment Route,Treatment route not stated,\b(brown\s*bin|green\s*cart|organic\s*waste\s*collection|food\s*waste\s*collection|food\s*scraps?\s*(?:bin|collection)|bio[- ]?waste\s*collection|biowaste\s*collection|FOGO|GFT|biotonne|bioabfall|contenedor\s+marr[oó]n|contentor\s+castanho|bac\s+brun|rifiut[io]\s+organic[io]|umido|maisto\s+atliek|bioj[äa]te|madaffald|matavfall|bioodpad|pojemnik\s+bio|kitchen\s*waste\s*collection)\b,gft,"in de Afvalscheidingswijzer! Vind de juiste bak Wat mag in welke afvalbak? Afvalscheiding is populair: veel mensen scheiden glas, papier en gft. Mogen kattenbakkorrels en lucifers in de gft-bak? En waarom mag kristalglas niet in de glasbak? We zetten het op een rij. Een vensterenvel",regex_include_exclude
[9],Netherlands - National - Milieu Centraal / government-backed sorting guidance,Acceptance,Rejected,"(ikke|inte|må\s+ikke|skal\s+ikke|ei|ei\s+saa|ei\s+kuulu).{0,180}(komposterbar\w*|bioposer|bioplast|plast|biohajoava\w*|kompostoituva\w*|muovipakkauk\w*|kertak[äa]ytt[öo]astia)","ein snoeiafval. maar niet: kattenbakvulling, bioplast","oont wat er wel en niet in een bepaalde afvalbak mag. In de groente-, fruit- en tuinafvalbak mag wel: etensrestjes, botjes, koffieprut en klein snoeiafval. Maar niet: kattenbakvulling, bioplastics, luiers en kaaskorsten. In de papierbak mag droog wel: kranten, enveloppen, kartonnen dozen en folders & tijdschriften. Maar niet: pizza",regex_include_exclude
[9],Netherlands - National - Milieu Centraal / government-backed sorting guidance,Certification and Approval Basis,No named standard/approval stated,,,,fallback_default
[9],Netherlands - National - Milieu Centraal / government-backed sorting guidance,Rejection Rationale,Reason not explicitly stated,,,,fallback_default
[10],Netherlands - HVC service area - HVC / waste-management company guidance,Source Authority,Waste operator or treatment-facility rule,,,Netherlands - HVC service area - HVC / waste-management company guidance | Schoon gft-afval = schoon compost | https://www.hvcgroep.nl/ons-verhaal/nieuws/gft-en-etensresten-hou-het-schoon,source_label_priority
[10],Netherlands - HVC service area - HVC / waste-management company guidance,Stated Organic-waste Treatment Route,Composting,\b(composting|compost\s+facility|industrial\s+compost|in[- ]?vessel\s+compost|IVC|compostage|compostaggio|compostaje|compostagem|kompostierung|kompostering|kompostointi|kompostiranje|composteerinstallatie|composteerbaar|kompostownia|κομποστοποίηση|κομπόστ|堆肥化|堆肥|퇴비화|퇴비|kompostitav\w*)\b,composteerbaar,"an tijdschriften: ze zijn steeds vaker van bioplastic. Bioplastic wordt gemaakt van mais, suikerriet of aardappels. Enkele hebben het label composteerbaar, maar in de praktijk duurt het composteren van deze artikelen langer dan het proces in de composteerinstallaties: het blijft er dus als pla",regex_include_exclude
[10],Netherlands - HVC service area - HVC / waste-management company guidance,Acceptance,Collection liners only,"(?:uitzondering|speciaal\s+gft[- ]?zakje|gft[- ]?zakje|gfe\+?t[- ]?zakje|biozakje|composteerbaar\w*\s+zakje).{0,160}\b(?:mag\s+w[eé]l|mag|toegestaan|gebruiken|gebruik|in\s+(?:de\s+)?gft|in\s+(?:de\s+)?groene\s+container)\b",uitzondering: speciaal gft-zakje er is één handige uitzondering… misschien gebruik,"verpakkingen bij gft en etensresten, ook niet als ze zijn gemaakt van (composteerbare) bioplastics. Deze laatsten horen bij het restafval. Uitzondering: speciaal gft-zakje Er is één handige uitzondering… Misschien gebruik je in de keuken een biologisch afbreekbaar gft-zakje met Kiemplantlogo of OK Compostlogo om jouw etensresten mee in te zamelen? Zo'n zakje",regex_include_exclude_context_checked
[10],Netherlands - HVC service area - HVC / waste-management company guidance,Certification and Approval Basis,EN 13432 / OK compost / Seedling,\bseedling\b|\bkeimling\b|\bkiemplant(?:logo)?\b,kiemplantlogo,"Uitzondering: speciaal gft-zakje Er is één handige uitzondering… Misschien gebruik je in de keuken een biologisch afbreekbaar gft-zakje met Kiemplantlogo of OK Compostlogo om jouw etensresten mee in te zamelen? Zo'n zakje mag wél, met inhoud en al, in de gft-bak. Deze zakjes zorgen er namelij",regex_include_exclude
[10],Netherlands - HVC service area - HVC / waste-management company guidance,Rejection Rationale,Slow degradation / residence-time mismatch,"(rottezeit|zersetzungszeit|nicht\s+sicher\s+vollst[äa]ndig\s+biologisch\s+abgebaut|langer\s+dan\s+het\s+proces|proces\s+te\s+kort|te\s+langzaam\s+af|breekt\s+te\s+langzaam|langzaam\s+afbre|biohajoava.{0,80}hidas|hitaan\s+maatumis|ikke\s+brytes\s+ned|brytes\s+ikke\s+ned|inte\s+bryts\s+ner|för\s+långsamt|nedbrytning|분해|퇴비화할|可降解塑料袋.{0,80}降解的速度比厨余垃圾慢)",langer dan het proces,"kt van mais, suikerriet of aardappels. Enkele hebben het label composteerbaar, maar in de praktijk duurt het composteren van deze artikelen langer dan het proces in de composteerinstallaties: het blijft er dus als plastic in zitten. En naast bioplastic is er ook nog gewoon plastic (gemaakt van aardol",regex_include_exclude
[11],Netherlands - Roosendaal / Saver service area - Saver NV / waste-company guidance,Source Authority,Waste operator or treatment-facility rule,,,Netherlands - Roosendaal / Saver service area - Saver NV / waste-company guidance | Hoe gebruik ik composteerbare zakjes? | Saver | https://saver.nl/nieuws-gebruik-composteerbare-zakjes,source_label_priority
[11],Netherlands - Roosendaal / Saver service area - Saver NV / waste-company guidance,Stated Organic-waste Treatment Route,Composting,\b(composting|compost\s+facility|industrial\s+compost|in[- ]?vessel\s+compost|IVC|compostage|compostaggio|compostaje|compostagem|kompostierung|kompostering|kompostointi|kompostiranje|composteerinstallatie|composteerbaar|kompostownia|κομποστοποίηση|κομπόστ|堆肥化|堆肥|퇴비화|퇴비|kompostitav\w*)\b,composteerbaar,thuiscompostering gebruikt kunnen worden. Koop je zelf zakjes in de supermarkt dan adviseren wij om eerst goed de verpakking te lezen op de composteerbaarheid van de zakjes. Mag ik ook andere zakjes gebruiken? Natuurlijk mag je ook andere zakjes gebruiken. Als je deze zakjes met je GFT+E-afval,regex_include_exclude
[11],Netherlands - Roosendaal / Saver service area - Saver NV / waste-company guidance,Acceptance,Collection liners only,"(bioj[äa]te|matavfall|food\s*waste|gft|gfe\+?t).{0,180}(compostable|composteerbare?\w*|biologisch\s+afbreekbare?\w*|biohajoava\w*|komposterbar\w*|paper|papieren?)\s+(bag|liner|pussi|zak|zakje|pose)s?","gft+e-afval in de groene container gooit, moeten dit wel composteerbare zak","posteerbaarheid van de zakjes. Mag ik ook andere zakjes gebruiken? Natuurlijk mag je ook andere zakjes gebruiken. Als je deze zakjes met je GFT+E-afval in de groene container gooit, moeten dit wel composteerbare zakjes zijn. Let er dus bij het kopen van de zakjes op dat dit logo op de verpakking staat. Geeft Saver naast de PBD- zakken ook composteerbare",regex_include_exclude_context_checked
[11],Netherlands - Roosendaal / Saver service area - Saver NV / waste-company guidance,Certification and Approval Basis,Generic compostable/biodegradable wording only,\b(compostable|biodegradable|industrially\s+compostable|certified\s+compostable|composteerbaar\w*|kompostierbar\w*|compostabil\w*|biod[ée]gradable\w*|biohajoava|kompostoituva|biolagunev\w*|biolo[šs]ko\s+razgradljiv\w*|kompostowaln\w*|biodegradowaln\w*)\b,composteerbaarheid,thuiscompostering gebruikt kunnen worden. Koop je zelf zakjes in de supermarkt dan adviseren wij om eerst goed de verpakking te lezen op de composteerbaarheid van de zakjes. Mag ik ook andere zakjes gebruiken? Natuurlijk mag je ook andere zakjes gebruiken. Als je deze zakjes met je GFT+E-afval in,regex_include_exclude
[11],Netherlands - Roosendaal / Saver service area - Saver NV / waste-company guidance,Rejection Rationale,Reason not explicitly stated,,,,fallback_default
[12],Netherlands - National - VANG-HHA / Rijkswaterstaat-linked guidance / national government guidance,Source Authority,National rule or policy,,,Netherlands - National - VANG-HHA / Rijkswaterstaat-linked guidance / national government guidance | --- Page 1 --- | https://vang-hha.nl/publish/pages/195563/qena-wat-mag-wel-en-niet-in-de-afvalbak-120324.pdf,source_label_priority
[12],Netherlands - National - VANG-HHA / Rijkswaterstaat-linked guidance / national government guidance,Stated Organic-waste Treatment Route,AD/biogas + composting,"\b(anaerobic\s+digestion|\bAD\b|biogas|biomethane|methani[sz]ation|m[ée]thanisation|biom[ée]thanisation|verg[äa]rung|vergisting|r[öo]tning|digestate|biog[öo]dsel|biog[øo]dning)\b.{0,180}\b(compost|composting|kompost|compostaggio|compostaje|compostagem|kompostering|kompostointi|kompostiranje|κομποστοποίηση|堆肥|퇴비)",biogas. steentjes: voegen niets toe aan compost,"te voorkomen mag geen enkele bloempot in de gft-bak. Restafval. Mooie potten: weggeven via internet of kringloop Steen, steentjes, grind, zand, grond, klei Zand en grond: voegen niks toe aan com- post en leveren geen biogas. Steentjes: Voegen niets toe aan compost en leveren geen biogas. Het is een stoor- stof die eruit",regex_include_exclude
[12],Netherlands - National - VANG-HHA / Rijkswaterstaat-linked guidance / national government guidance,Acceptance,Rejected,"(niet\s+in\s+(de\s+)?gft|mag\s+niet\s+(in|bij)|niet\s+bij\s+(het\s+)?gft|gooi\s+nooit|hoort\s+niet\s+in|niet\s+toegestaan).{0,200}(bioplastic|composteerbaar\w*|biologisch\s+afbreekbaar\w*|verpakking\w*|plastic|wegwerpbestek|borden|bekers|zakjes?)",hoort niet in de gft-bak? wel/niet gft-afval | q&a: wat mag wel en niet in de gft-bak | juni 2020 --- page 6 --- afvalfractie toelichting speciale composteerbare gft-inzamelzakken qua composteerbare verpakkingen,"ken heeft compos- teerbare koffiecupjes: die mogen niet in de biobak, maar horen bij het restafval. Kauwgom Kauwgom bestaat grotendeels uit een onverteerbaar aardoliederivaat. Restafval. Keukenafval Wat hoort niet in de gft-bak? Wel/niet gft-afval | Q&A: Wat mag wel en niet in de gft-bak | Juni 2020 --- Page 4 --- Afvalfractie Toelichting Bloemen en planten Inclusief aan planten aanhangende potgrond (kleine hoeveelhe- den). Klein/fijn snoeiafval, loof, gemaaid gras en bladeren Tuin",regex_include_exclude
[12],Netherlands - National - VANG-HHA / Rijkswaterstaat-linked guidance / national government guidance,Certification and Approval Basis,EN 13432 / OK compost / Seedling,\bok\s*compost(?!\s*home)\b,ok compost,"lk- pak met schroefdop) en bij het restafval te doen. Olie blijft namelijk overal aan vastplakken en vervuilt de biobak. Kaaskorst Een kaaskorst bevat vaak plastic. Restafval . Koffiecups, ook composteerbare Koffiecups zijn doorgaans van aluminium of plastic gemaakt. Het verschil tusse",regex_include_exclude
[12],Netherlands - National - VANG-HHA / Rijkswaterstaat-linked guidance / national government guidance,Rejection Rationale,Compost/digestate quality or contamination concern,\b(compost\s+quality|digestate\s+quality|microplastic|microplastics|contamination|contaminant|foreign\s+matter|residue|pollutant|clean\s+compost|soil|agricultural\s+use|quality\s+standard|fertiliser|fertilizer|impurity|physical\s+contamination|quality\s+control|nutrient|nutritional\s+value|soil\s+amendment)\b,microplastics,"afvalstoffen, bevat schadelijke stoffen als dioxines; • Ook onvolledig verbrand hout bevat dioxines. Restafval. Haren, nagels en pluizen (uit de wasdroger of van textiel) Haar verteert uiteindelijk wel, maar niet snel genoeg voor de composteringsin- stallaties waar ons gft-afval naarto",regex_include_exclude
[13],Netherlands - Maashorst - Gemeente Maashorst / municipal sorting rule,Source Authority,Municipal sorting rule,,,Netherlands - Maashorst - Gemeente Maashorst / municipal sorting rule | Voorlezen | https://www.gemeentemaashorst.nl/inwoners/afval/tips/wat-mag-niet-in-de-gfte-container/,source_label_priority
[13],Netherlands - Maashorst - Gemeente Maashorst / municipal sorting rule,Stated Organic-waste Treatment Route,Composting,\b(composting|compost\s+facility|industrial\s+compost|in[- ]?vessel\s+compost|IVC|compostage|compostaggio|compostaje|compostagem|kompostierung|kompostering|kompostointi|kompostiranje|composteerinstallatie|composteerbaar|kompostownia|κομποστοποίηση|κομπόστ|堆肥化|堆肥|퇴비화|퇴비|kompostitav\w*)\b,composteerbaar,"t je per ongeluk jarenlang iets bij je GFT+E hebt gegooid, terwijl dat niet mocht? Composteerbare producten Je zou denken dat spullen zoals composteerbaar wegwerpbestek of biologisch afbreekbare verpakkingen juist wél in de GFT+E-container mogen. Maar dat is niet zo. Composteerbaar plastic hoo",regex_include_exclude
[13],Netherlands - Maashorst - Gemeente Maashorst / municipal sorting rule,Acceptance,Rejected,"(niet\s+in\s+(de\s+)?gft|mag\s+niet\s+(in|bij)|niet\s+bij\s+(het\s+)?gft|gooi\s+nooit|hoort\s+niet\s+in|niet\s+toegestaan).{0,200}(bioplastic|composteerbaar\w*|biologisch\s+afbreekbaar\w*|verpakking\w*|plastic|wegwerpbestek|borden|bekers|zakjes?)",niet in de gft+e-bak én ook niet bij het plastic,"n je keukenafval. Let op: Staat er op een verpakking ""composteerbaar"" of ""biologisch afbreekbaar"", maar zie je geen keurmerk? Dan hoort het niet in de GFT+E-bak én ook niet bij het plastic (PBD). Gooi het dan bij het restafval. Kattenbakkorrels Kattenbakkorrels – ook wel kattengrit of kattengrind genoemd – horen niet thuis in",regex_include_exclude
[13],Netherlands - Maashorst - Gemeente Maashorst / municipal sorting rule,Certification and Approval Basis,EN 13432 / OK compost / Seedling,\bseedling\b|\bkeimling\b|\bkiemplant(?:logo)?\b,kiemplantlogo,"stoffen in. Daarom moeten deze producten gewoon bij het restafval. Wat mag dan wél? Alleen gft-zakjes met een speciaal keurmerk, zoals het Kiemplantlogo of OK compostlogo, mogen in de GFT+E-container. Die zakjes zijn speciaal gemaakt om goed mee te composteren, bevatten geen schadelijke stof",regex_include_exclude
[13],Netherlands - Maashorst - Gemeente Maashorst / municipal sorting rule,Rejection Rationale,Slow degradation / residence-time mismatch,"(rottezeit|zersetzungszeit|nicht\s+sicher\s+vollst[äa]ndig\s+biologisch\s+abgebaut|langer\s+dan\s+het\s+proces|proces\s+te\s+kort|te\s+langzaam\s+af|breekt\s+te\s+langzaam|langzaam\s+afbre|biohajoava.{0,80}hidas|hitaan\s+maatumis|ikke\s+brytes\s+ned|brytes\s+ikke\s+ned|inte\s+bryts\s+ner|för\s+långsamt|nedbrytning|분해|퇴비화할|可降解塑料袋.{0,80}降解的速度比厨余垃圾慢)",breekt te langzaam,kbare verpakkingen juist wél in de GFT+E-container mogen. Maar dat is niet zo. Composteerbaar plastic hoort níet in de GFT+E-container. Het breekt te langzaam afbreekt en er zitten nog schadelijke stoffen in. Daarom moeten deze producten gewoon bij het restafval. Wat mag dan wél? Alleen gft-zakjes,regex_include_exclude
[14],Netherlands - Hoeksche Waard / BAR area - RAD / waste-company guidance,Source Authority,Waste operator or treatment-facility rule,,,Netherlands - Hoeksche Waard / BAR area - RAD / waste-company guidance | Gft | https://www.radbv.nl/gft/,source_label_priority
[14],Netherlands - Hoeksche Waard / BAR area - RAD / waste-company guidance,Stated Organic-waste Treatment Route,AD/biogas + composting,"\b(anaerobic\s+digestion|\bAD\b|biogas|biomethane|methani[sz]ation|m[ée]thanisation|biom[ée]thanisation|verg[äa]rung|vergisting|r[öo]tning|digestate|biog[öo]dsel|biog[øo]dning)\b.{0,180}\b(compost|composting|kompost|compostaggio|compostaje|compostagem|kompostering|kompostointi|kompostiranje|κομποστοποίηση|堆肥|퇴비)","biogas gemaakt! dus gooi je schillen, etensresten en klein snoeiafval in de groene bak. wist je dat twee derde van het gft meteen tot compost","s groente-, fruit- en tuinafval (gft). Door dit afval goed te scheiden, kunnen we er iets moois mee doen. Van gft wordt namelijk compost én biogas gemaakt! Dus gooi je schillen, etensresten en klein snoeiafval in de groene bak. Wist je dat twee derde van het gft meteen tot compost wordt verwerkt? Bijna een derde wordt vergist, en dat levert naast compost ook biogas op. Compost is hartstikke nuttig: boeren, tuinbouwers",regex_include_exclude
[14],Netherlands - Hoeksche Waard / BAR area - RAD / waste-company guidance,Acceptance,Rejected,"(niet\s+in\s+(de\s+)?gft|mag\s+niet\s+(in|bij)|niet\s+bij\s+(het\s+)?gft|gooi\s+nooit|hoort\s+niet\s+in|niet\s+toegestaan).{0,200}(bioplastic|composteerbaar\w*|biologisch\s+afbreekbaar\w*|verpakking\w*|plastic|wegwerpbestek|borden|bekers|zakjes?)","niet bij gft keukenafval frituurvet en olie kaaskorsten kauwgom koffiecups, ook composteerbare verpakkingen","elzakken met kiemplant-logo Papier gebruikt om bijv. etensresten op te vegen, zoals keukenpapier, servetten, wc-papier, papieren zakdoekjes Niet bij gft Keukenafval Frituurvet en olie Kaaskorsten Kauwgom Koffiecups, ook composteerbare Verpakkingen van wat voor materiaal dan ook Fijn tuinafval Bestrijdingsmiddelen Timmerhout, balken Hydrokorrels Kunstmest Puin Zand, grond, grind Wortel",regex_include_exclude
[14],Netherlands - Hoeksche Waard / BAR area - RAD / waste-company guidance,Certification and Approval Basis,EN 13432 / OK compost / Seedling,\bok\s*compost(?!\s*home)\b,ok compost,"zoals keukenpapier, servetten, wc-papier, papieren zakdoekjes Niet bij gft Keukenafval Frituurvet en olie Kaaskorsten Kauwgom Koffiecups, ook composteerbare Verpakkingen van wat voor materiaal dan ook Fijn tuinafval Bestrijdingsmiddelen Timmerhout, balken Hydrokorrels Kunstmest Puin Zand,",regex_include_exclude
[14],Netherlands - Hoeksche Waard / BAR area - RAD / waste-company guidance,Rejection Rationale,Compost/digestate quality or contamination concern,(mikroplastik|fremdstoff|st[öo]rstoff|vervuiling|verontreiniging|schone\s+compost|kwaliteit|schadelijke\s+stoffen|compostkwaliteit|bodem|meststof|fertilisant|engrais|qualit[ée]|inquinant|퇴비|비료|품질),bodem,"ordt vergist, en dat levert naast compost ook biogas op. Compost is hartstikke nuttig: boeren, tuinbouwers en gemeenten gebruiken het om de bodem te verbeteren. Je kunt zelfs 1x per jaar gratis compost bij ons ophalen voor in je eigen tuin! 🌱 Gooi je gft bij het restafval, dan wordt h",regex_include_exclude
[15],Netherlands - Limburg South - RD4 / waste-company guidance,Source Authority,Waste operator or treatment-facility rule,,,Netherlands - Limburg South - RD4 / waste-company guidance | Direct naar de inhoud | https://rd4.nl/biozak,source_label_priority
[15],Netherlands - Limburg South - RD4 / waste-company guidance,Stated Organic-waste Treatment Route,Treatment route not stated,\b(brown\s*bin|green\s*cart|organic\s*waste\s*collection|food\s*waste\s*collection|food\s*scraps?\s*(?:bin|collection)|bio[- ]?waste\s*collection|biowaste\s*collection|FOGO|GFT|biotonne|bioabfall|contenedor\s+marr[oó]n|contentor\s+castanho|bac\s+brun|rifiut[io]\s+organic[io]|umido|maisto\s+atliek|bioj[äa]te|madaffald|matavfall|bioodpad|pojemnik\s+bio|kitchen\s*waste\s*collection)\b,gft,n Scholenbezoek Rd4-app Kun je niet vinden wat je zoekt? Veelgestelde vragen Service en contact Mijn Rd4 Mijn gemeente kies uw gemeente bij GFT-afval Gebruik van biozakken Het is toegestaan om speciale biozakjes te gebruiken voor je GFT-afval. Let altijd goed op dat je het juiste za,regex_include_exclude
[15],Netherlands - Limburg South - RD4 / waste-company guidance,Acceptance,Rejected,"(niet\s+in\s+(de\s+)?gft|mag\s+niet\s+(in|bij)|niet\s+bij\s+(het\s+)?gft|gooi\s+nooit|hoort\s+niet\s+in|niet\s+toegestaan).{0,200}(bioplastic|composteerbaar\w*|biologisch\s+afbreekbaar\w*|verpakking\w*|plastic|wegwerpbestek|borden|bekers|zakjes?)",niet toegestaan. het maakt daarbij niet uit of het wel goed op de verpakking van de zakjes,"pier zijn toegestaan, als tenminste één van de twee logo's erop staan. Duidelijk te zien Zakjes waar dit niet duidelijk op te zien is, zijn niet toegestaan. Het maakt daarbij niet uit of het wel goed op de verpakking van de zakjes staat aangegeven. Het gaat erom dat onze beladers tijdens de inzameling moeten kunnen zien dat het om een goedgekeurde zak of zakje gaat. N",regex_include_exclude
[15],Netherlands - Limburg South - RD4 / waste-company guidance,Certification and Approval Basis,EN 13432 / OK compost / Seedling,\bok\s*compost(?!\s*home)\b,ok compost,worden. Welke biozakken mag je wél gebruiken? Composteerbare biozak kleiner dan 120 liter Alleen toegestaan als er een kiemplantlogo óf een OK compost logo op staat: Composteerbare biozak groter dan 120 liter Alleen toegestaan als er een kiemplantlogo én OK compost logo op staat: Ook compo,regex_include_exclude
[15],Netherlands - Limburg South - RD4 / waste-company guidance,Rejection Rationale,Reason not explicitly stated,,,,fallback_default
[16],Netherlands - Rotterdam - Gemeente Rotterdam / municipal sorting rule,Source Authority,Municipal sorting rule,,,Netherlands - Rotterdam - Gemeente Rotterdam / municipal sorting rule | Leestijd: 8 min | https://www.rotterdam.nl/groente-fruit-en-etensresten-en-tuinafval,source_label_priority
[16],Netherlands - Rotterdam - Gemeente Rotterdam / municipal sorting rule,Stated Organic-waste Treatment Route,AD/biogas + composting,"\b(anaerobic\s+digestion|\bAD\b|biogas|biomethane|methani[sz]ation|m[ée]thanisation|biom[ée]thanisation|verg[äa]rung|vergisting|r[öo]tning|digestate|biog[öo]dsel|biog[øo]dning)\b.{0,180}\b(compost|composting|kompost|compostaggio|compostaje|compostagem|kompostering|kompostointi|kompostiranje|κομποστοποίηση|堆肥|퇴비)",biogas). we kunnen er dus niet veel mee. in rotterdam willen we juist meer met het afval doen en afval hoogwaardig verwerken ( circulair ). voor gfe+t is dat compost,"n door bewoners en niet door een scheidingsinstallatie het gfe+t uit het restafval te laten halen? Door vocht in afval van gfe+t kunnen machines geen goede kwaliteit gfe+t uit restafval halen. Het materiaal dat machines uit het restafval halen is alleen geschikt voor laagwaardige toepassingen, zoals het maken van groene stroom (biogas). We kunnen er dus niet veel mee. In Rotterdam willen we juist meer met het afval doen en afval hoogwaardig",regex_include_exclude
[16],Netherlands - Rotterdam - Gemeente Rotterdam / municipal sorting rule,Acceptance,Rejected,"(ikke|inte|må\s+ikke|skal\s+ikke|ei|ei\s+saa|ei\s+kuulu).{0,180}(komposterbar\w*|bioposer|bioplast|plast|biohajoava\w*|kompostoituva\w*|muovipakkauk\w*|kertak[äa]ytt[öo]astia)","eierschalen • graten • botjes • doppen van pinda's en noten • schelpen (mossel, oester) • kaas (zonder plast","gfe+t-container gooien? Keukenafval: wel. • groente-, fruit- en snijresten en schillen (zonder stickers of folies) • vlees- en visresten • eierschalen • graten • botjes • doppen van pinda’s en noten • schelpen (mossel, oester) • kaas (zonder plastic korsten) • brood • rijst • deeg • pasta • koffiedik • koffiefilters • koffiepads • theebl",regex_include_exclude
[16],Netherlands - Rotterdam - Gemeente Rotterdam / municipal sorting rule,Certification and Approval Basis,EN 13432 / OK compost / Seedling,\bseedling\b|\bkeimling\b|\bkiemplant(?:logo)?\b,kiemplantlogo,"hee • theezakjes • etensresten (gekookt of ongekookt, kliekjes) • jus en bakvet Tip: gebruik biologisch afbreekbare zakjes om uw schillen en etensresten in te gooien. U herkent ze aan het kiemplantlogo. Tip: maak een pan met vetresten schoon met keukenpapier. Keukenpapier met vetrest",regex_include_exclude
[16],Netherlands - Rotterdam - Gemeente Rotterdam / municipal sorting rule,Rejection Rationale,Compost/digestate quality or contamination concern,(mikroplastik|fremdstoff|st[öo]rstoff|vervuiling|verontreiniging|schone\s+compost|kwaliteit|schadelijke\s+stoffen|compostkwaliteit|bodem|meststof|fertilisant|engrais|qualit[ée]|inquinant|퇴비|비료|품질),kwaliteit,kliko) voor gfe+t niet is geleegd? Als uw huiscontainer (kliko) op de ophaaldag niet is geleegd belt u dan met 14 010. Waarom kiest Rotterdam ervoor om gfe+t te laten scheiden door bewoners en niet door een scheidingsinstallatie het gfe+t uit het restafval te laten halen? Door vocht in af,regex_include_exclude
[17],Netherlands - Twente Region - Twente Milieu / waste-company guidance,Source Authority,Waste operator or treatment-facility rule,,,"Netherlands - Twente Region - Twente Milieu / waste-company guidance | Wel/niet lijst voor gft-afval (GFT, GFT-E, GFE) | https://vang-hha.nl/",source_label_priority
[17],Netherlands - Twente Region - Twente Milieu / waste-company guidance,Stated Organic-waste Treatment Route,Composting,\b(composting|compost\s+facility|industrial\s+compost|in[- ]?vessel\s+compost|IVC|compostage|compostaggio|compostaje|compostagem|kompostierung|kompostering|kompostointi|kompostiranje|composteerinstallatie|composteerbaar|kompostownia|κομποστοποίηση|κομπόστ|堆肥化|堆肥|퇴비화|퇴비|kompostitav\w*)\b,composteerbaar,"erig Niet Metalen zoals ijzer, blik, aluminium Glas Grote stukken of hoeveelheden papier, karton Producten en verpakkingen van plastic, ook niet van bioplastic of composteerbaar plastic (Wegwerp)producten en verpakkingen van natuurlijke materialen, zoals plantenpotten, bakjes, borden, bestek e",regex_include_exclude
[17],Netherlands - Twente Region - Twente Milieu / waste-company guidance,Acceptance,Rejected,niet\s+verpakkingen\s+en\s+wegwerpproducten\s+van\s+wat\s+voor\s+materiaal\s+dan\s+ook,niet verpakkingen en wegwerpproducten van wat voor materiaal dan ook,"theezakjes, koffiefilters, koffiepads Strooisel (hooi, stro, zaagsel) van kleine knaagdieren, met hun poep Bloemen en planten Fijn tuinafval Niet Verpakkingen en wegwerpproducten van wat voor materiaal dan ook Kauwgom Luiers, incontinentiemateriaal Koffiecups, ook composteerbare Kattenbakvulling, vogelkooizand, dode dieren Tabak, peuken, as Po",regex_include_exclude
[17],Netherlands - Twente Region - Twente Milieu / waste-company guidance,Certification and Approval Basis,Generic compostable/biodegradable wording only,\b(compostable|biodegradable|industrially\s+compostable|certified\s+compostable|composteerbaar\w*|kompostierbar\w*|compostabil\w*|biod[ée]gradable\w*|biohajoava|kompostoituva|biolagunev\w*|biolo[šs]ko\s+razgradljiv\w*|kompostowaln\w*|biodegradowaln\w*)\b,composteerbaar,"erig Niet Metalen zoals ijzer, blik, aluminium Glas Grote stukken of hoeveelheden papier, karton Producten en verpakkingen van plastic, ook niet van bioplastic of composteerbaar plastic (Wegwerp)producten en verpakkingen van natuurlijke materialen, zoals plantenpotten, bakjes, borden, bestek e",regex_include_exclude
[17],Netherlands - Twente Region - Twente Milieu / waste-company guidance,Rejection Rationale,Reason not explicitly stated,,,,fallback_default
[18],Belgium - Flanders - OVAM / regional government guidance,Source Authority,"State, provincial, regional, or canton rule",,,Belgium - Flanders - OVAM / regional government guidance | Bioplastics | https://ovam.vlaanderen.be/bioplastics,source_label_priority
[18],Belgium - Flanders - OVAM / regional government guidance,Stated Organic-waste Treatment Route,Composting,\b(composting|compost\s+facility|industrial\s+compost|in[- ]?vessel\s+compost|IVC|compostage|compostaggio|compostaje|compostagem|kompostierung|kompostering|kompostointi|kompostiranje|composteerinstallatie|composteerbaar|kompostownia|κομποστοποίηση|κομπόστ|堆肥化|堆肥|퇴비화|퇴비|kompostitav\w*)\b,composteerbaar,"assa (biogebaseerde plastics), organische stoffen, CO2 of CH4 (in plaats van aardolie). De eigenschap van het materiaal: biodegradeerbaar of composteerbaar. De oorsprong van het materiaal en de eigenschappen ervan staan volledig los van mekaar. Biodegradeerbare plastics zijn niet noodzakelijk",regex_include_exclude
[18],Belgium - Flanders - OVAM / regional government guidance,Acceptance,Rejected,"(ikke|inte|må\s+ikke|skal\s+ikke|ei|ei\s+saa|ei\s+kuulu).{0,180}(komposterbar\w*|bioposer|bioplast|plast|biohajoava\w*|kompostoituva\w*|muovipakkauk\w*|kertak[äa]ytt[öo]astia)","eite is bioplastic geen type plastic, maar een verzamelnaam voor plastics die onderling sterk verschillen. de 'bio' in bioplast","n, kennen ook bioplastics een sterke opmars. Maar wat verstaan we juist onder bioplastics en hoe herkennen we ze? Wat zijn bioplastics? In feite is bioplastic geen type plastic, maar een verzamelnaam voor plastics die onderling sterk verschillen. De ‘bio’ in bioplastics verwijst naar twee verschillende aspecten die vaak met elkaar verward worden, nl.: De oorsprong van het materiaal: plastics gemaakt van",regex_include_exclude
[18],Belgium - Flanders - OVAM / regional government guidance,Certification and Approval Basis,Generic compostable/biodegradable wording only,\b(compostable|biodegradable|industrially\s+compostable|certified\s+compostable|composteerbaar\w*|kompostierbar\w*|compostabil\w*|biod[ée]gradable\w*|biohajoava|kompostoituva|biolagunev\w*|biolo[šs]ko\s+razgradljiv\w*|kompostowaln\w*|biodegradowaln\w*)\b,composteerbaar,"assa (biogebaseerde plastics), organische stoffen, CO2 of CH4 (in plaats van aardolie). De eigenschap van het materiaal: biodegradeerbaar of composteerbaar. De oorsprong van het materiaal en de eigenschappen ervan staan volledig los van mekaar. Biodegradeerbare plastics zijn niet noodzakelijk",regex_include_exclude
[18],Belgium - Flanders - OVAM / regional government guidance,Rejection Rationale,Reason not explicitly stated,,,,fallback_default
[19],Belgium - Brussels-Capital Region - Bruxelles-Proprete / municipal sorting rule,Source Authority,Municipal sorting rule,,,Belgium - Brussels-Capital Region - Bruxelles-Proprete / municipal sorting rule | Sorting and recycling your waste | https://www.arp-gan.be/en/sorting,source_label_priority
[19],Belgium - Brussels-Capital Region - Bruxelles-Proprete / municipal sorting rule,Stated Organic-waste Treatment Route,Other organic recovery,\b(animal\s+feed|feedstock|valorisation|valorization|rendering|black\s+soldier\s+fly|insect|food\s+waste\s+recycling|resource\s+recovery|자원화|사료화)\b,valorisation,ehold waste is residual waste. Only place waste that cannot be recycled in your white bag (or grey/black container). Sorting guarantees the valorisation of the waste as raw material. Do not throw any items in good condition. Exclusively waste which does not have to be presented for selective,regex_include_exclude
[19],Belgium - Brussels-Capital Region - Bruxelles-Proprete / municipal sorting rule,Acceptance,Rejected,"\b(not\s+accepted|not\s+allowed|do\s+not\s+put|don't\s+put|must\s+not|should\s+not|prohibited|rejected|not\s+permitted|not\s+suitable|cannot|can\s*not|can’t|can't|contamination|contaminant)\b.{0,180}\b(compostable|biodegradable|bioplastic|bio[- ]?plastic|compostable\s+packag|biodegradable\s+packag|serviceware|cup|cutlery)",prohibited. branches with a maximum diameter 8 cm and a maximum length of 1.5 m can be presented for collection in the bundles tied together with a biodegradable,"or garden waste: For the collection of green or garden waste in bags, the use of bags other than the green bag provided for this purpose is prohibited. Branches with a maximum diameter 8 cm and a maximum length of 1.5 m can be presented for collection in the bundles tied together with a biodegradable tie to make them easy to pick up. Tied bundles must be made easy to handle: the maximum bag and bundle weight is fifteen kilograms (15 kg).",regex_include_exclude
[19],Belgium - Brussels-Capital Region - Bruxelles-Proprete / municipal sorting rule,Certification and Approval Basis,Government/programme approval,"\b(official|approved|designated|provided|supplied|distributed|council[- ]?supplied|municipal[- ]?supplied|city[- ]?supplied|programme[- ]?approved|program[- ]?approved)\b.{0,120}\b(bag|liner|sack|item|product)s?\b",official bags,"een kilograms (15 kg). PMD packaging may be placed loose in the container. If you wish to use blue bags in the container, these must be the official bags. To be accepted for collection, containers must be easy for our teams to handle. It is important to consider their weight and where to leav",regex_include_exclude
[19],Belgium - Brussels-Capital Region - Bruxelles-Proprete / municipal sorting rule,Rejection Rationale,Pre-treatment/screening/equipment constraint,\b(pre[- ]?treatment|screening|screened\s+out|front[- ]?end|sorting\s+plant|shredder|sieve|sieving|pulper|separator|machine|pump|pipe|clog|jam|remove[d]?\s+before|sorted\s+out|mechanical\s+sorting|sorting\s+facility)\b,machine,"tems not considered packaging or too large: plastic buckets, garden hoses, rubber boots, windbreakers, plastic crates, power strips, coffee machines, plastic overshoes, plastic/nitrile gloves, ... ; Large industrial films, pallet covers/films and bags greater than 1m² ; Multi-material h",regex_include_exclude
[20],France - National - ADEME / government advisory,Source Authority,National rule or policy,,,France - National - ADEME / government advisory | Accueil | https://www.ademe.fr/presse/communique-national/avis-de-lademe-les-limites-des-emballages-en-plastique-compostables/,source_label_priority
[20],France - National - ADEME / government advisory,Stated Organic-waste Treatment Route,AD/biogas + composting,"\b(anaerobic\s+digestion|\bAD\b|biogas|biomethane|methani[sz]ation|m[ée]thanisation|biom[ée]thanisation|verg[äa]rung|vergisting|r[öo]tning|digestate|biog[öo]dsel|biog[øo]dning)\b.{0,180}\b(compost|composting|kompost|compostaggio|compostaje|compostagem|kompostering|kompostointi|kompostiranje|κομποστοποίηση|堆肥|퇴비)",méthanisation pour éviter qu'ils ne perturbent les processus de compost,t nécessaire de : • Renforcer et / ou faire évoluer les normes de biodégradation des plastiques compostables en milieu compost et en milieu méthanisation pour éviter qu’ils ne perturbent les processus de compostage et de méthanisation et que des morceaux de plastique soient encore présents au moment d’épandre la matière sur les sols. • Faire évoluer,regex_include_exclude
[20],France - National - ADEME / government advisory,Acceptance,Rejected,"(ikke|inte|må\s+ikke|skal\s+ikke|ei|ei\s+saa|ei\s+kuulu).{0,180}(komposterbar\w*|bioposer|bioplast|plast|biohajoava\w*|kompostoituva\w*|muovipakkauk\w*|kertak[äa]ytt[öo]astia)",eil | https://www.ademe.fr/presse/communique-national/avis-de-lademe-les-limites-des-emballages-en-plast,France - National - ADEME / government advisory | Accueil | https://www.ademe.fr/presse/communique-national/avis-de-lademe-les-limites-des-emballages-en-plastique-compostables/ Accueil Presse Communiqués nationaux Avis de l’ADEME : les limites des emballages en plastique compostables Communiqué de,regex_include_exclude
[20],France - National - ADEME / government advisory,Certification and Approval Basis,Generic compostable/biodegradable wording only,\b(compostable|biodegradable|industrially\s+compostable|certified\s+compostable|composteerbaar\w*|kompostierbar\w*|compostabil\w*|biod[ée]gradable\w*|biohajoava|kompostoituva|biolagunev\w*|biolo[šs]ko\s+razgradljiv\w*|kompostowaln\w*|biodegradowaln\w*)\b,compostable,ME / government advisory | Accueil | https://www.ademe.fr/presse/communique-national/avis-de-lademe-les-limites-des-emballages-en-plastique-compostables/ Accueil Presse Communiqués nationaux Avis de l’ADEME : les limites des emballages en plastique compostables Communiqué de Presse Date de,regex_include_exclude
[20],France - National - ADEME / government advisory,Rejection Rationale,AD/biogas incompatibility,"\b(anaerobic\s+digestion|\bAD\b|biogas|digest(?:ion|er)|m[ée]thanisation|methani[sz]ation|verg[äa]rung|biokaas|bioverg[äa]rungsanlage|biogass|biogasanlegg|biogödsel|biogødning)\b.{0,240}\b(compostable|biodegradable|bag|liner|plastic|packaging|break\s+down|clog|screen|reject|incompatib|problem)",méthanisation et que des morceaux de plastique soient encore présents au moment d'épandre la matière sur les sols. • faire évoluer le code rural pour évaluer l'innocuité du retour au sol de résidus de plastiques compostable,des plastiques compostables en milieu compost et en milieu méthanisation pour éviter qu’ils ne perturbent les processus de compostage et de méthanisation et que des morceaux de plastique soient encore présents au moment d’épandre la matière sur les sols. • Faire évoluer le code rural pour évaluer l’innocuité du retour au sol de résidus de plastiques compostables. Pour aller plus loin : Retrouver l’avis de l’ADEME « Les limites des emballages en plastique compostables » ici . Liens utiles AVIS Les l,regex_include_exclude
[21],France - Paris - Ville de Paris / municipal sorting rule,Source Authority,Municipal sorting rule,,,France - Paris - Ville de Paris / municipal sorting rule | Comment trier ses déchets alimentaires à Paris ? | https://www.paris.fr/pages/le-tri-des-dechets-alimentaires-a-paris-24842,source_label_priority
[21],France - Paris - Ville de Paris / municipal sorting rule,Stated Organic-waste Treatment Route,AD/biogas only,\b(anaerobic\s+digestion|\bAD\b|biogas|biomethane|methani[sz]ation|m[ée]thanisation|biom[ée]thanisation|verg[äa]rung|vergisting|biokaas|biogaz|biogass|biogasanlegg|r[öo]tning|biog[öo]dsel|biog[øo]dning|digestate|厌氧|厭氧|沼气|沼氣)\b,méthanisation,"s à plus de 70 % d’eau. Le volume d’ordures à brûler diminue et réduit leur impact. Une fois collectés, ils sont envoyés dans des unités de méthanisation où ils sont transformés en biogaz , une énergie renouvelable qui alimente notamment les bus et les camions-bennes de la Ville de Paris. Et",regex_include_exclude
[21],France - Paris - Ville de Paris / municipal sorting rule,Acceptance,Collection liners only,hormis\s+les\s+sacs\s+compostables\s+servant\s+[àa]\s+jeter\s+vos\s+d[ée]chets\s+alimentaires,hormis les sacs compostables servant à jeter vos déchets alimentaires,"photo : Ville de Paris - DPE Attention, la litière pour chat , l es emballages même compostables et/ou biodégradables ne sont pas acceptés (hormis les sacs compostables servant à jeter vos déchets alimentaires) . Il en est de même pour les déchets de préparation liquide tels que les sauces ou les soupes . En effet, les quantités jetées peuvent nui",regex_include_exclude_context_checked
[21],France - Paris - Ville de Paris / municipal sorting rule,Certification and Approval Basis,Generic compostable/biodegradable wording only,\b(compostable|biodegradable|industrially\s+compostable|certified\s+compostable|composteerbaar\w*|kompostierbar\w*|compostabil\w*|biod[ée]gradable\w*|biohajoava|kompostoituva|biolagunev\w*|biolo[šs]ko\s+razgradljiv\w*|kompostowaln\w*|biodegradowaln\w*)\b,biodégradables,"s entre ces solutions de tri. Crédit photo : Ville de Paris - DPE Attention, la litière pour chat , l es emballages même compostables et/ou biodégradables ne sont pas acceptés (hormis les sacs compostables servant à jeter vos déchets alimentaires) . Il en est de même pour les déchets de prépar",regex_include_exclude
[21],France - Paris - Ville de Paris / municipal sorting rule,Rejection Rationale,Compost/digestate quality or contamination concern,(mikroplastik|fremdstoff|st[öo]rstoff|vervuiling|verontreiniging|schone\s+compost|kwaliteit|schadelijke\s+stoffen|compostkwaliteit|bodem|meststof|fertilisant|engrais|qualit[ée]|inquinant|퇴비|비료|품질),fertilisant,"amment les bus et les camions-bennes de la Ville de Paris. Et ce n’est pas tout : ce qui reste du processus, le digestat, est utilisé comme fertilisant par les agriculteurs, remplaçant les engrais chimiques. En triant vos déchets, vous contribuez à un cercle vertueux qui allie écologie et i",regex_include_exclude
[22],France - Lyon Metropole - Metropole de Lyon / municipal sorting rule,Source Authority,Municipal sorting rule,,,France - Lyon Metropole - Metropole de Lyon / municipal sorting rule | Vos questions sur les bornes à compost | https://www.grandlyon.com/mes-services-au-quotidien/gerer-ses-dechets/utiliser-une-borne-a-compost/vos-questions-sur-les-bornes-a-compost,source_label_priority
[22],France - Lyon Metropole - Metropole de Lyon / municipal sorting rule,Stated Organic-waste Treatment Route,Composting,\b(composting|compost\s+facility|industrial\s+compost|in[- ]?vessel\s+compost|IVC|compostage|compostaggio|compostaje|compostagem|kompostierung|kompostering|kompostointi|kompostiranje|composteerinstallatie|composteerbaar|kompostownia|κομποστοποίηση|κομπόστ|堆肥化|堆肥|퇴비화|퇴비|kompostitav\w*)\b,compostage,"ollectés par la Métropole ou ses prestataires pour être traités sur des installations spécifiques de valorisation organique (plateformes de compostage). Les déchets alimentaires sont dégradés par des micro-organismes dans ces installations, dans des conditions contrôlées et mécanisées. Le",regex_include_exclude
[22],France - Lyon Metropole - Metropole de Lyon / municipal sorting rule,Acceptance,Collection liners only,"(?:d[ée]chets?\s+alimentaires|biod[ée]chets?|d[ée]chets?\s+organiques|mati[èe]res?\s+organiques).{0,140}sacs?\s+(?:compostables?|biod[ée]gradables?|bio|en\s+papier|kraft)","déchets alimentaires sont acceptés dans les bornes à compost, mais seulement les déchets alimentaires, déposés en vrac ou dans des sacs en papier","à compost ? Restes de repas, épluchures, café, thé, coquilles d’œufs, os de poulet, fruits abîmés, produits périmés, pain rassis… Tous les déchets alimentaires sont acceptés dans les bornes à compost, mais seulement les déchets alimentaires, déposés en vrac ou dans des sacs en papier : surtout pas de sac en plastique (même biodégradable) et aucun emballage. Pourquoi est-ce que les consignes sont différentes de celle du c",regex_include_exclude_context_checked
[22],France - Lyon Metropole - Metropole de Lyon / municipal sorting rule,Certification and Approval Basis,Generic compostable/biodegradable wording only,\b(compostable|biodegradable|industrially\s+compostable|certified\s+compostable|composteerbaar\w*|kompostierbar\w*|compostabil\w*|biod[ée]gradable\w*|biohajoava|kompostoituva|biolagunev\w*|biolo[šs]ko\s+razgradljiv\w*|kompostowaln\w*|biodegradowaln\w*)\b,biodégradables,"déchets alimentaires Pourquoi parler de déchets alimentaires et pas de biodéchets ? Le terme biodéchets englobe tous les déchets organiques/biodégradables, et notamment les déchets de jardin. Le service qui collecte les déchets alimentaires (bornes à compost) n’est pas destiné à collecter ces",regex_include_exclude
[22],France - Lyon Metropole - Metropole de Lyon / municipal sorting rule,Rejection Rationale,Compost/digestate quality or contamination concern,(mikroplastik|fremdstoff|st[öo]rstoff|vervuiling|verontreiniging|schone\s+compost|kwaliteit|schadelijke\s+stoffen|compostkwaliteit|bodem|meststof|fertilisant|engrais|qualit[ée]|inquinant|퇴비|비료|품질),engrais,"retourner au sol ou de transformer des matières organiques brutes en une matière valorisable, adapté aux besoins agronomiques des sols. Ces engrais naturels permettent de limiter le recours aux engrais chimiques de synthèse, dont la fabrication est très énergivore et repose notamment su",regex_include_exclude
[23],Italy - Veneto / Contarina - Contarina / waste-management company,Source Authority,Waste operator or treatment-facility rule,\b(facility|plant|operator|hauler|collector|processor|composter|composting facility|anaerobic|biogas|waste[- ]company|waste company|public utility|recology|wm\b|awm\b|awb\b|bsr\b|stadtreinigung|milieu|hvc|rd4|gesenu|contarina|salerno pulita|mohu|tratolixo|mustankorkea|biorepack|suez|veolia|envar|mywaste|pražské\s+služby|mpo\b|olo\s+a\.s\.|jp\s+voka\s+snaga|vasa\b|getliņi|getlini|voka\s+snaga|intradel|hygea|komunala\s+kranj|minett\s+kompost|calgary|halifax|reykjav[ií]k)\b,contarina,Italy - Veneto / Contarina - Contarina / waste-management company | SPORTELLO ONLINE | https://contarina.it/impresa/racolta-differenziata/sacchetti-e-imballaggi-in-ma,metadata_regex + fallback_from_source_label
[23],Italy - Veneto / Contarina - Contarina / waste-management company,Stated Organic-waste Treatment Route,Treatment route not stated,\b(brown\s*bin|green\s*cart|organic\s*waste\s*collection|food\s*waste\s*collection|food\s*scraps?\s*(?:bin|collection)|bio[- ]?waste\s*collection|biowaste\s*collection|FOGO|GFT|biotonne|bioabfall|contenedor\s+marr[oó]n|contentor\s+castanho|bac\s+brun|rifiut[io]\s+organic[io]|umido|maisto\s+atliek|bioj[äa]te|madaffald|matavfall|bioodpad|pojemnik\s+bio|kitchen\s*waste\s*collection)\b,umido,"ggi in materiale compostabile Stoviglie, posate, sacchetti e shopper in materiale compostabile vanno gettati nel contenitore marrone dellâumido. Questi prodotti sono fatti di bioplastica , ovvero sono creati lavorando sostanze provenienti principalmente dal mondo dei cereali, come a",regex_include_exclude
[23],Italy - Veneto / Contarina - Contarina / waste-management company,Acceptance,Accepted broadly,"(?:imballagg\w*|stoviglie|posate|bicchieri|piatti).{0,100}compostabil\w*.{0,140}(?:sono\s+ammessi|si\s+possono\s+conferire|vanno\s+gettati|contenitore\s+marrone|nell['’]?umido|organico)","imballaggi in materiale compostabile stoviglie, posate, sacchetti e shopper in materiale compostabile vanno gettati nel contenitore marrone","le Raccolta olio alimentare Servizio Mercati Easy Servizi per la collettivitÃ Tariffa Fatture e pagamenti ModalitÃ di pagamento Sacchetti e imballaggi in materiale compostabile Stoviglie, posate, sacchetti e shopper in materiale compostabile vanno gettati nel contenitore marrone dellâumido. Questi prodotti sono fatti di bioplastica , ovvero sono creati lavorando sostanze provenienti principalmente dal mondo dei c",regex_include_exclude_context_checked
[23],Italy - Veneto / Contarina - Contarina / waste-management company,Certification and Approval Basis,EN 13432 / OK compost / Seedling,\b(en|din\s*en|uni\s*en|bs\s*en|nf\s*en)?\s*13432\b,uni en 13432,"tti in commercio, ma devono essere contrassegnati da almeno uno dei seguenti simboli che ne attestano la compostabilitÃ ai sensi della norma UNI EN 13432: Qual Ã¨ la differenza tra biodegradabilitÃ e compostabilitÃ ? La biodegradabilitÃ Ã¨ la capacitÃ di sostanze e materiali di essere de",regex_include_exclude
[23],Italy - Veneto / Contarina - Contarina / waste-management company,Rejection Rationale,Not applicable - not a rejection/restriction case,,,,derived_from_acceptance
[24],Italy - National - Italian national bag rules / government-policy evidence,Source Authority,National rule or policy,,,Italy - National - Italian national bag rules / government-policy evidence | Divieto di commercializzazione dei sacchetti non biodegradabili e compostabili | https://www.comitatoparchi.it/ambiente-ecologia/divieto-di-commercializzazione-dei-sacchetti-non-biodegradabili-e-compostabili/,source_label_priority
[24],Italy - National - Italian national bag rules / government-policy evidence,Stated Organic-waste Treatment Route,AD/biogas + composting,"\b(anaerobic\s+digestion|\bAD\b|biogas|biomethane|methani[sz]ation|m[ée]thanisation|biom[ée]thanisation|verg[äa]rung|vergisting|r[öo]tning|digestate|biog[öo]dsel|biog[øo]dning)\b.{0,180}\b(compost|composting|kompost|compostaggio|compostaje|compostagem|kompostering|kompostointi|kompostiranje|κομποστοποίηση|堆肥|퇴비)",ad eccezione di quelli monouso biodegradabili e compost,"nche se ceduti a titolo gratuito. Le sanzioni pecuniarie previste riguardano la commercializzazione di sacchetti per la spesa in plastica , ad eccezione di quelli monouso biodegradabili e compostabili secondo la norma UNI EN 13432:2002 e di quelli riutilizzabili secondo precisi requisiti di spessore: 200 micron per i sacchi con manig",regex_include_exclude
[24],Italy - National - Italian national bag rules / government-policy evidence,Acceptance,No explicit compostable-packaging rule,,,,fallback_default
[24],Italy - National - Italian national bag rules / government-policy evidence,Certification and Approval Basis,EN 13432 / OK compost / Seedling,\b(en|din\s*en|uni\s*en|bs\s*en|nf\s*en)?\s*13432\b,uni en 13432,"a commercializzazione di sacchetti per la spesa in plastica , ad eccezione di quelli monouso biodegradabili e compostabili secondo la norma UNI EN 13432:2002 e di quelli riutilizzabili secondo precisi requisiti di spessore: 200 micron per i sacchi con maniglia esterna destinati all’uso alime",regex_include_exclude
[24],Italy - National - Italian national bag rules / government-policy evidence,Rejection Rationale,Not applicable - not a rejection/restriction case,,,,derived_from_acceptance
[25],Italy - Milan - Comune di Milano / municipal policy document,Source Authority,Municipal sorting rule,,,Italy - Milan - Comune di Milano / municipal policy document | --- Page 1 --- | https://www.comune.milano.it/documents/20118/59850/DELIBERAZIONE+GIUNTA+COMUNALE+N.+_1248_+DEL+26.07.2019.pdf/a8a708b7-0ad4-84d4-10d6-ec9f2ad5542f?version=1.0&t=1757940706037&download=true,source_label_priority
[25],Italy - Milan - Comune di Milano / municipal policy document,Stated Organic-waste Treatment Route,AD/biogas only,\b(anaerobic\s+digestion|\bAD\b|biogas|biomethane|methani[sz]ation|m[ée]thanisation|biom[ée]thanisation|verg[äa]rung|vergisting|biokaas|biogaz|biogass|biogasanlegg|r[öo]tning|biog[öo]dsel|biog[øo]dning|digestate|厌氧|厭氧|沼气|沼氣)\b,ad,| --- Page 1 --- | https://www.comune.milano.it/documents/20118/59850/DELIBERAZIONE+GIUNTA+COMUNALE+N.+_1248_+DEL+26.07.2019.pdf/a8a708b7-0ad4-84d4-10d6-ec9f2ad5542f?version=1.0&t=1757940706037&download=true --- Page 1 --- 32/32 Comune di MILANO DELIBERAZIONE DELLA GIU,regex_include_exclude
[25],Italy - Milan - Comune di Milano / municipal policy document,Acceptance,Rejected,"(ikke|inte|må\s+ikke|skal\s+ikke|ei|ei\s+saa|ei\s+kuulu).{0,180}(komposterbar\w*|bioposer|bioplast|plast|biohajoava\w*|kompostoituva\w*|muovipakkauk\w*|kertak[äa]ytt[öo]astia)",ei prodotti in plast,"imentare, la costruzione di partenaria ti con attori economici e sociali per la razionalizzazione degli imballaggi, promuovendo in particolare l’uso di quelli riciclabili In data 22 novembre 2018 il Consiglio Comunale ha approvato l’ODG nr. 309 - Comune Plastic free - “Comune liberato dalla pl a",regex_include_exclude
[25],Italy - Milan - Comune di Milano / municipal policy document,Certification and Approval Basis,EN 13432 / OK compost / Seedling,\b(en|din\s*en|uni\s*en|bs\s*en|nf\s*en)?\s*13432\b,en 13432,Milano. --- Page 7 --- Allegato n.1 formato da n°4 pagine alla Proposta di Deliberazione di Giunta Comunale n. 2535/2019 IL DIRETTORE DIREZIONE MOBILITÀ AMBIENTE E ENERGIA arch. Filippo Salucci Firmato digitalmente,regex_include_exclude
[25],Italy - Milan - Comune di Milano / municipal policy document,Rejection Rationale,AD/biogas incompatibility,"\b(anaerobic\s+digestion|\bAD\b|biogas|digest(?:ion|er)|m[ée]thanisation|methani[sz]ation|verg[äa]rung|biokaas|bioverg[äa]rungsanlage|biogass|biogasanlegg|biogödsel|biogødning)\b.{0,240}\b(compostable|biodegradable|bag|liner|plastic|packaging|break\s+down|clog|screen|reject|incompatib|problem)",ad attuare modalità di sensibilizzazione in tutti gli esercizi commerciali per eliminare l'uso dei prodotti in plastic,"lano per il periodo 2015 -20 prevedono, oltre alla riduzione degli sprechi su tutto il ciclo alimentare, la costruzione di partenaria ti con attori economici e sociali per la razionalizzazione degli imballaggi, promuovendo in particolare l’uso di quelli riciclabili In data 22 novembre 2018 il Consiglio Comunale ha approvato l’ODG nr. 309 - Comune Plastic free - “Comune liberato dalla pl ast",regex_include_exclude
[26],Italy - Monza - Comune di Monza / MonzaPulita / municipal sorting rule,Source Authority,Municipal sorting rule,,,Italy - Monza - Comune di Monza / MonzaPulita / municipal sorting rule | RISPETTIAMO IL PIANETA | https://www.monzapulita.it/interno.php?id=13,source_label_priority
[26],Italy - Monza - Comune di Monza / MonzaPulita / municipal sorting rule,Stated Organic-waste Treatment Route,Treatment route not stated,\b(brown\s*bin|green\s*cart|organic\s*waste\s*collection|food\s*waste\s*collection|food\s*scraps?\s*(?:bin|collection)|bio[- ]?waste\s*collection|biowaste\s*collection|FOGO|GFT|biotonne|bioabfall|contenedor\s+marr[oó]n|contentor\s+castanho|bac\s+brun|rifiut[io]\s+organic[io]|umido|maisto\s+atliek|bioj[äa]te|madaffald|matavfall|bioodpad|pojemnik\s+bio|kitchen\s*waste\s*collection)\b,umido,"IL PIANETA Mentre visiti il portale Monza, in caso di prolungata inattività, questa schermata ci permette di ridurre i consumi di energia. Umido Scarti dei cibi in genere: - cibi avanzati e avariati in genere (se cotti, purché freddi), - bucce di frutta e scarti di verdura, - ossi, -",regex_include_exclude
[26],Italy - Monza - Comune di Monza / MonzaPulita / municipal sorting rule,Acceptance,Accepted broadly,"(?:piatti,\s*bicchieri\s+e\s+posate\s+biodegradabili\s+e\s+compostabili|capsule\s+del\s+caff[èe]\s+biodegradabili\s+e\s+compostabili).{0,220}(?:marchio\s+ok\s+compost|compostabile\s+cic|umido|organico)","capsule del caffè biodegradabili e compostabili, - tovaglioli di carta e tappi di sughero, - piatti, bicchieri e posate biodegradabili e compostabili (in bio-plastica o in cartoncino) e con marchio ok compost/compostabile cic","i di uova e di crostacei, - noccioli, - pane raffermo. Altro da cucina: - filtri del the, delle tisane e della camomilla, fondi di caffè, - capsule del caffè biodegradabili e compostabili, - tovaglioli di carta e tappi di sughero, - piatti, bicchieri e posate biodegradabili e compostabili (in bio-plastica o in cartoncino) e con marchio Ok compost/compostabile CIC, - shopper biodegradabili e compostabili, - fiammiferi e ceneri dei caminetti purché ben spente, - stuzzicadenti di legno, - imballaggi in",regex_include_exclude_context_checked
[26],Italy - Monza - Comune di Monza / MonzaPulita / municipal sorting rule,Certification and Approval Basis,EN 13432 / OK compost / Seedling,\bok\s*compost(?!\s*home)\b,ok compost,"oli di carta e tappi di sughero, - piatti, bicchieri e posate biodegradabili e compostabili (in bio-plastica o in cartoncino) e con marchio Ok compost/compostabile CIC, - shopper biodegradabili e compostabili, - fiammiferi e ceneri dei caminetti purché ben spente, - stuzzicadenti di legno,",regex_include_exclude
[26],Italy - Monza - Comune di Monza / MonzaPulita / municipal sorting rule,Rejection Rationale,Not applicable - not a rejection/restriction case,,,,derived_from_acceptance
[27],Italy - Buccinasco - Comune di Buccinasco / municipal sorting rule,Source Authority,Municipal sorting rule,,,Italy - Buccinasco - Comune di Buccinasco / municipal sorting rule | Eco(R)esistenza | https://www.comune.buccinasco.mi.it/it/page/trasparenza-servizio-gestione-rifiuti,source_label_priority
[27],Italy - Buccinasco - Comune di Buccinasco / municipal sorting rule,Stated Organic-waste Treatment Route,AD/biogas only,\b(anaerobic\s+digestion|\bAD\b|biogas|biomethane|methani[sz]ation|m[ée]thanisation|biom[ée]thanisation|verg[äa]rung|vergisting|biokaas|biogaz|biogass|biogasanlegg|r[öo]tning|biog[öo]dsel|biog[øo]dning|digestate|厌氧|厭氧|沼气|沼氣)\b,ad,"izzare sui temi dell’ambiente (2023), nasce “Eco(R)esistenza”, pagina di informazione all’interno del portale comunale e rivista cartacea quadrimestrale (in allegato). Si parlerà di quello che accade a Buccinasco e di temi di portata nazionale e internazionale. Oltre a fornire info",regex_include_exclude
[27],Italy - Buccinasco - Comune di Buccinasco / municipal sorting rule,Acceptance,Rejected,"(ikke|inte|må\s+ikke|skal\s+ikke|ei|ei\s+saa|ei\s+kuulu).{0,180}(komposterbar\w*|bioposer|bioplast|plast|biohajoava\w*|kompostoituva\w*|muovipakkauk\w*|kertak[äa]ytt[öo]astia)",interrotto se si usano i sacchetti sbagliati. gettare l'umido nel cassonetto insieme a un sacchetto di plast,"portata da AMSA presso i centri di recupero, dove l’organico viene lavorato per diventare compost. Un circolo virtuoso, che però può essere interrotto se si usano i sacchetti sbagliati. Gettare l’umido nel cassonetto insieme a un sacchetto di plastica rende irrecuperabile l’intero contenuto. Per conferire la frazione umida occorre infatti utilizzare sacchetti che siano compostabili. Ut",regex_include_exclude
[27],Italy - Buccinasco - Comune di Buccinasco / municipal sorting rule,Certification and Approval Basis,Generic compostable/biodegradable wording only,\b(compostable|biodegradable|industrially\s+compostable|certified\s+compostable|composteerbaar\w*|kompostierbar\w*|compostabil\w*|biod[ée]gradable\w*|biohajoava|kompostoituva|biolagunev\w*|biolo[šs]ko\s+razgradljiv\w*|kompostowaln\w*|biodegradowaln\w*)\b,compostabili,cchetto di plastica rende irrecuperabile l’intero contenuto. Per conferire la frazione umida occorre infatti utilizzare sacchetti che siano compostabili. Utilizzare buste di plastica è il modo migliore per ricevere una sanzione e fare un danno all’ambiente. E se si è nel dubbio sul materiale,regex_include_exclude
[27],Italy - Buccinasco - Comune di Buccinasco / municipal sorting rule,Rejection Rationale,Reason not explicitly stated,,,,fallback_default
[28],Italy - Perugia - Comune di Perugia / GESENU / waste-company guidance,Source Authority,Municipal sorting rule,,,Italy - Perugia - Comune di Perugia / GESENU / waste-company guidance | --- Page 1 --- | https://www.gesenu.it/MC-API/Risorse/StreamRisorsa.ashx?guid=d8fcef3f-5545-4da8-af7a-ad2377785c31,source_label_priority
[28],Italy - Perugia - Comune di Perugia / GESENU / waste-company guidance,Stated Organic-waste Treatment Route,AD/biogas + composting,"\b(anaerobic\s+digestion|\bAD\b|biogas|biomethane|methani[sz]ation|m[ée]thanisation|biom[ée]thanisation|verg[äa]rung|vergisting|r[öo]tning|digestate|biog[öo]dsel|biog[øo]dning)\b.{0,180}\b(compost|composting|kompost|compostaggio|compostaje|compostagem|kompostering|kompostointi|kompostiranje|κομποστοποίηση|堆肥|퇴비)","biogas e compost, un fertilizzante naturale utile per contrastare la desertificazione del suolo. • usa solo sacchetti in bioplastica compost","ggi in bioplastica certificata vengono trattati in impianti di compostaggio industriale. Ed è lì che prendono nuova vita: si trasformano in biogas e compost, un fertilizzante naturale utile per contrastare la desertificazione del suolo. • Usa solo sacchetti in bioplastica compostabile per la raccolta dei rifiuti umidi organici. • Non usare i sacchetti in bioplastica compostabile per raccogliere carta, plastica, vetro",regex_include_exclude
[28],Italy - Perugia - Comune di Perugia / GESENU / waste-company guidance,Acceptance,Rejected,"(ikke|inte|må\s+ikke|skal\s+ikke|ei|ei\s+saa|ei\s+kuulu).{0,180}(komposterbar\w*|bioposer|bioplast|plast|biohajoava\w*|kompostoituva\w*|muovipakkauk\w*|kertak[äa]ytt[öo]astia)","ei rifiuti umidi organici. • non usare i sacchetti in bioplastica compostabile per raccogliere carta, plastica, vetro, metalli o l'indifferenziato. • ricicla tutti gli imballaggi in bioplast","o in biogas e compost, un fertilizzante naturale utile per contrastare la desertificazione del suolo. • Usa solo sacchetti in bioplastica compostabile per la raccolta dei rifiuti umidi organici. • Non usare i sacchetti in bioplastica compostabile per raccogliere carta, plastica, vetro, metalli o l’indifferenziato. • Ricicla tutti gli imballaggi in bioplastica compostabile insieme alla frazione organica. Buste per la spesa Sacchetti per la frutta e la verdur",regex_include_exclude
[28],Italy - Perugia - Comune di Perugia / GESENU / waste-company guidance,Certification and Approval Basis,EN 13432 / OK compost / Seedling,\b(en|din\s*en|uni\s*en|bs\s*en|nf\s*en)?\s*13432\b,en 13432,"bioplastica compostabile insieme all’umido domestico, perché certifica le caratteristiche di biodegradabilità e compostabilità richieste dalla normativa EN 13432. 7 Plastica biodegradabile e compostabile RACCOL TA DIFFERENZIATA RIFIUTI ORGANICI Saggio chi LEGGE --- Page 3 ---",regex_include_exclude
[28],Italy - Perugia - Comune di Perugia / GESENU / waste-company guidance,Rejection Rationale,AD/biogas incompatibility,"\b(anaerobic\s+digestion|\bAD\b|biogas|digest(?:ion|er)|m[ée]thanisation|methani[sz]ation|verg[äa]rung|biokaas|bioverg[äa]rungsanlage|biogass|biogasanlegg|biogödsel|biogødning)\b.{0,240}\b(compostable|biodegradable|bag|liner|plastic|packaging|break\s+down|clog|screen|reject|incompatib|problem)",ad una diminuzione della qualità della plastic,"ezione l’impianto di trattamento di Plastica e Metalli di Ponte Rio (Perugia), che riscontra frazioni estranee, sempre crescenti, di bioplastiche all’interno dei contenitori per la plastica. Questo porta ad una diminuzione della qualità della plastica raccolta e rende sempre più complesso il suo riutilizzo. È quindi fon",regex_include_exclude
[29],Italy - Salerno - Salerno Pulita S.p.A. / waste-company guidance,Source Authority,Waste operator or treatment-facility rule,,,Italy - Salerno - Salerno Pulita S.p.A. / waste-company guidance | Home | https://www.salernopulita.it/campagna-bioplastica-compostabile/,source_label_priority
[29],Italy - Salerno - Salerno Pulita S.p.A. / waste-company guidance,Stated Organic-waste Treatment Route,Treatment route not stated,\b(brown\s*bin|green\s*cart|organic\s*waste\s*collection|food\s*waste\s*collection|food\s*scraps?\s*(?:bin|collection)|bio[- ]?waste\s*collection|biowaste\s*collection|FOGO|GFT|biotonne|bioabfall|contenedor\s+marr[oó]n|contentor\s+castanho|bac\s+brun|rifiut[io]\s+organic[io]|umido|maisto\s+atliek|bioj[äa]te|madaffald|matavfall|bioodpad|pojemnik\s+bio|kitchen\s*waste\s*collection)\b,rifiuti organici,"(petrolio) ed essere comunque biodegradabile e compostabile. Questo significa che, giunta al suo fine vita, può essere smaltita insieme ai rifiuti organici. I vantaggi della bioplastica compostabile riduzione di emissione di gas a effetto serra durante il processo di produzione produzione di co",regex_include_exclude
[29],Italy - Salerno - Salerno Pulita S.p.A. / waste-company guidance,Acceptance,Rejected,"(ikke|inte|må\s+ikke|skal\s+ikke|ei|ei\s+saa|ei\s+kuulu).{0,180}(komposterbar\w*|bioposer|bioplast|plast|biohajoava\w*|kompostoituva\w*|muovipakkauk\w*|kertak[äa]ytt[öo]astia)",ei cittadini che separano gli scarti organici e riciclano gli imballaggi in bioplast,"oplastica compostabile certificata, aiuta la tua zona a vincere il concorso Compost Goal , il progetto che premia i comportamenti virtuosi dei cittadini che separano gli scarti organici e riciclano gli imballaggi in bioplastica compostabile in maniera corretta. Come funziona il contest? La città di Salerno sarà suddivisa in 4 zone . Saranno eff­ettuate delle ana",regex_include_exclude
[29],Italy - Salerno - Salerno Pulita S.p.A. / waste-company guidance,Certification and Approval Basis,EN 13432 / OK compost / Seedling,\b(en|din\s*en|uni\s*en|bs\s*en|nf\s*en)?\s*13432\b,uni en 13432,"giorno e che dobbiamo imparare a riconoscere per una corretta raccolta differenziata . Solo la bioplastica compostabile certificata a norma UNI EN 13432:2022 può essere smaltita insieme ai rifiuti organici. Per evitare errori, verifica sempre la presenza di uno di questi marchi di compostabi",regex_include_exclude
[29],Italy - Salerno - Salerno Pulita S.p.A. / waste-company guidance,Rejection Rationale,Reason not explicitly stated,,,,fallback_default
[30],Italy - Borgo Virgilio - Comune di Borgo Virgilio / municipal sorting rule,Source Authority,Municipal sorting rule,,,Italy - Borgo Virgilio - Comune di Borgo Virgilio / municipal sorting rule | Raccolta Organico -Sacchetti Biodegradabili Compostabili | https://comune.borgovirgilio.mn.it/it/page/raccolta-organico-sacchetti-biodegradabili-compostabili,source_label_priority
[30],Italy - Borgo Virgilio - Comune di Borgo Virgilio / municipal sorting rule,Stated Organic-waste Treatment Route,Treatment route not stated,\b(brown\s*bin|green\s*cart|organic\s*waste\s*collection|food\s*waste\s*collection|food\s*scraps?\s*(?:bin|collection)|bio[- ]?waste\s*collection|biowaste\s*collection|FOGO|GFT|biotonne|bioabfall|contenedor\s+marr[oó]n|contentor\s+castanho|bac\s+brun|rifiut[io]\s+organic[io]|umido|maisto\s+atliek|bioj[äa]te|madaffald|matavfall|bioodpad|pojemnik\s+bio|kitchen\s*waste\s*collection)\b,rifiuto organico,"colta dell'organico Ultimo aggiornamento : 14 aprile 2023, 15:24 Argomenti : Gestione rifiuti Nel contenitore marrone per l'esposizione del rifiuto organico (utilizzate il contenitore grande, il contenitore piccolo da sottolavello va utilizzato solo in casa e non per esporre i rifiuti) si posson",regex_include_exclude
[30],Italy - Borgo Virgilio - Comune di Borgo Virgilio / municipal sorting rule,Acceptance,Collection liners only,si\s+possono\s+utilizzare\s+solo\s+sacchetti\s+biodegradabili\s+compostabili,si possono utilizzare solo sacchetti biodegradabili compostabili,"organico (utilizzate il contenitore grande, il contenitore piccolo da sottolavello va utilizzato solo in casa e non per esporre i rifiuti) si possono utilizzare solo sacchetti biodegradabili compostabili. I sacchetti biodegradabili (non compostabili) possono decomporsi, in un determinato lasso di tempo entro 6 mesi, in elementi più semplici",regex_include_exclude_context_checked
[30],Italy - Borgo Virgilio - Comune di Borgo Virgilio / municipal sorting rule,Certification and Approval Basis,EN 13432 / OK compost / Seedling,\b(en|din\s*en|uni\s*en|bs\s*en|nf\s*en)?\s*13432\b,en13432,ssere compostati e trasformati in terriccio fertile. Guardando il sacchetto bisogna fare riferimento alla dicitura di conformità della norma EN13432:2002 e cercare sul sacchetto la frase “Prodotto biodegradabile conforme alle normative comunitarie EN 13432” che di solito viene riportata,regex_include_exclude
[30],Italy - Borgo Virgilio - Comune di Borgo Virgilio / municipal sorting rule,Rejection Rationale,Reason not explicitly stated,,,,fallback_default
[31],Spain - Madrid - Ayuntamiento de Madrid / municipal FAQ,Source Authority,Municipal sorting rule,,,Spain - Madrid - Ayuntamiento de Madrid / municipal FAQ | Volver | https://www.madrid.es/portales/munimadrid/es/Inicio/Medio-ambiente/Recogida-de-residuos/Preguntas-frecuentes-sobre-la-recogida-de-residuos-organicos/?vgnextchannel=f81379ed268fe410VgnVCM1000000b205a0aRCRD&vgnextfmt=default&vgnextoid=28f179e15d7ee510VgnVCM2000001f4a900aRCRD,source_label_priority
[31],Spain - Madrid - Ayuntamiento de Madrid / municipal FAQ,Stated Organic-waste Treatment Route,Composting,\b(composting|compost\s+facility|industrial\s+compost|in[- ]?vessel\s+compost|IVC|compostage|compostaggio|compostaje|compostagem|kompostierung|kompostering|kompostointi|kompostiranje|composteerinstallatie|composteerbaar|kompostownia|κομποστοποίηση|κομπόστ|堆肥化|堆肥|퇴비화|퇴비|kompostitav\w*)\b,compostaje,"endo más cómodo su traslado. Además, como su nombre indica, se degradan junto con la materia orgánica, de manera que una vez en la planta de compostaje no es necesario separar la bolsa de plástico de los residuos, proceso que sí que hay que hacer con las bolsas convencionales. ¿Se puede vo",regex_include_exclude
[31],Spain - Madrid - Ayuntamiento de Madrid / municipal FAQ,Acceptance,Collection liners only,"bolsas?\s+(?:compostables?|biodegradables?).{0,120}\b(?:se\s+(?:pueden|deben)\s+usar|se\s+aceptan|depositar|recoger|usar|utilizar|recomendable|obligatorio)\b.{0,140}(org[áa]nic[ao]s?|biorresiduos?|residuos?\s+alimentarios|contenedor\s+marr[oó]n)","bolsas biodegradables? ¿puedo usar bolsas de plástico? no es obligatorio usar bolsas biodegradables pero es recomendable. al ser más transpirables, evitan que se acumulen los líquidos que contienen los restos orgánicos","de los mismos y reduciendo así los olores y la acumulación de líquidos en el fondo de la bolsa. ¿Para tirar la orgánica es obligatorio usar bolsas biodegradables? ¿Puedo usar bolsas de plástico? No es obligatorio usar bolsas biodegradables pero es recomendable. Al ser más transpirables, evitan que se acumulen los líquidos que contienen los restos orgánicos, haciendo más cómodo su traslado. Además, como su nombre indica, se degradan junto con la materia orgánica, de manera que una vez en la pl",regex_include_exclude_context_checked
[31],Spain - Madrid - Ayuntamiento de Madrid / municipal FAQ,Certification and Approval Basis,Generic compostable/biodegradable wording only,\b(compostable|biodegradable|industrially\s+compostable|certified\s+compostable|composteerbaar\w*|kompostierbar\w*|compostabil\w*|biod[ée]gradable\w*|biohajoava|kompostoituva|biolagunev\w*|biolo[šs]ko\s+razgradljiv\w*|kompostowaln\w*|biodegradowaln\w*)\b,biodegradable,"zaresiduos@madrid.es y preguntarnos. ¿Qué son los residuos orgánicos? Los residuos orgánicos son básicamente aquellos compuestos de materia biodegradable como restos de fruta y verdura, de carne y pescado, cáscaras de huevo, de marisco y de frutos secos, otros restos de comida, posos de café",regex_include_exclude
[31],Spain - Madrid - Ayuntamiento de Madrid / municipal FAQ,Rejection Rationale,Reason not explicitly stated,,,,fallback_default
[32],Austria - Vienna - Abfallberatung Wien / municipal guidance,Source Authority,Municipal sorting rule,,,Austria - Vienna - Abfallberatung Wien / municipal guidance | Biokunststoffe | https://abfallberatung.wien.gv.at/biokunststoffe/,source_label_priority
[32],Austria - Vienna - Abfallberatung Wien / municipal guidance,Stated Organic-waste Treatment Route,Treatment route not stated,,,,fallback_default
[32],Austria - Vienna - Abfallberatung Wien / municipal guidance,Acceptance,Rejected,"(plastik|kunststoff|bioplastik|biokunststoff|kompostierbare?\w*\s+(biobeutel|beutel|t[üu]ten)|verpackungen|folien|t[üu]ten).{0,180}(d[üu]rfen\s+nicht|geh[öo]ren\s+nicht|nicht\s+in\s+(die\s+)?biotonne|darf\s+nicht\s+rein|kein\s+plastik|verboten|nicht\s+ausreichend)","verpackungen aus biokunststoffen entsorgt? hier gibt es eine einfache, eindeutige antwort: in der gelben tonne, wie alle anderen leichtverpackungen auch! biokunststoffe gehören nicht","wachsenden Rohstoffen besteht. Hier lohnt es sich, einen genaueren Blick auf das Produkt zu werfen. ENTSORGUNG UND VERWERTUNG Wo werden nun Verpackungen aus Biokunststoffen entsorgt? Hier gibt es eine einfache, eindeutige Antwort: In der Gelben Tonne, wie alle anderen Leichtverpackungen auch! Biokunststoffe gehören nicht in die Wiener Biotonne, auch nicht, wenn sie zertifiziert kompostierbar sind. Das liegt unter anderem daran, dass der Wiener Kompost innerh",regex_include_exclude
[32],Austria - Vienna - Abfallberatung Wien / municipal guidance,Certification and Approval Basis,EN 13432 / OK compost / Seedling,\b(en|din\s*en|uni\s*en|bs\s*en|nf\s*en)?\s*13432\b,en 13432,"egriffe keinen Unterschied. Aber was genau ist denn jetzt der Unterschied? Diese Begriffe sind klar definiert und in der europäischen Norm (EN 13432) festgehalten: Ein Stoff gilt als „biologisch abbaubar“ , wenn innerhalb von 6 Monaten mindestens 90% abgebaut sind. Als „kompostierbar“ da",regex_include_exclude
[32],Austria - Vienna - Abfallberatung Wien / municipal guidance,Rejection Rationale,Reason not explicitly stated,,,,fallback_default
[33],Austria - Upper Austria / Gmunden - Bezirksabfallverband Gmunden / regional rule,Source Authority,"State, provincial, regional, or canton rule",,,Austria - Upper Austria / Gmunden - Bezirksabfallverband Gmunden / regional rule | Gmunden | https://www.umweltprofis.at/gmunden/aktuelles/nachrichten_detail/n/detail/News/wie_ich_die_biotonne_richtig_befuelle.html,source_label_priority
[33],Austria - Upper Austria / Gmunden - Bezirksabfallverband Gmunden / regional rule,Stated Organic-waste Treatment Route,Treatment route not stated,\b(brown\s*bin|green\s*cart|organic\s*waste\s*collection|food\s*waste\s*collection|food\s*scraps?\s*(?:bin|collection)|bio[- ]?waste\s*collection|biowaste\s*collection|FOGO|GFT|biotonne|bioabfall|contenedor\s+marr[oó]n|contentor\s+castanho|bac\s+brun|rifiut[io]\s+organic[io]|umido|maisto\s+atliek|bioj[äa]te|madaffald|matavfall|bioodpad|pojemnik\s+bio|kitchen\s*waste\s*collection)\b,biotonne,bfallverband Gmunden / regional rule | Gmunden | https://www.umweltprofis.at/gmunden/aktuelles/nachrichten_detail/n/detail/News/wie_ich_die_biotonne_richtig_befuelle.html Gmunden WAS wo wann weiter WAS wo wann weiter Wie ich die Biotonne richtig befülle 13.05.2024 Hochwertige Komposterde,regex_include_exclude
[33],Austria - Upper Austria / Gmunden - Bezirksabfallverband Gmunden / regional rule,Acceptance,Rejected,"(ikke|inte|må\s+ikke|skal\s+ikke|ei|ei\s+saa|ei\s+kuulu).{0,180}(komposterbar\w*|bioposer|bioplast|plast|biohajoava\w*|kompostoituva\w*|muovipakkauk\w*|kertak[äa]ytt[öo]astia)",einesfalls mit folgenden stoffen befüllt werden: plast,"rten: Grasschnitt Laub Blumen Fallobst Fehlwürfe in Biotonnen führen zu unnötigem Mehraufwand auf den Kompostanlagen, daher dürfen Biotonnen keinesfalls mit folgenden Stoffen befüllt werden: Plastiksackerl verpackte Lebensmittel (sollte aus hygienischen Gründen die Verpackung nicht entfernt werden können - mit Inhalt in der Restabfa",regex_include_exclude
[33],Austria - Upper Austria / Gmunden - Bezirksabfallverband Gmunden / regional rule,Certification and Approval Basis,EN 13432 / OK compost / Seedling,\bseedling\b|\bkeimling\b|\bkiemplant(?:logo)?\b,keimling,r und unangenehme Gerüche werde minimiert * bei kompostierbaren Vorsammelhilfen (Kreislaufsackerl) muss der Nachweis der Kompostierbarkeit (Keimling-Symbol oder OK Kompost) auf dem Sackerl aufgedruckt sein! Abfälle aus dem Garten: Grasschnitt Laub Blumen Fallobst Fehlwürfe in Biotonnen,regex_include_exclude
[33],Austria - Upper Austria / Gmunden - Bezirksabfallverband Gmunden / regional rule,Rejection Rationale,Reason not explicitly stated,,,,fallback_default
[34],Sweden - Stockholm - Stockholm Vatten och Avfall / municipal sorting rules,Source Authority,Municipal sorting rule,\b(city|municipal|municipality|commune|gemeente|gemeinde|borough|district|council|town|ville|stadt|ayuntamiento|comune|cidade|municipio|município|municipalidad|ciudad|miasto|urząd|alcald[ií]a|oslo|berlin|munich|hamburg|cologne|amsterdam|vienna|milan|barcelona|vigo|toronto|seattle|austin|san francisco|tokyo|seoul|prague|alimos|riga|krak[oó]w|toru[nń]|warsaw|bratislava|vilnius|ljubljana|maribor|christchurch|auckland|vitacura|las\s+palmas|brno|copenhagen|reykjav[ií]k|portland|new\s+york\s+city|minamata|zushi|providencia|santa\s+juana|wrocław|wroclaw)\b,municipal,Sweden - Stockholm - Stockholm Vatten och Avfall / municipal sorting rules | Börjar matavfallspåsarna ta slut? | https://www.stockholmvattenochavfall.se/artiklar-listsida/avfall---sortering-och-atervi,metadata_regex + fallback_from_source_label
[34],Sweden - Stockholm - Stockholm Vatten och Avfall / municipal sorting rules,Stated Organic-waste Treatment Route,Treatment route not stated,\b(brown\s*bin|green\s*cart|organic\s*waste\s*collection|food\s*waste\s*collection|food\s*scraps?\s*(?:bin|collection)|bio[- ]?waste\s*collection|biowaste\s*collection|FOGO|GFT|biotonne|bioabfall|contenedor\s+marr[oó]n|contentor\s+castanho|bac\s+brun|rifiut[io]\s+organic[io]|umido|maisto\s+atliek|bioj[äa]te|madaffald|matavfall|bioodpad|pojemnik\s+bio|kitchen\s*waste\s*collection)\b,matavfall,Sweden - Stockholm - Stockholm Vatten och Avfall / municipal sorting rules | Börjar matavfallspåsarna ta slut? | https://www.stockholmvattenochavfall.se/artiklar-listsida/avfall---sortering-och-atervinning/matavfallspasar/ Börjar mat,regex_include_exclude
[34],Sweden - Stockholm - Stockholm Vatten och Avfall / municipal sorting rules,Acceptance,Collection liners only,"(?:matavfall|madaffald|bioaffald|bioavfall|bioj[äa]te|ruokaj[äa]te).{0,100}(?:bioposer|matavfallsp[åa]sar|bioavfallsp[åa]sar|bioj[äa]tepussi|bioj[äa]tepussit|paperipussi).{0,120}(?:skal|kan|må|saa|accepted|sorteres|anv[aä]ndas|bruges|käyttää)",matavfallspasar/ börjar matavfallspåsarna ta slut? här kan,"ng rules | Börjar matavfallspåsarna ta slut? | https://www.stockholmvattenochavfall.se/artiklar-listsida/avfall---sortering-och-atervinning/matavfallspasar/ Börjar matavfallspåsarna ta slut? Här kan du hämta bruna matavfallspåsar i Stockholm för privat bruk. Hämta rätt påse Det är viktigt att du hämtar rätt typ av påse, olika hus har ol",regex_include_exclude_context_checked
[34],Sweden - Stockholm - Stockholm Vatten och Avfall / municipal sorting rules,Certification and Approval Basis,No named standard/approval stated,,,,fallback_default
[34],Sweden - Stockholm - Stockholm Vatten och Avfall / municipal sorting rules,Rejection Rationale,No compatible organic-treatment route,\b(no\s+compatible\s+(?:treatment|route)|cannot\s+be\s+(?:properly\s+)?processed|not\s+designed\s+for\s+biogas|ikke\s+produsert\s+for\s+biogassproduksjon|nie\s+mog[ąa]\s+by[ćc]\s+prawid[łl]owo\s+przetwarzane|kan\s+inte\s+.*tas\s+till\s+vara|kan\s+inte\s+tas\s+tillvara|kann\s+nicht\s+verwertet|geen\s+verwerkingsroute)\b,kan inte matavfallet tas till vara,"påsar i Stockholm för privat bruk. Hämta rätt påse Det är viktigt att du hämtar rätt typ av påse, olika hus har olika sorters påsar. Annars kan inte matavfallet tas till vara. Vanlig brun papperspåse: sorteras i brunt kärl med lufthål. Används ofta av villor, radhus och många lägenhetshus. Kraftigare papperspåse",regex_include_exclude
[35],Finland - Helsinki region - HSY / regional public utility guidance,Source Authority,Waste operator or treatment-facility rule,,,Finland - Helsinki region - HSY / regional public utility guidance | Biowaste | https://www.hsy.fi/en/waste-and-recycling/waste-guide/sorting/biowaste/,source_label_priority
[35],Finland - Helsinki region - HSY / regional public utility guidance,Stated Organic-waste Treatment Route,AD/biogas + composting,"\b(compost|composting|kompost|compostaggio|compostaje|compostagem|kompostering|kompostointi|kompostiranje|κομποστοποίηση|堆肥|퇴비)\b.{0,180}\b(anaerobic\s+digestion|\bAD\b|biogas|biomethane|methani[sz]ation|m[ée]thanisation|biom[ée]thanisation|verg[äa]rung|vergisting|r[öo]tning|digestate|biog[öo]dsel|biog[øo]dning)\b","composting on the property , submit a composting notification , biowaste for properties with 1 to 4 apartments , we produce soil and biogas","with nearby neighbours For other properties, biowaste collection is mandatory if more than 10 kilograms of biowaste is generated per week. Composting on the property , Submit a composting notification , Biowaste for properties with 1 to 4 apartments , We produce soil and biogas from biowaste Sorting biowaste is important because it is the only way to recover its nutrients and renewable energy. We produce biogas and",regex_include_exclude
[35],Finland - Helsinki region - HSY / regional public utility guidance,Acceptance,Collection liners only,"\b(use|can\s+use|may\s+use|allowed\s+to\s+use|line|pack|collect|wrap)\b.{0,160}\b(compostable|bioplastic|biodegradable|paper)\s+(bag|liner|sack)s?","pack biowaste into a compostable bag, preferably a paper bag","tover cooking oil with a paper towel and place the towel in the biowaste. Do this 1 Choose a biowaste bin that suits your household size. 2 Pack biowaste into a compostable bag, preferably a paper bag. You can get a free biowaste bag from things like a flour bag, cereal box, or newspaper. You can also use store-bought paper bags or compos",regex_include_exclude_context_checked
[35],Finland - Helsinki region - HSY / regional public utility guidance,Certification and Approval Basis,Generic compostable/biodegradable wording only,\b(compostable|biodegradable|industrially\s+compostable|certified\s+compostable|composteerbaar\w*|kompostierbar\w*|compostabil\w*|biod[ée]gradable\w*|biohajoava|kompostoituva|biolagunev\w*|biolo[šs]ko\s+razgradljiv\w*|kompostowaln\w*|biodegradowaln\w*)\b,compostable,"utility guidance | Biowaste | https://www.hsy.fi/en/waste-and-recycling/waste-guide/sorting/biowaste/ Biowaste Biowaste is decomposing and compostable food and kitchen waste. Easily decomposed fibrous materials can also be sorted into biowaste. Yes, please fruit and vegetable peels leftove",regex_include_exclude
[35],Finland - Helsinki region - HSY / regional public utility guidance,Rejection Rationale,Compost/digestate quality or contamination concern,\b(compost\s+quality|digestate\s+quality|microplastic|microplastics|contamination|contaminant|foreign\s+matter|residue|pollutant|clean\s+compost|soil|agricultural\s+use|quality\s+standard|fertiliser|fertilizer|impurity|physical\s+contamination|quality\s+control|nutrient|nutritional\s+value|soil\s+amendment)\b,soil,"rated per week. Composting on the property , Submit a composting notification , Biowaste for properties with 1 to 4 apartments , We produce soil and biogas from biowaste Sorting biowaste is important because it is the only way to recover its nutrients and renewable energy. We produce",regex_include_exclude
[36],United Kingdom - UK-wide - WRAP / Recycle Now guidance,Source Authority,National rule or policy,\b(national|federal|ministry|ministerio|ministere|minist[eè]re|government|agency|department|epa|environment agency|parliament|law|act|regulation|ordinance|decree|bioabfv|ley\s+7/2022|boe|legifrance|gazette|wrap|recycle\s*now|vang-hha|rijkswaterstaat|mohu)\b,wrap,United Kingdom - UK-wide - WRAP / Recycle Now guidance | 18 June 2025 | https://www.wrap.ngo/resources/guide/considerations-compostable-plastic-packaging,metadata_regex + fallback_from_source_label
[36],United Kingdom - UK-wide - WRAP / Recycle Now guidance,Stated Organic-waste Treatment Route,Composting,\b(composting|compost\s+facility|industrial\s+compost|in[- ]?vessel\s+compost|IVC|compostage|compostaggio|compostaje|compostagem|kompostierung|kompostering|kompostointi|kompostiranje|composteerinstallatie|composteerbaar|kompostownia|κομποστοποίηση|κομπόστ|堆肥化|堆肥|퇴비화|퇴비|kompostitav\w*)\b,composting,"packaging and when not to. What you'll learn Clear definitions: what “compostable” really means Certified standards for home and industrial composting A practical decision tree to guide application choices Insights on labelling, communication, and collection systems A breakdown of relevant",regex_include_exclude
[36],United Kingdom - UK-wide - WRAP / Recycle Now guidance,Acceptance,No clear organics route,"\b(no|not|without|lack(?:ing)?)\b.{0,120}\b(industrial\s+composting|composting\s+facility|anaerobic\s+digestion|ad\s+facility)\b",not to. what you'll learn clear definitions: what “compostable” really means certified standards for home and industrial composting,"ckaging professionals cut through the complexity and make evidence-based decisions about when to use compostable plastic packaging and when not to. What you'll learn Clear definitions: what “compostable” really means Certified standards for home and industrial composting A practical decision tree to guide application choices Insights on labelling, communication, and collection systems A breakdown of relevant",regex_include_exclude
[36],United Kingdom - UK-wide - WRAP / Recycle Now guidance,Certification and Approval Basis,Generic compostable/biodegradable wording only,\b(compostable|biodegradable|industrially\s+compostable|certified\s+compostable|composteerbaar\w*|kompostierbar\w*|compostabil\w*|biod[ée]gradable\w*|biohajoava|kompostoituva|biolagunev\w*|biolo[šs]ko\s+razgradljiv\w*|kompostowaln\w*|biodegradowaln\w*)\b,compostable,United Kingdom - UK-wide - WRAP / Recycle Now guidance | 18 June 2025 | https://www.wrap.ngo/resources/guide/considerations-compostable-plastic-packaging 18 June 2025 Guide Considerations for Compostable Plastic Packaging Download Files Log in to add to favourites Compostabl,regex_include_exclude
[36],United Kingdom - UK-wide - WRAP / Recycle Now guidance,Rejection Rationale,No compatible organic-treatment route,"\b(no|not|without|lack(?:ing)?)\b.{0,120}\b(industrial\s+composting|composting\s+facility|anaerobic\s+digestion|ad\s+facility)\b",not to. what you'll learn clear definitions: what “compostable” really means certified standards for home and industrial composting,"ckaging professionals cut through the complexity and make evidence-based decisions about when to use compostable plastic packaging and when not to. What you'll learn Clear definitions: what “compostable” really means Certified standards for home and industrial composting A practical decision tree to guide application choices Insights on labelling, communication, and collection systems A breakdown of relevant",regex_include_exclude
[37],United Kingdom - London Borough of Camden - Camden Council / municipal sorting rule,Source Authority,Municipal sorting rule,,,United Kingdom - London Borough of Camden - Camden Council / municipal sorting rule | Recycling your food waste | https://www.camden.gov.uk/recycling-your-food-waste,source_label_priority
[37],United Kingdom - London Borough of Camden - Camden Council / municipal sorting rule,Stated Organic-waste Treatment Route,Composting,\b(composting|compost\s+facility|industrial\s+compost|in[- ]?vessel\s+compost|IVC|compostage|compostaggio|compostaje|compostagem|kompostierung|kompostering|kompostointi|kompostiranje|composteerinstallatie|composteerbaar|kompostownia|κομποστοποίηση|κομπόστ|堆肥化|堆肥|퇴비화|퇴비|kompostitav\w*)\b,composting,"to use a compostable liner, old newspaper or kitchen roll. You must not use plastic bin bags. Order food waste caddies. Find out more about composting on our garden waste page . If you live on an estate or in a block If you live on an estate or in a block of flats, and there is a communal",regex_include_exclude
[37],United Kingdom - London Borough of Camden - Camden Council / municipal sorting rule,Acceptance,Collection liners only,"\b(food[- ]?waste|kitchen|caddy|organics?|organic[- ]?waste|bio[- ]?waste)\s+(caddy\s+)?(bag|liner|sack)s?\b.{0,140}\b(can|may|must|should|accepted|allowed|permitted|collected|used|use)\b",caddy liners you can,"covered by the trial have received information on the new service, along with a temporary caddy. Order permanent food waste caddy. Compostable caddy liners You can collect compostable liners from your local Camden library or leisure centre for free. If you are unable to visit Camden's libraries or",regex_include_exclude_context_checked
[37],United Kingdom - London Borough of Camden - Camden Council / municipal sorting rule,Certification and Approval Basis,Generic compostable/biodegradable wording only,\b(compostable|biodegradable|industrially\s+compostable|certified\s+compostable|composteerbaar\w*|kompostierbar\w*|compostabil\w*|biod[ée]gradable\w*|biohajoava|kompostoituva|biolagunev\w*|biolo[šs]ko\s+razgradljiv\w*|kompostowaln\w*|biodegradowaln\w*)\b,compostable,"r caddy by 7am on your collection day. You can line your caddy or put the food waste directly in. If you line your caddy, you need to use a compostable liner, old newspaper or kitchen roll. You must not use plastic bin bags. Order food waste caddies. Find out more about composting on our ga",regex_include_exclude
[37],United Kingdom - London Borough of Camden - Camden Council / municipal sorting rule,Rejection Rationale,No compatible organic-treatment route,"\b(no|not|without|lack(?:ing)?)\b.{0,120}\b(organic\s*waste|food\s*waste|biowaste|bio[- ]?waste|organics)\b.{0,120}\b(collection|route|service|infrastructure|facility|treatment|system)\b",not need to go in your general rubbish bin. many homes in camden are eligible for our weekly food waste recycling service,al sorting rule | Recycling your food waste | https://www.camden.gov.uk/recycling-your-food-waste Recycling your food waste Food waste does not need to go in your general rubbish bin. Many homes in Camden are eligible for our weekly food waste recycling service . Food waste can be recycled and turned into low carbon electricity to help power homes or into compost that farmers can use for fertiliser,regex_include_exclude
[38],United Kingdom - Manchester - Manchester City Council / municipal sorting rule,Source Authority,Municipal sorting rule,,,"United Kingdom - Manchester - Manchester City Council / municipal sorting rule | Bins, rubbish and recycling | https://www.manchester.gov.uk/bins-rubbish-and-recycling/blue-bins-bags-and-containers/green-bins-containers-and-boxes",source_label_priority
[38],United Kingdom - Manchester - Manchester City Council / municipal sorting rule,Stated Organic-waste Treatment Route,Treatment route not stated,,,,fallback_default
[38],United Kingdom - Manchester - Manchester City Council / municipal sorting rule,Acceptance,Collection liners only,"\b(food[- ]?waste|bio[- ]?waste|organic\s*waste|kitchen\s*caddy)\b.{0,160}\b(compostable|biodegradable|paper)\s+(bag|liner|sack)s?",food waste should be put in compostable bags,"include: Meat and fish bones Raw and cooked food Tea bags and coffee grinds Egg shells Grass cuttings, hedge clippings, twigs and branches. Food waste should be put in compostable bags first, which can be ordered for free here: Order new kitchen waste bags (caddy liners) . For more information, tips, recipes and help to re",regex_include_exclude_context_checked
[38],United Kingdom - Manchester - Manchester City Council / municipal sorting rule,Certification and Approval Basis,Generic compostable/biodegradable wording only,\b(compostable|biodegradable|industrially\s+compostable|certified\s+compostable|composteerbaar\w*|kompostierbar\w*|compostabil\w*|biod[ée]gradable\w*|biohajoava|kompostoituva|biolagunev\w*|biolo[šs]ko\s+razgradljiv\w*|kompostowaln\w*|biodegradowaln\w*)\b,compostable,"Raw and cooked food Tea bags and coffee grinds Egg shells Grass cuttings, hedge clippings, twigs and branches. Food waste should be put in compostable bags first, which can be ordered for free here: Order new kitchen waste bags (caddy liners) . For more information, tips, recipes and help",regex_include_exclude
[38],United Kingdom - Manchester - Manchester City Council / municipal sorting rule,Rejection Rationale,Reason not explicitly stated,,,,fallback_default
[39],United Kingdom - England - UK Government / national government guidance,Source Authority,National rule or policy,,,United Kingdom - England - UK Government / national government guidance | Guidance | https://www.gov.uk/guidance/simpler-recycling-household-recycling-in-england,source_label_priority
[39],United Kingdom - England - UK Government / national government guidance,Stated Organic-waste Treatment Route,Treatment route not stated,,,,fallback_default
[39],United Kingdom - England - UK Government / national government guidance,Acceptance,Collection liners only,"\b(food[- ]?waste|kitchen|caddy|organics?|organic[- ]?waste|bio[- ]?waste)\s+(caddy\s+)?(bag|liner|sack)s?\b.{0,140}\b(can|may|must|should|accepted|allowed|permitted|collected|used|use)\b",food waste caddy liners used to hold food waste can be collected,"od waste You do not need to collect any plastic packaging or non-packaging items labelled as ‘compostable’ or ‘biodegradable’, including coffee pods. Food waste caddy liners used to hold food waste can be collected. Garden waste You do not need to collect: animal bedding bulky waste (including garden furniture and fencing) garden tools or oth",regex_include_exclude_context_checked
[39],United Kingdom - England - UK Government / national government guidance,Certification and Approval Basis,Government/programme approval,"\b(official|approved|designated|provided|supplied|distributed|council[- ]?supplied|municipal[- ]?supplied|city[- ]?supplied|programme[- ]?approved|program[- ]?approved)\b.{0,120}\b(bag|liner|sack|item|product)s?\b","provided to households or for them to be used. where liners are used, you should promote the use of liners","all bin suitable for the kitchen (often called a caddy) and a larger bin for outside (for collection). There is no requirement for caddy liners to be provided to households or for them to be used. Where liners are used, you should promote the use of liners that have the lowest carbon and wider environmental impacts. This could include liners made from: bio-based biodegradable plastic",regex_include_exclude
[39],United Kingdom - England - UK Government / national government guidance,Rejection Rationale,No compatible organic-treatment route,"\b(no|not|without|lack(?:ing)?)\b.{0,120}\b(organic\s*waste|food\s*waste|biowaste|bio[- ]?waste|organics)\b.{0,120}\b(collection|route|service|infrastructure|facility|treatment|system)\b",not want to pay for one) and that they are still entitled to a free weekly food waste collection,tted to charge for the collection of garden waste. Householders should be made aware that they do not need to have a garden waste service (if they do not want to pay for one) and that they are still entitled to a free weekly food waste collection. Windfall fruit (fruit falling from fruit trees) must be collected if it is put in the garden waste or the food waste stream. How,regex_include_exclude
[40],United Kingdom - East Sussex - East Sussex County Council / municipal sorting rule,Source Authority,Municipal sorting rule,,,United Kingdom - East Sussex - East Sussex County Council / municipal sorting rule | Food waste collections | https://www.eastsussex.gov.uk/rubbish-recycling/food-waste-collections,source_label_priority
[40],United Kingdom - East Sussex - East Sussex County Council / municipal sorting rule,Stated Organic-waste Treatment Route,Composting,\b(composting|compost\s+facility|industrial\s+compost|in[- ]?vessel\s+compost|IVC|compostage|compostaggio|compostaje|compostagem|kompostierung|kompostering|kompostointi|kompostiranje|composteerinstallatie|composteerbaar|kompostownia|κομποστοποίηση|κομπόστ|堆肥化|堆肥|퇴비화|퇴비|kompostitav\w*)\b,composting,"ent to waste incineration. Instead, we can recycle food waste to make a nutrient rich soil conditioner. This happens at Woodlands In-vessel Composting Facility in Whitesmith, near Lewes. You can buy this soil conditioner at our household waste recycling sites in East Sussex. See reuse sho",regex_include_exclude
[40],United Kingdom - East Sussex - East Sussex County Council / municipal sorting rule,Acceptance,Collection liners only,"\b(use|can\s+use|may\s+use|allowed\s+to\s+use|line|pack|collect|wrap)\b.{0,160}\b(compostable|bioplastic|biodegradable|paper)\s+(bag|liner|sack)s?",pack consisting of: a new food waste bin a kitchen caddy a roll of compostable liners,ollections were only available for people living in Lewes district. What you will receive Every household will receive a food waste starter pack consisting of: a new food waste bin a kitchen caddy a roll of compostable liners Your district or borough council will deliver this pack and let you know when collections will start in your area. You can check collection,regex_include_exclude_context_checked
[40],United Kingdom - East Sussex - East Sussex County Council / municipal sorting rule,Certification and Approval Basis,EN 13432 / OK compost / Seedling,\b(en|din\s*en|uni\s*en|bs\s*en|nf\s*en)?\s*13432\b,en 13432,"ompostable packaging in your food waste bin. If using compostable liner, they must display the seedling logo. This shows that they meet the EN 13432 standard and are compostable. Why we are introducing food waste collections By using your food waste bin, you are helping to: reduce waste",regex_include_exclude
[40],United Kingdom - East Sussex - East Sussex County Council / municipal sorting rule,Rejection Rationale,Compost/digestate quality or contamination concern,\b(compost\s+quality|digestate\s+quality|microplastic|microplastics|contamination|contaminant|foreign\s+matter|residue|pollutant|clean\s+compost|soil|agricultural\s+use|quality\s+standard|fertiliser|fertilizer|impurity|physical\s+contamination|quality\s+control|nutrient|nutritional\s+value|soil\s+amendment)\b,nutrient,"usehold produces 1.83kg of food waste each week. This is currently sent to waste incineration. Instead, we can recycle food waste to make a nutrient rich soil conditioner. This happens at Woodlands In-vessel Composting Facility in Whitesmith, near Lewes. You can buy this soil conditioner",regex_include_exclude
[41],United Kingdom - Cornwall - Cornwall Council / municipal sorting rule,Source Authority,Municipal sorting rule,,,United Kingdom - Cornwall - Cornwall Council / municipal sorting rule | Food waste | https://www.cornwall.gov.uk/rubbish-recycling-and-waste/recycling-and-rubbish-collections/how-to-use-your-new-food-waste-recycling-service/,source_label_priority
[41],United Kingdom - Cornwall - Cornwall Council / municipal sorting rule,Stated Organic-waste Treatment Route,Treatment route not stated,,,,fallback_default
[41],United Kingdom - Cornwall - Cornwall Council / municipal sorting rule,Acceptance,Collection liners only,"\b(use|can\s+use|may\s+use|allowed\s+to\s+use|line|pack|collect|wrap)\b.{0,160}\b(compostable|bioplastic|biodegradable|paper)\s+(bag|liner|sack)s?","use a liner , you can put your food waste straight into your caddy if you'd prefer. many people choose to line their caddy with a compostable liner","If you’ve moved to a new build home , you’ll need to order food waste, recycling and rubbish containers for your property You don't have to use a liner , you can put your food waste straight into your caddy if you'd prefer. Many people choose to line their caddy with a compostable liner. Liners are separated from food waste at the start of the recycling process by a series of large metal paddles. If you live in a flat and",regex_include_exclude_context_checked
[41],United Kingdom - Cornwall - Cornwall Council / municipal sorting rule,Certification and Approval Basis,Generic compostable/biodegradable wording only,\b(compostable|biodegradable|industrially\s+compostable|certified\s+compostable|composteerbaar\w*|kompostierbar\w*|compostabil\w*|biod[ée]gradable\w*|biohajoava|kompostoituva|biolagunev\w*|biolo[šs]ko\s+razgradljiv\w*|kompostowaln\w*|biodegradowaln\w*)\b,compostable,"'t have to use a liner , you can put your food waste straight into your caddy if you'd prefer. Many people choose to line their caddy with a compostable liner. Liners are separated from food waste at the start of the recycling process by a series of large metal paddles. If you live in a fl",regex_include_exclude
[41],United Kingdom - Cornwall - Cornwall Council / municipal sorting rule,Rejection Rationale,Compost/digestate quality or contamination concern,\b(compost\s+quality|digestate\s+quality|microplastic|microplastics|contamination|contaminant|foreign\s+matter|residue|pollutant|clean\s+compost|soil|agricultural\s+use|quality\s+standard|fertiliser|fertilizer|impurity|physical\s+contamination|quality\s+control|nutrient|nutritional\s+value|soil\s+amendment)\b,soil,"anaerobic digestion facility in Holsworthy. There, it’s turned into renewable energy as well as a biofertiliser which can be used to improve soil quality. Find out more about what happens to your food waste Reduce your food waste The average family could reduce their food waste and",regex_include_exclude
[42],United Kingdom - Portsmouth - Portsmouth City Council / municipal sorting rule,Source Authority,Municipal sorting rule,,,United Kingdom - Portsmouth - Portsmouth City Council / municipal sorting rule | Food waste collection | https://www.portsmouth.gov.uk/services/recycling-and-rubbish/recycling/food-waste-collection-service/,source_label_priority
[42],United Kingdom - Portsmouth - Portsmouth City Council / municipal sorting rule,Stated Organic-waste Treatment Route,AD/biogas only,\b(anaerobic\s+digestion|\bAD\b|biogas|biomethane|methani[sz]ation|m[ée]thanisation|biom[ée]thanisation|verg[äa]rung|vergisting|biokaas|biogaz|biogass|biogasanlegg|r[öo]tning|biog[öo]dsel|biog[øo]dning|digestate|厌氧|厭氧|沼气|沼氣)\b,anaerobic digestion,ration. Food waste collected in grey caddies is sent to a specialist facility where it’s broken down by micro-organisms in a process called anaerobic digestion (AD). The process creates a gas that can be used as fuel and a nutrient-rich material that can be used as fertilizer. For more information,regex_include_exclude
[42],United Kingdom - Portsmouth - Portsmouth City Council / municipal sorting rule,Acceptance,Collection liners only,"\b(food[- ]?waste|bio[- ]?waste|organic\s*waste|kitchen\s*caddy)\b.{0,160}\b(compostable|biodegradable|paper)\s+(bag|liner|sack)s?",food waste what you cannot put in your caddies please do not put the following in your caddies: packaging of any kind (except compostable bag,"e, pasta and beans baked goods such as bread, cakes and pastries fruit and vegetables, including raw and cooked vegetables and peelings pet food waste What you cannot put in your caddies Please do not put the following in your caddies: packaging of any kind (except compostable bag to line the caddy) plastic bags glass liquids such as milk (these may leak during transport) cat litter or animal faeces compostable cutler",regex_include_exclude_context_checked
[42],United Kingdom - Portsmouth - Portsmouth City Council / municipal sorting rule,Certification and Approval Basis,EN 13432 / OK compost / Seedling,\b(en|din\s*en|uni\s*en|bs\s*en|nf\s*en)?\s*13432\b,en13432,"f you use caddy liners, make sure they’re fully compostable and have the seedling logo, or say they are 100% compostable with the reference EN13432. You can also line it with newspaper, which will be composted. You do not have to use liners. You can wash the caddy regularly to keep it c",regex_include_exclude
[42],United Kingdom - Portsmouth - Portsmouth City Council / municipal sorting rule,Rejection Rationale,Compost/digestate quality or contamination concern,\b(compost\s+quality|digestate\s+quality|microplastic|microplastics|contamination|contaminant|foreign\s+matter|residue|pollutant|clean\s+compost|soil|agricultural\s+use|quality\s+standard|fertiliser|fertilizer|impurity|physical\s+contamination|quality\s+control|nutrient|nutritional\s+value|soil\s+amendment)\b,nutrient,"it’s broken down by micro-organisms in a process called anaerobic digestion (AD). The process creates a gas that can be used as fuel and a nutrient-rich material that can be used as fertilizer. For more information on anaerobic digestion, visit The Official Information Portal on Anaerob",regex_include_exclude
[43],United Kingdom - Lichfield - Lichfield District Council / municipal sorting rule,Source Authority,Municipal sorting rule,,,United Kingdom - Lichfield - Lichfield District Council / municipal sorting rule | All about the new food waste service | https://www.lichfielddc.gov.uk/food-waste-3/food-waste/5,source_label_priority
[43],United Kingdom - Lichfield - Lichfield District Council / municipal sorting rule,Stated Organic-waste Treatment Route,Treatment route not stated,,,,fallback_default
[43],United Kingdom - Lichfield - Lichfield District Council / municipal sorting rule,Acceptance,Rejected,"please\s+do\s+not\s+use:.{0,260}compostable\s+bags.{0,220}(?:clog\s+up\s+the\s+machinery|aren[’']?t\s+composted|sent\s+to\s+be\s+incinerated)","please do not use: solid colour bags of waste - we need to be able to see the food waste inside bags. compostable bags, as they break down too quickly and clog up the machinery at the processing plant. they also aren't composted and are sent to be incinerated","caddy liners if you would prefer, but please make sure they are clear plastic, so we can check that the food waste inside can be recycled. Please do not use: Solid colour bags of waste - we need to be able to see the food waste inside bags. Compostable bags, as they break down too quickly and clog up the machinery at the processing plant. They also aren’t composted and are sent to be incinerated. Longer terms, when soft plastic recycling is introduced, the caddy liners will also be sent to be recycled. Why recycle your food waste? F",regex_include_exclude
[43],United Kingdom - Lichfield - Lichfield District Council / municipal sorting rule,Certification and Approval Basis,Generic compostable/biodegradable wording only,\b(compostable|biodegradable|industrially\s+compostable|certified\s+compostable|composteerbaar\w*|kompostierbar\w*|compostabil\w*|biod[ée]gradable\w*|biohajoava|kompostoituva|biolagunev\w*|biolo[šs]ko\s+razgradljiv\w*|kompostowaln\w*|biodegradowaln\w*)\b,compostable,"he food waste inside can be recycled. Please do not use: Solid colour bags of waste - we need to be able to see the food waste inside bags. Compostable bags, as they break down too quickly and clog up the machinery at the processing plant. They also aren’t composted and are sent to be incin",regex_include_exclude
[43],United Kingdom - Lichfield - Lichfield District Council / municipal sorting rule,Rejection Rationale,Pre-treatment/screening/equipment constraint,\b(pre[- ]?treatment|screening|screened\s+out|front[- ]?end|sorting\s+plant|shredder|sieve|sieving|pulper|separator|machine|pump|pipe|clog|jam|remove[d]?\s+before|sorted\s+out|mechanical\s+sorting|sorting\s+facility)\b,clog,"se: Solid colour bags of waste - we need to be able to see the food waste inside bags. Compostable bags, as they break down too quickly and clog up the machinery at the processing plant. They also aren’t composted and are sent to be incinerated. Longer terms, when soft plastic recycl",regex_include_exclude
[44],Ireland - National brown-bin guidance - MyWaste / official national guidance,Source Authority,National rule or policy,,,Ireland - National brown-bin guidance - MyWaste / official national guidance | The brown bin | https://mywaste.ie/dispose-waste/at-home/three-bin-system/brown-bin/,source_label_priority
[44],Ireland - National brown-bin guidance - MyWaste / official national guidance,Stated Organic-waste Treatment Route,AD/biogas + composting,"\b(compost|composting|kompost|compostaggio|compostaje|compostagem|kompostering|kompostointi|kompostiranje|κομποστοποίηση|堆肥|퇴비)\b.{0,180}\b(anaerobic\s+digestion|\bAD\b|biogas|biomethane|methani[sz]ation|m[ée]thanisation|biom[ée]thanisation|verg[äa]rung|vergisting|r[öo]tning|digestate|biog[öo]dsel|biog[øo]dning)\b",composting site or to an anaerobic digestion,"lders can simply separate cooked and raw food and leave the bin out as part of your normal kerbside waste collection so it can be sent to a composting site or to an anaerobic digestion plant to make green energy. What goes in the brown bin? Food waste includes all cuttings, peels or leftovers from your kitchen like: Raw &",regex_include_exclude
[44],Ireland - National brown-bin guidance - MyWaste / official national guidance,Acceptance,Accepted broadly,compostable\s+packaging\s*\(all\s+must\s+be\s+certified\s+to\s+en\s*13432\),compostable packaging (all must be certified to en13432),Bread Coffee grinds & tea bags Kitchen roll/tissue Meat & fish Light garden waste includes: Grass and plant clippings Twigs Small branches Compostable Packaging (all must be certified to EN13432): Takeaway cup Takeaway bowls Compostable cutlery Everyone everywhere is entitled to a brown bin collection service Brown bin collection ser,regex_include_exclude_context_checked
[44],Ireland - National brown-bin guidance - MyWaste / official national guidance,Certification and Approval Basis,EN 13432 / OK compost / Seedling,\b(en|din\s*en|uni\s*en|bs\s*en|nf\s*en)?\s*13432\b,en13432,sue Meat & fish Light garden waste includes: Grass and plant clippings Twigs Small branches Compostable Packaging (all must be certified to EN13432): Takeaway cup Takeaway bowls Compostable cutlery Everyone everywhere is entitled to a brown bin collection service Brown bin collection se,regex_include_exclude
[44],Ireland - National brown-bin guidance - MyWaste / official national guidance,Rejection Rationale,Not applicable - not a rejection/restriction case,,,,derived_from_acceptance
[45],Switzerland - Federal / local varies - FOEN/BAFU / federal guidance,Source Authority,National rule or policy,,,Switzerland - Federal / local varies - FOEN/BAFU / federal guidance | Veröffentlicht am 24. März 2017 | https://www.bafu.admin.ch/de/biokunststoff-alles-abbaubar,source_label_priority
[45],Switzerland - Federal / local varies - FOEN/BAFU / federal guidance,Stated Organic-waste Treatment Route,AD/biogas + composting,"\b(anaerobic\s+digestion|\bAD\b|biogas|biomethane|methani[sz]ation|m[ée]thanisation|biom[ée]thanisation|verg[äa]rung|vergisting|r[öo]tning|digestate|biog[öo]dsel|biog[øo]dning)\b.{0,180}\b(compost|composting|kompost|compostaggio|compostaje|compostagem|kompostering|kompostointi|kompostiranje|κομποστοποίηση|堆肥|퇴비)",vergärung in der biogasanlage entsteht neben dem stofflich verwertbaren gärgut wertvolle erneuerbare energie: das biogas. das grüngut wird auch in form von kompost,"er mehr Grünabfälle werden verwertet. Bereits 85 Prozent der gesamten Grünabfallmenge gelangt in Kompostier- und Vergärungsanlagen. Bei der Vergärung in der Biogasanlage entsteht neben dem stofflich verwertbaren Gärgut wertvolle erneuerbare Energie: das Biogas. Das Grüngut wird auch in Form von Kompost oder festem Gärgut als Dünger und Bodenverbesserer in der Landwirtschaft verwendet. Grüngut separat sammeln macht Sinn, denn damit werden S",regex_include_exclude
[45],Switzerland - Federal / local varies - FOEN/BAFU / federal guidance,Acceptance,Rejected,"(plastik|kunststoff|bioplastik|biokunststoff|kompostierbare?\w*\s+(biobeutel|beutel|t[üu]ten)|verpackungen|folien|t[üu]ten).{0,180}(d[üu]rfen\s+nicht|geh[öo]ren\s+nicht|nicht\s+in\s+(die\s+)?biotonne|darf\s+nicht\s+rein|kein\s+plastik|verboten|nicht\s+ausreichend)","kunststoff, also mit den herkömmlichen verpackungen, hergestellt aus erdöl. diese gehören nicht","ändig abgebaut sind, was zu Problemen in der Recycling- und Entsorgungsbranche führt. Zudem besteht eine Verwechslungsgefahr mit «normalem» Kunststoff, also mit den herkömmlichen Verpackungen, hergestellt aus Erdöl. Diese gehören nicht in die Kompostierungs- und Vergärungsanlagen. Das vorliegende Dossier, ergänzt mit der Studie «BAW vergären & kompostieren?», bietet eine Ü",regex_include_exclude
[45],Switzerland - Federal / local varies - FOEN/BAFU / federal guidance,Certification and Approval Basis,Generic compostable/biodegradable wording only,\b(compostable|biodegradable|industrially\s+compostable|certified\s+compostable|composteerbaar\w*|kompostierbar\w*|compostabil\w*|biod[ée]gradable\w*|biohajoava|kompostoituva|biolagunev\w*|biolo[šs]ko\s+razgradljiv\w*|kompostowaln\w*|biodegradowaln\w*)\b,kompostierbar,t jeweils zwei unterschiedlichen Bezeichnungen: «bio-basiert» oder «aus erneuerbaren Ressourcen» einerseits und «biologisch abbaubar» oder «kompostierbar» andererseits. Nicht alle Biokunststoffe sind auch tatsächlich biologisch abbaubar und können kompostiert oder vergärt werden. Das verwirrt,regex_include_exclude
[45],Switzerland - Federal / local varies - FOEN/BAFU / federal guidance,Rejection Rationale,AD/biogas incompatibility,"\b(anaerobic\s+digestion|\bAD\b|biogas|digest(?:ion|er)|m[ée]thanisation|methani[sz]ation|verg[äa]rung|biokaas|bioverg[äa]rungsanlage|biogass|biogasanlegg|biogödsel|biogødning)\b.{0,240}\b(compostable|biodegradable|bag|liner|plastic|packaging|break\s+down|clog|screen|reject|incompatib|problem)",biogas- und kompostieranlagen kein problem,"t, die BAW Grünabfallbeutel mit Gitterdruck zu kennzeichnen. Abfallbeutel mit Gitterdruck und andere Gitterdrucksäcke sind für industrielle Biogas- und Kompostieranlagen kein Problem. Wo sie nicht vollständig vergärbar sind, können sie mehrheitlich durch die nachfolgende Siebung, Kompostierung oder mechanische Trennung e",regex_include_exclude
[46],"United States - San Francisco, California - Recology SF + SF Environment / waste company + ordinance",Source Authority,Waste operator or treatment-facility rule,,,"United States - San Francisco, California - Recology SF + SF Environment / waste company + ordinance | What Goes Where | https://www.recology.com/recology-san-francisco/what-goes-where/",source_label_priority
[46],"United States - San Francisco, California - Recology SF + SF Environment / waste company + ordinance",Stated Organic-waste Treatment Route,Composting,\b(composting|compost\s+facility|industrial\s+compost|in[- ]?vessel\s+compost|IVC|compostage|compostaggio|compostaje|compostagem|kompostierung|kompostering|kompostointi|kompostiranje|composteerinstallatie|composteerbaar|kompostownia|κομποστοποίηση|κομπόστ|堆肥化|堆肥|퇴비화|퇴비|kompostitav\w*)\b,composting,"t how to properly dispose of your items below. COMPOST RECYCLE LANDFILL NO BIN We accept food scraps, soiled paper, and plants in the green composting cart. Contact us with any questions on sorting. Acceptable Composting Materials Unacceptable Materials Food Scraps: All fruits and vegetabl",regex_include_exclude
[46],"United States - San Francisco, California - Recology SF + SF Environment / waste company + ordinance",Acceptance,Accepted broadly,"acceptable\s+composting\s+materials.{0,700}(?:b\.?p\.?i\.?\s+compostable\s+bags|bpi[- ]?certified).{0,500}(?:natural\s+fiber[- ]based\s+cups|plates|bowls|utensils|bagasse)","acceptable composting materials unacceptable materials food scraps: all fruits and vegetables (including pits and shells) coffee grounds and tea leaves dairy products (no liquids) eggshells and eggs leftovers and spoiled food cooked meat (including bones) seafood (including shellfish) dirty, soiled paper: greasy pizza boxes and paper bags paper coffee filters and tea bags paper plates paper napkins, tissues, and paper towels paper take-out boxes and containers plants: all plant debris, including flowers, leaves, weeds, and branches tree trimmings (less than 6” in diameter and 4' long) other: b.p.i. compostable bags natural fiber-based cups, plates, bowls, utensils (bamboo, wood, bagasse","CLE LANDFILL NO BIN We accept food scraps, soiled paper, and plants in the green composting cart. Contact us with any questions on sorting. Acceptable Composting Materials Unacceptable Materials Food Scraps: All fruits and vegetables (including pits and shells) Coffee grounds and tea leaves Dairy products (no liquids) Eggshells and eggs Leftovers and spoiled food Cooked meat (including bones) Seafood (including shellfish) Dirty, Soiled Paper: Greasy pizza boxes and paper bags Paper coffee filters and tea bags Paper plates Paper napkins, tissues, and paper towels Paper take-out boxes and containers Plants: All plant debris, including flowers, leaves, weeds, and branches Tree trimmings (less than 6” in diameter and 4’ long) Other: B.P.I. Compostable bags Natural fiber-based cups, plates, bowls, utensils (Bamboo, wood, Bagasse) Cooking grease: Small amounts can be soaked up with a paper towel and composted. Corks (no plastic) Vegetable wood crates Waxed cardboard",regex_include_exclude_context_checked
[46],"United States - San Francisco, California - Recology SF + SF Environment / waste company + ordinance",Certification and Approval Basis,Generic compostable/biodegradable wording only,\b(compostable|biodegradable|industrially\s+compostable|certified\s+compostable|composteerbaar\w*|kompostierbar\w*|compostabil\w*|biod[ée]gradable\w*|biohajoava|kompostoituva|biolagunev\w*|biolo[šs]ko\s+razgradljiv\w*|kompostowaln\w*|biodegradowaln\w*)\b,compostable,"lants: All plant debris, including flowers, leaves, weeds, and branches Tree trimmings (less than 6” in diameter and 4’ long) Other: B.P.I. Compostable bags Natural fiber-based cups, plates, bowls, utensils (Bamboo, wood, Bagasse) Cooking grease: Small amounts can be soaked up with a paper",regex_include_exclude
[46],"United States - San Francisco, California - Recology SF + SF Environment / waste company + ordinance",Rejection Rationale,Not applicable - not a rejection/restriction case,,,,derived_from_acceptance
[47],"United States - Seattle, Washington - Seattle Public Utilities / municipal rule",Source Authority,Municipal sorting rule,\b(city|municipal|municipality|commune|gemeente|gemeinde|borough|district|council|town|ville|stadt|ayuntamiento|comune|cidade|municipio|município|municipalidad|ciudad|miasto|urząd|alcald[ií]a|oslo|berlin|munich|hamburg|cologne|amsterdam|vienna|milan|barcelona|vigo|toronto|seattle|austin|san francisco|tokyo|seoul|prague|alimos|riga|krak[oó]w|toru[nń]|warsaw|bratislava|vilnius|ljubljana|maribor|christchurch|auckland|vitacura|las\s+palmas|brno|copenhagen|reykjav[ií]k|portland|new\s+york\s+city|minamata|zushi|providencia|santa\s+juana|wrocław|wroclaw)\b,seattle,"United States - Seattle, Washington - Seattle Public Utilities / municipal rule | Business & Commercial Compostables - Food Service Packaging Requirements | https:",metadata_regex + fallback_from_source_label
[47],"United States - Seattle, Washington - Seattle Public Utilities / municipal rule",Stated Organic-waste Treatment Route,Composting,\b(composting|compost\s+facility|industrial\s+compost|in[- ]?vessel\s+compost|IVC|compostage|compostaggio|compostaje|compostagem|kompostierung|kompostering|kompostointi|kompostiranje|composteerinstallatie|composteerbaar|kompostownia|κομποστοποίηση|κομπόστ|堆肥化|堆肥|퇴비화|퇴비|kompostitav\w*)\b,composting,"ners, cups, straws, utensils, and other packaging and serveware products. Single-use items that are not accepted in Seattle’s recycling and composting programs are not allowed. Single-use items used for on-premises food service must be approved and labeled compostable. These requirements a",regex_include_exclude
[47],"United States - Seattle, Washington - Seattle Public Utilities / municipal rule",Acceptance,Accepted broadly,"\b(compostable|certified\s+compostable|bpi[- ]?certified)\b.{0,100}\b(serviceware|food[- ]?service|take[- ]?away|cups?|plates?|bowls?|containers?|cutlery|packaging)\b.{0,140}\b(accepted|allowed|permitted|can\s+(?:go|be\s+placed)|may\s+(?:go|be\s+placed)|place[d]?\s+in|put\s+in)\b.{0,100}\b(green\s+bin|brown\s+bin|organics?|organic\s+waste|food\s+waste|compost(?:ing)?)\b","compostable for onsite use and recyclable or compostable for take-away, this includes items such as plates, bowls, boats, trays, clamshells, containers, cups, straws, utensils, and other packaging and serveware products. single-use items that are not accepted in seattle's recycling and composting","od service businesses to use reusable serveware or if using single-use food service packaging and serviceware, the single-use items must be compostable for onsite use and recyclable or compostable for take-away, This includes items such as plates, bowls, boats, trays, clamshells, containers, cups, straws, utensils, and other packaging and serveware products. Single-use items that are not accepted in Seattle’s recycling and composting programs are not allowed. Single-use items used for on-premises food service must be approved and labeled compostable. These requirements a",regex_include_exclude_context_checked
[47],"United States - Seattle, Washington - Seattle Public Utilities / municipal rule",Certification and Approval Basis,BPI / ASTM / CMA,\bbpi\b|\bbiodegradable\s+products\s+institute\b,bpi,ifiable” and certified by a third-party as compostable. Search for certified compostable products and request info about product testing via BPI and CMA . Caution: A large number of products advertised as “biodegradable” are not compostable. Use of the term “biodegradable” and simil,regex_include_exclude
[47],"United States - Seattle, Washington - Seattle Public Utilities / municipal rule",Rejection Rationale,Not applicable - not a rejection/restriction case,,,,derived_from_acceptance
[48],"United States - Hennepin County, Minnesota - Hennepin County / regional government guidance",Source Authority,"State, provincial, regional, or canton rule",,,"United States - Hennepin County, Minnesota - Hennepin County / regional government guidance | Environment | https://www.hennepincounty.gov/services/environment/recycling/at-home-recycling/organics-recycling-home",source_label_priority
[48],"United States - Hennepin County, Minnesota - Hennepin County / regional government guidance",Stated Organic-waste Treatment Route,Composting,\b(composting|compost\s+facility|industrial\s+compost|in[- ]?vessel\s+compost|IVC|compostage|compostaggio|compostaje|compostagem|kompostierung|kompostering|kompostointi|kompostiranje|composteerinstallatie|composteerbaar|kompostownia|κομποστοποίηση|κομπόστ|堆肥化|堆肥|퇴비화|퇴비|kompostitav\w*)\b,composting,"organics recycling guide (PDF, 1MB) for the list of what's accepted. These items can be successfully broken down by microbes at commercial composting facilities and turned into nutrient-rich compost that is used to improve soil in gardens, farms, and landscaping projects. The guide also i",regex_include_exclude
[48],"United States - Hennepin County, Minnesota - Hennepin County / regional government guidance",Acceptance,Accepted broadly,"\b(certified\s+compostable|bpi[- ]?certified)\b.{0,120}\b(cups?|plates?|bowls?|containers?|cutlery|serviceware|packaging)\b.{0,160}\b(accepted|allowed|permitted|green\s+bin|brown\s+bin|organics\s+bin)","bpi certified on the product or its container) food-soiled pizza boxes from delivery (clean, empty, and grease-free pizza boxes may be accepted","pted: BPI certified compostable products including cups, plates, bowls, containers, parchment, and wax paper (must have the BPI logo or say BPI certified on the product or its container) Food-soiled pizza boxes from delivery (clean, empty, and grease-free pizza boxes may be accepted for recycling by your program. Remove sticker labels.) Napkins and food-soiled paper towels Paper bags soiled with food or grease (if they",regex_include_exclude_context_checked
[48],"United States - Hennepin County, Minnesota - Hennepin County / regional government guidance",Certification and Approval Basis,BPI / ASTM / CMA,\bbpi\b|\bbiodegradable\s+products\s+institute\b,bpi,"ne that is deadly to many plants) Chewing gum Grease, oil, or other liquids (small amounts are okay) Paper products and packaging Accepted: BPI certified compostable products including cups, plates, bowls, containers, parchment, and wax paper (must have the BPI logo or say BPI certi",regex_include_exclude
[48],"United States - Hennepin County, Minnesota - Hennepin County / regional government guidance",Rejection Rationale,Not applicable - not a rejection/restriction case,,,,derived_from_acceptance
[49],United States - Minnesota - Minnesota Pollution Control Agency / regional government guidance,Source Authority,"State, provincial, regional, or canton rule",,,United States - Minnesota - Minnesota Pollution Control Agency / regional government guidance | Why should I take advantage of organics recycling in my community? | https://www.pca.state.mn.us/air-water-land-climate/frequently-asked-questions-about-organics-recycling,source_label_priority
[49],United States - Minnesota - Minnesota Pollution Control Agency / regional government guidance,Stated Organic-waste Treatment Route,Composting,\b(composting|compost\s+facility|industrial\s+compost|in[- ]?vessel\s+compost|IVC|compostage|compostaggio|compostaje|compostagem|kompostierung|kompostering|kompostointi|kompostiranje|composteerinstallatie|composteerbaar|kompostownia|κομποστοποίηση|κομπόστ|堆肥化|堆肥|퇴비화|퇴비|kompostitav\w*)\b,composting,"nic materials, including food and compostable packaging, make up about 25 percent of the trash stream. Diverting organics from our trash to composting facilities will slow down the rate at which our landfills are growing and will avoid the long-term costs and environmental consequences to",regex_include_exclude
[49],United States - Minnesota - Minnesota Pollution Control Agency / regional government guidance,Acceptance,No clear organics route,"\b(no|not|without|lack(?:ing)?)\b.{0,120}\b(organic\s*waste|food\s*waste|biowaste|bio[- ]?waste|organics)\b.{0,120}\b(collection|route|service|infrastructure|facility|treatment|system)\b","not yet have access to curbside organics recycling. check with your county, city, or residential waste hauler to see if curbside service or drop-site service","y offered organics recycling. How can I participate in curbside organics recycling? Each community is different. Many parts of the state do not yet have access to curbside organics recycling. Check with your county, city, or residential waste hauler to see if curbside service or drop-site service is available in your area. What items can I place in my organics? Organic recycling programs typically collect: all food including meat, da",regex_include_exclude
[49],United States - Minnesota - Minnesota Pollution Control Agency / regional government guidance,Certification and Approval Basis,BPI / ASTM / CMA,\bbpi\b|\bbiodegradable\s+products\s+institute\b,bpi,"er towels, and paper egg cartons certified compostable products including paper plates, cups, bowls, containers, and utensils that have the BPI logo showing they are certified as compostable other compostable items including coffee grounds and filters; hair and nail clippings; cotto",regex_include_exclude
[49],United States - Minnesota - Minnesota Pollution Control Agency / regional government guidance,Rejection Rationale,No compatible organic-treatment route,"\b(no|not|without|lack(?:ing)?)\b.{0,120}\b(organic\s*waste|food\s*waste|biowaste|bio[- ]?waste|organics)\b.{0,120}\b(collection|route|service|infrastructure|facility|treatment|system)\b","not yet have access to curbside organics recycling. check with your county, city, or residential waste hauler to see if curbside service or drop-site service","y offered organics recycling. How can I participate in curbside organics recycling? Each community is different. Many parts of the state do not yet have access to curbside organics recycling. Check with your county, city, or residential waste hauler to see if curbside service or drop-site service is available in your area. What items can I place in my organics? Organic recycling programs typically collect: all food including meat, da",regex_include_exclude
[50],"United States - Woodland, California - City of Woodland / municipal sorting rule",Source Authority,Municipal sorting rule,,,"United States - Woodland, California - City of Woodland / municipal sorting rule | Skip to Main Content | https://www.cityofwoodland.gov/731/Residential-Organics-Recycling",source_label_priority
[50],"United States - Woodland, California - City of Woodland / municipal sorting rule",Stated Organic-waste Treatment Route,Composting,\b(composting|compost\s+facility|industrial\s+compost|in[- ]?vessel\s+compost|IVC|compostage|compostaggio|compostaje|compostagem|kompostierung|kompostering|kompostointi|kompostiranje|composteerinstallatie|composteerbaar|kompostownia|κομποστοποίηση|κομπόστ|堆肥化|堆肥|퇴비화|퇴비|kompostitav\w*)\b,composting,"to Main Content | https://www.cityofwoodland.gov/731/Residential-Organics-Recycling yard waste, will be taken to the Yolo County Landfill's composting facility to be processed into compost! Separating food scraps and food-soiled paper is easy and will help Woodland and California reach our",regex_include_exclude
[50],"United States - Woodland, California - City of Woodland / municipal sorting rule",Acceptance,Collection liners only,"\b(use|can\s+use|may\s+use|allowed\s+to\s+use|line|pack|collect|wrap)\b.{0,160}\b(compostable|bioplastic|biodegradable|paper)\s+(bag|liner|sack)s?","line it: if you decide to line your collection bin, use paper bags, newspaper, or bpi-certified compostable liners","in an old coffee can or bucket. Place under sink or counter for easy access. Empty it: Empty your food scrap bin frequently to reduce odors. Line it: If you decide to line your collection bin, use paper bags, newspaper, or BPI-certified compostable liners. Learn how to fold a newspaper liner for your food scrap bin (PDF) . Wrap it: Wrap meat and leftovers in newspaper before placing them in",regex_include_exclude_context_checked
[50],"United States - Woodland, California - City of Woodland / municipal sorting rule",Certification and Approval Basis,BPI / ASTM / CMA,\bbpi\b|\bbiodegradable\s+products\s+institute\b,bpi,"cycle 75% of our waste by 2025. Organics carts are serviced once a week year-round, on the same day as your trash and recycle cart pick-up. BPI Certified green bags are acceptable. Your organics cart must not contain limbs over 5 feet long, large stumps, metal, concrete, gravel, or",regex_include_exclude
[50],"United States - Woodland, California - City of Woodland / municipal sorting rule",Rejection Rationale,Compost/digestate quality or contamination concern,\b(compost\s+quality|digestate\s+quality|microplastic|microplastics|contamination|contaminant|foreign\s+matter|residue|pollutant|clean\s+compost|soil|agricultural\s+use|quality\s+standard|fertiliser|fertilizer|impurity|physical\s+contamination|quality\s+control|nutrient|nutritional\s+value|soil\s+amendment)\b,microplastics,"an entire truckload of organics to end up in the landfill. Biodegradable bags are usually composed of plastic and can add harmful toxins and microplastics to our compost. Won’t separating my organics make my trash smell worse? It depends. Your organic matter is already going into your trash,",regex_include_exclude
[51],"United States - San Antonio, Texas - City of San Antonio / municipal sorting rule",Source Authority,Municipal sorting rule,,,"United States - San Antonio, Texas - City of San Antonio / municipal sorting rule | opens in new tab or window | https://www.sa.gov/Directory/Departments/SWMD/Recycling-Organics/Organics",source_label_priority
[51],"United States - San Antonio, Texas - City of San Antonio / municipal sorting rule",Stated Organic-waste Treatment Route,Treatment route not stated,\b(brown\s*bin|green\s*cart|organic\s*waste\s*collection|food\s*waste\s*collection|food\s*scraps?\s*(?:bin|collection)|bio[- ]?waste\s*collection|biowaste\s*collection|FOGO|GFT|biotonne|bioabfall|contenedor\s+marr[oó]n|contentor\s+castanho|bac\s+brun|rifiut[io]\s+organic[io]|umido|maisto\s+atliek|bioj[äa]te|madaffald|matavfall|bioodpad|pojemnik\s+bio|kitchen\s*waste\s*collection)\b,green cart,"Organics the curbside collection guidelines when setting out your cart. How to Use the Green Organics Cart Do not overfill or overstuff the green cart. For example, grass clippings are surprisingly heavy. Cut branches and small limbs into 3-feet sections. Materials should be either loose o",regex_include_exclude
[51],"United States - San Antonio, Texas - City of San Antonio / municipal sorting rule",Acceptance,Collection liners only,"\b(can|may|must|should|accepted|allowed|permitted|collected|used|use)\b.{0,120}\b(compostable|biodegradable|paper|kraft)\s+(food[- ]?waste\s+)?(bag|liner|sack)s?\b.{0,120}\b(food[- ]?waste|organic\s*waste|organics?|biowaste|green\s*cart|green\s*bin|brown\s*bin|caddy)\b",should be either loose or placed in paper bags. make sure the lid can close completely. green organics,"overstuff the green cart. For example, grass clippings are surprisingly heavy. Cut branches and small limbs into 3-feet sections. Materials should be either loose or placed in paper bags. Make sure the lid can close completely. Green organics carts are available in 48-gallon, 64-gallon and 96-gallon sizes. To request a different size or report a lost or damaged cart, call 3-1-1 o",regex_include_exclude_context_checked
[51],"United States - San Antonio, Texas - City of San Antonio / municipal sorting rule",Certification and Approval Basis,Government/programme approval,"\b(official|approved|designated|provided|supplied|distributed|council[- ]?supplied|municipal[- ]?supplied|city[- ]?supplied|programme[- ]?approved|program[- ]?approved)\b.{0,120}\b(bag|liner|sack|item|product)s?\b",approved bags: kraft bags leaf bags plain brown paper bags (but never plastic bags,"ks, wooden chop sticks, toothpicks and coffee filters. Loose Materials Put all these materials in the green cart loose or in these types of approved bags: Kraft bags Leaf Bags Plain brown paper bags (but never plastic bags!) Unaccepted Materials Our organics program does not accept material placed in bags marketed as ‘compostable’ or ‘biodegradable’, as some d",regex_include_exclude
[51],"United States - San Antonio, Texas - City of San Antonio / municipal sorting rule",Rejection Rationale,Slow degradation / residence-time mismatch,\b(residence\s*time|retention\s*time|process\s*time|degradation\s+time|decompose\s+in\s+time|break\s+down\s+in\s+time|too\s+slow|slow\s+decomposition|does\s+not\s+break\s+down|not\s+break\s+down|incomplete\s+(breakdown|degradation)|not\s+fully\s+(degrade|decompose)|6[- ]?week|12[- ]?week|longer\s+than\s+the\s+process)\b,not break down,"Unaccepted Materials Our organics program does not accept material placed in bags marketed as ‘compostable’ or ‘biodegradable’, as some do not break down. Other non-accepted material includes: Bottle caps (metal or plastic) Cloth and Textiles Condiment packets Construction or demolition mater",regex_include_exclude
[52],"United States - Boulder County, Colorado - Boulder County / A1 Organics-linked guidance / regional government guidance",Source Authority,"State, provincial, regional, or canton rule",,,"United States - Boulder County, Colorado - Boulder County / A1 Organics-linked guidance / regional government guidance | Skip to menu | https://bouldercounty.gov/environment/composting/composting-changes-faqs/",source_label_priority
[52],"United States - Boulder County, Colorado - Boulder County / A1 Organics-linked guidance / regional government guidance",Stated Organic-waste Treatment Route,Composting,\b(composting|compost\s+facility|industrial\s+compost|in[- ]?vessel\s+compost|IVC|compostage|compostaggio|compostaje|compostagem|kompostierung|kompostering|kompostointi|kompostiranje|composteerinstallatie|composteerbaar|kompostownia|κομποστοποίηση|κομπόστ|堆肥化|堆肥|퇴비화|퇴비|kompostitav\w*)\b,composting,lorado - Boulder County / A1 Organics-linked guidance / regional government guidance | Skip to menu | https://bouldercounty.gov/environment/composting/composting-changes-faqs/ Permit Food Safety Jail and Community Service Bond Commissioners Community Justice Services Community Service Sent,regex_include_exclude
[52],"United States - Boulder County, Colorado - Boulder County / A1 Organics-linked guidance / regional government guidance",Acceptance,Rejected,"\b(not\s+accepted|not\s+allowed|do\s+not\s+put|don't\s+put|must\s+not|should\s+not|prohibited|rejected|not\s+permitted|not\s+suitable|cannot|can\s*not|can’t|can't|contamination|contaminant)\b.{0,180}\b(compostable|biodegradable|bioplastic|bio[- ]?plastic|compostable\s+packag|biodegradable\s+packag|serviceware|cup|cutlery)","contamination in the compostables (specifically plastic, glass, metal, and other non-compostable","omposter, A1 Organics. A1 has notified ALL communities within the state who are using their services that they are receiving high levels of contamination in the compostables (specifically plastic, glass, metal, and other non-compostable materials). As a result, A1 cannot sell their finished compost product made from community collection programs. They are calling for a clea",regex_include_exclude
[52],"United States - Boulder County, Colorado - Boulder County / A1 Organics-linked guidance / regional government guidance",Certification and Approval Basis,Generic compostable/biodegradable wording only,\b(compostable|biodegradable|industrially\s+compostable|certified\s+compostable|composteerbaar\w*|kompostierbar\w*|compostabil\w*|biod[ée]gradable\w*|biohajoava|kompostoituva|biolagunev\w*|biolo[šs]ko\s+razgradljiv\w*|kompostowaln\w*|biodegradowaln\w*)\b,compostable,"starting April 1, 2023 Starting April 1, 2023, the region’s compost processor, A1 Organics, will only accept food scraps and yard waste as compostable items brought to their facility. Local haulers will no longer be able to collect items like napkins, paper towels, compostable serviceware,",regex_include_exclude
[52],"United States - Boulder County, Colorado - Boulder County / A1 Organics-linked guidance / regional government guidance",Rejection Rationale,No compatible organic-treatment route,"\b(no|not|without|lack(?:ing)?)\b.{0,120}\b(organic\s*waste|food\s*waste|biowaste|bio[- ]?waste|organics)\b.{0,120}\b(collection|route|service|infrastructure|facility|treatment|system)\b","no contamination, a1 organics does not want any packaging, service","astics in the compost. Compostable bags often contain and conceal non-compostable contamination. To simplify the stream and ensure there is NO contamination, A1 Organics does not want any packaging, service ware, or paper of ANY kind. NOTE: Paper that has no plastic coating, like paper towels, facial tissues (that aren’t synthetic), coffee filt",regex_include_exclude
[53],"Canada - Toronto, Ontario - City of Toronto / municipal organics guide",Source Authority,"State, provincial, regional, or canton rule",,,"Canada - Toronto, Ontario - City of Toronto / municipal organics guide | --- Page 1 --- | https://www.toronto.ca/wp-content/uploads/2024/04/9632-CS-24-0110GreenBinOrganicsGuide-April-2024-AODA.pdf",source_label_priority
[53],"Canada - Toronto, Ontario - City of Toronto / municipal organics guide",Stated Organic-waste Treatment Route,AD/biogas + composting,"\b(anaerobic\s+digestion|\bAD\b|biogas|biomethane|methani[sz]ation|m[ée]thanisation|biom[ée]thanisation|verg[äa]rung|vergisting|r[öo]tning|digestate|biog[öo]dsel|biog[øo]dning)\b.{0,180}\b(compost|composting|kompost|compostaggio|compostaje|compostagem|kompostering|kompostointi|kompostiranje|κομποστοποίηση|堆肥|퇴비)",biogas. 3 the digester solids are mixed with yard waste to make high-quality compost,"h as non-paper containers and cutlery, which are then sent to landfill. 2 The remaining material is processed in anaerobic digesters over a couple of weeks. In the digesters, microorganisms break down the material in the absence of oxygen. This produces digester solids and biogas. 3 The digester solids are mixed with yard waste to make high-quality com",regex_include_exclude
[53],"Canada - Toronto, Ontario - City of Toronto / municipal organics guide",Acceptance,Accepted broadly,"\b(compostable|certified\s+compostable|bpi[- ]?certified)\b.{0,100}\b(serviceware|food[- ]?service|take[- ]?away|cups?|plates?|bowls?|containers?|cutlery|packaging)\b.{0,140}\b(accepted|allowed|permitted|can\s+(?:go|be\s+placed)|may\s+(?:go|be\s+placed)|place[d]?\s+in|put\s+in)\b.{0,100}\b(green\s+bin|brown\s+bin|organics?|organic\s+waste|food\s+waste|compost(?:ing)?)\b","compostable or biodegradable such as cups, cutlery and coffee pods are not accepted in toronto's green bin program, and must go in the garbage. how green bin","Green Bin Program Thank you for helping the City of Toronto keep waste out of landfill by participating in the Green Bin program! While the City works to divert as much waste as possible from landfill, only certain items can be put in the Green Bin. Items marketed as compostable or biodegradable such as cups, cutlery and coffee pods are not accepted in Toronto’s Green Bin program, and must go in the garbage. How Green Bin Waste is",regex_include_exclude_context_checked
[53],"Canada - Toronto, Ontario - City of Toronto / municipal organics guide",Certification and Approval Basis,Generic compostable/biodegradable wording only,\b(compostable|biodegradable|industrially\s+compostable|certified\s+compostable|composteerbaar\w*|kompostierbar\w*|compostabil\w*|biod[ée]gradable\w*|biohajoava|kompostoituva|biolagunev\w*|biolo[šs]ko\s+razgradljiv\w*|kompostowaln\w*|biodegradowaln\w*)\b,compostable,". bags, plates, pizza boxes) D iapers, feminine hygiene products Paper muffin cups Pet waste, cage bedding House plants (shake off dirt) Updated March 2025 NO Packaging (plastic, foam, foil, glass etc.) Compostable plastic, wax and p lastic-lined paper items (e.g. cups, plates,",regex_include_exclude
[53],"Canada - Toronto, Ontario - City of Toronto / municipal organics guide",Rejection Rationale,Not applicable - not a rejection/restriction case,,,,derived_from_acceptance
[54],"Canada - Vancouver, British Columbia - City of Vancouver / municipal sorting guide",Source Authority,Municipal sorting rule,\b(city|municipal|municipality|commune|gemeente|gemeinde|borough|district|council|town|ville|stadt|ayuntamiento|comune|cidade|municipio|município|municipalidad|ciudad|miasto|urząd|alcald[ií]a|oslo|berlin|munich|hamburg|cologne|amsterdam|vienna|milan|barcelona|vigo|toronto|seattle|austin|san francisco|tokyo|seoul|prague|alimos|riga|krak[oó]w|toru[nń]|warsaw|bratislava|vilnius|ljubljana|maribor|christchurch|auckland|vitacura|las\s+palmas|brno|copenhagen|reykjav[ií]k|portland|new\s+york\s+city|minamata|zushi|providencia|santa\s+juana|wrocław|wroclaw)\b,city,"Canada - Vancouver, British Columbia - City of Vancouver / municipal sorting guide | Skip to content | https://vancouver.ca/home-property-development/green-bin-composting-food-scraps-",metadata_regex + fallback_from_source_label
[54],"Canada - Vancouver, British Columbia - City of Vancouver / municipal sorting guide",Stated Organic-waste Treatment Route,Composting,\b(composting|compost\s+facility|industrial\s+compost|in[- ]?vessel\s+compost|IVC|compostage|compostaggio|compostaje|compostagem|kompostierung|kompostering|kompostointi|kompostiranje|composteerinstallatie|composteerbaar|kompostownia|κομποστοποίηση|κομπόστ|堆肥化|堆肥|퇴비화|퇴비|kompostitav\w*)\b,composting,"British Columbia - City of Vancouver / municipal sorting guide | Skip to content | https://vancouver.ca/home-property-development/green-bin-composting-food-scraps-and-yard-waste.aspx s – even those labelled ""biodegradable"" or ""compostable"" – for your food waste and do not put plastic mater",regex_include_exclude
[54],"Canada - Vancouver, British Columbia - City of Vancouver / municipal sorting guide",Acceptance,Accepted broadly,"\b(compostable|certified\s+compostable|bpi[- ]?certified)\b.{0,100}\b(serviceware|food[- ]?service|take[- ]?away|cups?|plates?|bowls?|containers?|cutlery|packaging)\b.{0,140}\b(accepted|allowed|permitted|can\s+(?:go|be\s+placed)|may\s+(?:go|be\s+placed)|place[d]?\s+in|put\s+in)\b.{0,100}\b(green\s+bin|brown\s+bin|organics?|organic\s+waste|food\s+waste|compost(?:ing)?)\b","compostable or biodegradable not accepted plastic cutlery, containers or packaging, including items labelled as compostable or biodegradable not accepted plastic foam packaging (styrofoam) not accepted recyclable containers and packaging not accepted vacuum or dryer lint review green bin","tained, or treated wood Not accepted Pet waste and pet waste bags Not accepted Plastic bags of any kind, including plastic bags labelled as compostable or biodegradable Not accepted Plastic cutlery, containers or packaging, including items labelled as compostable or biodegradable Not accepted Plastic foam packaging (Styrofoam) Not accepted Recyclable containers and packaging Not accepted Vacuum or dryer lint Review Green Bin Program brochure PDF file (1.7 MB) Search Waste Wizard Enter an item below to see how to recycle or safely dispose of it. VanCollect Get ti",regex_include_exclude_context_checked
[54],"Canada - Vancouver, British Columbia - City of Vancouver / municipal sorting guide",Certification and Approval Basis,Generic compostable/biodegradable wording only,\b(compostable|biodegradable|industrially\s+compostable|certified\s+compostable|composteerbaar\w*|kompostierbar\w*|compostabil\w*|biod[ée]gradable\w*|biohajoava|kompostoituva|biolagunev\w*|biolo[šs]ko\s+razgradljiv\w*|kompostowaln\w*|biodegradowaln\w*)\b,compostable,"e about the green bin program and composting Our services Resources Help do your part | Use your green bin and cut greenhouse gas emissions Compostable and organic materials like food waste, food scraps, food-soiled paper, and yard trimmings belong in the green bin and need to be separated",regex_include_exclude
[54],"Canada - Vancouver, British Columbia - City of Vancouver / municipal sorting guide",Rejection Rationale,Not applicable - not a rejection/restriction case,,,,derived_from_acceptance
[55],"Canada - Calgary, Alberta - City of Calgary / municipal guidance",Source Authority,Municipal sorting rule,,,"Canada - Calgary, Alberta - City of Calgary / municipal guidance | Information | https://www.calgary.ca/waste/residential/compostable-bags-liners.html",source_label_priority
[55],"Canada - Calgary, Alberta - City of Calgary / municipal guidance",Stated Organic-waste Treatment Route,Composting,\b(composting|compost\s+facility|industrial\s+compost|in[- ]?vessel\s+compost|IVC|compostage|compostaggio|compostaje|compostagem|kompostierung|kompostering|kompostointi|kompostiranje|composteerinstallatie|composteerbaar|kompostownia|κομποστοποίηση|κομπόστ|堆肥化|堆肥|퇴비화|퇴비|kompostitav\w*)\b,composting,nload folding instructions Unacceptable liner bags Plastic bags are not accepted in the Green Cart program . Plastic bags interfere with the composting process​ and break down into small pieces of plastic that will contaminate the finished compost. NOTE: Bags labelled as biodegradable and,regex_include_exclude
[55],"Canada - Calgary, Alberta - City of Calgary / municipal guidance",Acceptance,Collection liners only,"\b(food[- ]?waste|bio[- ]?waste|organic\s*waste|kitchen\s*caddy)\b.{0,160}\b(compostable|biodegradable|paper)\s+(bag|liner|sack)s?",food waste bags 46.5 l tall bin liner frank 7.5 l small waste bags 46.5 l tall waste bags brands available: bag to earth small lined paper bag large lined paper bag,Locations available: London Drugs Walmart Locations available: Pharmasave Brands available Brands available: Al-Pack Compostable 9.8 L Mini Food Waste Bags 46.5 L Tall bin liner Frank 7.5 L Small waste bags 46.5 L Tall waste bags Brands available: Bag to Earth Small lined paper bag Large lined paper bag Large lined paper bag Giant Value Small liner bag Tall compostable bag Brands available: Bag to Nature Leaf and yard waste bag (extra large,regex_include_exclude_context_checked
[55],"Canada - Calgary, Alberta - City of Calgary / municipal guidance",Certification and Approval Basis,Generic compostable/biodegradable wording only,\b(compostable|biodegradable|industrially\s+compostable|certified\s+compostable|composteerbaar\w*|kompostierbar\w*|compostabil\w*|biod[ée]gradable\w*|biohajoava|kompostoituva|biolagunev\w*|biolo[šs]ko\s+razgradljiv\w*|kompostowaln\w*|biodegradowaln\w*)\b,compostable,"Canada - Calgary, Alberta - City of Calgary / municipal guidance | Information | https://www.calgary.ca/waste/residential/compostable-bags-liners.html Information Skip to main content Search Submit search Submit search Search Close Acceptable compostable bags and liners Ac",regex_include_exclude
[55],"Canada - Calgary, Alberta - City of Calgary / municipal guidance",Rejection Rationale,Explicit no-packaging / positive-list restriction,"\b(no|not|without|remove|separate(d)?\s+from|must\s+be\s+separated\s+from)\b.{0,90}\b(packaging|package|container|wrapping|envase|embalaje|emballage|verpakking|förpackning|forpakning|pakend)\b",no frills refresh packaging,available: Home Depot Superstore Locations available: London Drugs Walmart Kitchen pail liners Locations available Locations available: Box/No Frills Refresh packaging (online only) Locations available: Canadian Tire Rona Locations available: Calgary Co-op (including certified compostable bags available in,regex_include_exclude
[56],Canada - Montreal / Lachine borough - Lachine Borough / municipal FAQ,Source Authority,Municipal sorting rule,,,Canada - Montreal / Lachine borough - Lachine Borough / municipal FAQ | --- Page 1 --- | http://grame.org/FAQ_EN2.pdf,source_label_priority
[56],Canada - Montreal / Lachine borough - Lachine Borough / municipal FAQ,Stated Organic-waste Treatment Route,Composting,\b(composting|compost\s+facility|industrial\s+compost|in[- ]?vessel\s+compost|IVC|compostage|compostaggio|compostaje|compostagem|kompostierung|kompostering|kompostointi|kompostiranje|composteerinstallatie|composteerbaar|kompostownia|κομποστοποίηση|κομπόστ|堆肥化|堆肥|퇴비화|퇴비|kompostitav\w*)\b,composting,Q : I will soon move and I won’t be using the brown bin. What do I do? A : The bins are the property of the borough. Please leave it at the house for the next tenants. Q : I’m already composting in my garden; what do I do with this bin? I don’t need it. A: Congratulations! Please continue.,regex_include_exclude
[56],Canada - Montreal / Lachine borough - Lachine Borough / municipal FAQ,Acceptance,Collection liners only,"\b(use|can\s+use|may\s+use|allowed\s+to\s+use|line|pack|collect|wrap)\b.{0,160}\b(compostable|bioplastic|biodegradable|paper)\s+(bag|liner|sack)s?","use them, you can buy compostable paper bags","’re not obliged to use a bag, either in your kitchen bin or in your brown bin, but it will help fight odours and keep your bins clean. If you want to use them, you can buy compostable paper bags at the local grocery stores, pharmacies and hardware stores (ex IGA, Pharmaprix, Rona). If you don’t want to buy bags, you can",regex_include_exclude_context_checked
[56],Canada - Montreal / Lachine borough - Lachine Borough / municipal FAQ,Certification and Approval Basis,Generic compostable/biodegradable wording only,\b(compostable|biodegradable|industrially\s+compostable|certified\s+compostable|composteerbaar\w*|kompostierbar\w*|compostabil\w*|biod[ée]gradable\w*|biohajoava|kompostoituva|biolagunev\w*|biolo[šs]ko\s+razgradljiv\w*|kompostowaln\w*|biodegradowaln\w*)\b,compostable,"a bag, either in your kitchen bin or in your brown bin, but it will help fight odours and keep your bins clean. If you want to use them, you can buy compostable paper bags at the local grocery stores, pharmacies and hardware stores (ex IGA, Pharmaprix, Rona). If you don’t want to buy ba",regex_include_exclude
[56],Canada - Montreal / Lachine borough - Lachine Borough / municipal FAQ,Rejection Rationale,Pre-treatment/screening/equipment constraint,\b(clog|jam|block|pipe|pump|agitator|equipment|machine|operational\s+problem|disruption|shredder|tangle|wrap\s+around)\b,wrap around,"l grocery stores, pharmacies and hardware stores (ex IGA, Pharmaprix, Rona). If you don’t want to buy bags, you can use newsprint to line your bins and wrap around smelly materials. You can find free newspapers at stores or in metro stations. Q : The new brown bin is too big for my apartm",regex_include_exclude
[57],"Canada - London, Ontario - City of London / municipal sorting rule",Source Authority,Municipal sorting rule,,,"Canada - London, Ontario - City of London / municipal sorting rule | Green Bin | https://london.ca/living-london/garbage-recycling/green-bin",source_label_priority
[57],"Canada - London, Ontario - City of London / municipal sorting rule",Stated Organic-waste Treatment Route,Treatment route not stated,,,,fallback_default
[57],"Canada - London, Ontario - City of London / municipal sorting rule",Acceptance,Collection liners only,"\b(use|can\s+use|may\s+use|allowed\s+to\s+use|line|pack|collect|wrap)\b.{0,160}\b(compostable|bioplastic|biodegradable|paper)\s+(bag|liner|sack)s?",line your green bin with paper products or certified compostable bags,"reen Bin out every week even if it’s partially full. This will help with odours and also reduce the amount of time food is in your Green Bin. Line your Green Bin with paper products or certified compostable bags if you choose, this will help keep it clean and prevent the contents from sticking or freezing to the sides or bottom of the Green Bin. L",regex_include_exclude_context_checked
[57],"Canada - London, Ontario - City of London / municipal sorting rule",Certification and Approval Basis,BPI / ASTM / CMA,\bbpi\b|\bbiodegradable\s+products\s+institute\b,bpi,"liners, both paper and plastic will be accepted in London’s Green Bin program. To know if a liner is certified compostable please look for the BPI or BNQ logos provided below. What we do not want in the Green Bin is “compostable packaging” (as stated in our information materials) s",regex_include_exclude
[57],"Canada - London, Ontario - City of London / municipal sorting rule",Rejection Rationale,Compost/digestate quality or contamination concern,\b(compost\s+quality|digestate\s+quality|microplastic|microplastics|contamination|contaminant|foreign\s+matter|residue|pollutant|clean\s+compost|soil|agricultural\s+use|quality\s+standard|fertiliser|fertilizer|impurity|physical\s+contamination|quality\s+control|nutrient|nutritional\s+value|soil\s+amendment)\b,fertilizer,"sources used in its production. Food production requires a lot of resources. Getting food from the farm to your table requires water, land, fertilizer, and pesticides, as well as fuel for all the machines used in the process. Throughout their lifetime, food can travel thousands of kilomet",regex_include_exclude
[58],"Canada - Richmond, British Columbia - City of Richmond / municipal sorting rule",Source Authority,Municipal sorting rule,,,"Canada - Richmond, British Columbia - City of Richmond / municipal sorting rule | Green Cart Recycling | https://www.richmond.ca/services/recycling-garbage/foodyardwaste/greencart.htm",source_label_priority
[58],"Canada - Richmond, British Columbia - City of Richmond / municipal sorting rule",Stated Organic-waste Treatment Route,Composting,\b(composting|compost\s+facility|industrial\s+compost|in[- ]?vessel\s+compost|IVC|compostage|compostaggio|compostaje|compostagem|kompostierung|kompostering|kompostointi|kompostiranje|composteerinstallatie|composteerbaar|kompostownia|κομποστοποίηση|κομπόστ|堆肥化|堆肥|퇴비화|퇴비|kompostitav\w*)\b,composting,"ostable"" or ""Biodegradable"" Many certified ""compostable"" or ""biodegradable"" plastics may not sufficiently biodegrade in existing commercial composting or digestion facilities. To be safe, leave them out of your green bin. Put items labelled ""compostable"" or ""biodegradable"" plastic items in",regex_include_exclude
[58],"Canada - Richmond, British Columbia - City of Richmond / municipal sorting rule",Acceptance,Collection liners only,"\b(use|can\s+use|may\s+use|allowed\s+to\s+use|line|pack|collect|wrap)\b.{0,160}\b(compostable|bioplastic|biodegradable|paper)\s+(bag|liner|sack)s?",line kitchen container with newspaper or paper bag,"le kitchen container with baking soda to reduce odours. Consider freezing food scraps until you're ready to empty them into the Green Cart. Line kitchen container with newspaper or paper bag liner (available for purchase at you local retail stores). Wash your kitchen container regularly. Tips to Recycle Fats, Oils & Grease Do no",regex_include_exclude_context_checked
[58],"Canada - Richmond, British Columbia - City of Richmond / municipal sorting rule",Certification and Approval Basis,Government/programme approval,"\b(official|approved|designated|provided|supplied|distributed|council[- ]?supplied|municipal[- ]?supplied|city[- ]?supplied|programme[- ]?approved|program[- ]?approved)\b.{0,120}\b(bag|liner|sack|item|product)s?\b",provided certified liners,nt food scraps recycling. Green Carts delivered and set up in central collection area Weekly or twice-weekly collection of Green Carts City-provided certified liners for the Green Carts Monthly cleaning service for the Green Carts Complimentary kitchen containers for food scraps for all residents in the,regex_include_exclude
[58],"Canada - Richmond, British Columbia - City of Richmond / municipal sorting rule",Rejection Rationale,AD/biogas incompatibility,"\b(anaerobic\s+digestion|\bAD\b|biogas|digest(?:ion|er)|m[ée]thanisation|methani[sz]ation|verg[äa]rung|biokaas|bioverg[äa]rungsanlage|biogass|biogasanlegg|biogödsel|biogødning)\b.{0,240}\b(compostable|biodegradable|bag|liner|plastic|packaging|break\s+down|clog|screen|reject|incompatib|problem)","digestion facilities. to be safe, leave them out of your green bin. put items labelled ""compostable"" or ""biodegradable"" plastic","iodegradable"" Many certified ""compostable"" or ""biodegradable"" plastics may not sufficiently biodegrade in existing commercial composting or digestion facilities. To be safe, leave them out of your green bin. Put items labelled ""compostable"" or ""biodegradable"" plastic items in the garbage. They are not accepted in recycling in BC. Learn more from the Metro Vancouver 'Make It Easy' Campaign Plastic Bags Pl",regex_include_exclude
[59],"Canada - Saskatoon, Saskatchewan - City of Saskatoon / municipal sorting rule",Source Authority,Municipal sorting rule,,,"Canada - Saskatoon, Saskatchewan - City of Saskatoon / municipal sorting rule | Services for Residents | https://www.saskatoon.ca/services-residents/waste-recycling/organics-food-yard-waste/curbside-organics-green-cart",source_label_priority
[59],"Canada - Saskatoon, Saskatchewan - City of Saskatoon / municipal sorting rule",Stated Organic-waste Treatment Route,Composting,\b(composting|compost\s+facility|industrial\s+compost|in[- ]?vessel\s+compost|IVC|compostage|compostaggio|compostaje|compostagem|kompostierung|kompostering|kompostointi|kompostiranje|composteerinstallatie|composteerbaar|kompostownia|κομποστοποίηση|κομπόστ|堆肥化|堆肥|퇴비화|퇴비|kompostitav\w*)\b,composting,on your garden beds. Take excess yard waste to one of the City's compost depots free of charge. Compost excess yard waste using a backyard composting system. Tips to reduce food waste: Get creative: look for recipes that use foods you already have on hand. Shop smart: don’t buy more food,regex_include_exclude
[59],"Canada - Saskatoon, Saskatchewan - City of Saskatoon / municipal sorting rule",Acceptance,Collection liners only,"\b(use|can\s+use|may\s+use|allowed\s+to\s+use|line|pack|collect|wrap)\b.{0,160}\b(compostable|bioplastic|biodegradable|paper)\s+(bag|liner|sack)s?",line it with one of the provided bags or use a paper liner to reduce moisture and odors. only bpi-certified compostable or paper liners,"p your kitchen catcher in a convenient place, such as under your sink. Before filling your kitchen pail with food scraps, you may choose to line it with one of the provided bags or use a paper liner to reduce moisture and odors. Only BPI-certified compostable or paper liners can be used. Just scrape your plate or cutting board! The kitchen catcher is a convenient way to divert food waste directly in your kitchen",regex_include_exclude_context_checked
[59],"Canada - Saskatoon, Saskatchewan - City of Saskatoon / municipal sorting rule",Certification and Approval Basis,BPI / ASTM / CMA,\bbpi\b|\bbiodegradable\s+products\s+institute\b,bpi,an the previous subscription service. Do not use plastic bags. Please place your yard and food waste directly into your green cart or use a BPI-certified compostable or 100% paper bin liner. Watch Educational Video Series Items in GREEN are acceptable for your new green cart: Unbagg,regex_include_exclude
[59],"Canada - Saskatoon, Saskatchewan - City of Saskatoon / municipal sorting rule",Rejection Rationale,Compost/digestate quality or contamination concern,\b(compost\s+quality|digestate\s+quality|microplastic|microplastics|contamination|contaminant|foreign\s+matter|residue|pollutant|clean\s+compost|soil|agricultural\s+use|quality\s+standard|fertiliser|fertilizer|impurity|physical\s+contamination|quality\s+control|nutrient|nutritional\s+value|soil\s+amendment)\b,soil,"ged Yard Waste Fruit and Vegetables Bread, Noodles and Other Grains Coffee Grounds, Paper Filters and Paper Teabags Eggs and Eggshells Food-Soiled Paper Products Meat and Seafood Dairy Products (yogurt, butter and cheese) Solidified Fats and Food Grease Baked Goods BPI-Certified Comp",regex_include_exclude
[60],"Canada - Niagara Region, Ontario - Niagara Region / regional government guidance",Source Authority,"State, provincial, regional, or canton rule",,,"Canada - Niagara Region, Ontario - Niagara Region / regional government guidance | Acceptable Compostable Bags and Where to Buy Them | https://www.niagararegion.ca/waste/containers/compostable-bags.aspx",source_label_priority
[60],"Canada - Niagara Region, Ontario - Niagara Region / regional government guidance",Stated Organic-waste Treatment Route,Treatment route not stated,\b(brown\s*bin|green\s*cart|organic\s*waste\s*collection|food\s*waste\s*collection|food\s*scraps?\s*(?:bin|collection)|bio[- ]?waste\s*collection|biowaste\s*collection|FOGO|GFT|biotonne|bioabfall|contenedor\s+marr[oó]n|contentor\s+castanho|bac\s+brun|rifiut[io]\s+organic[io]|umido|maisto\s+atliek|bioj[äa]te|madaffald|matavfall|bioodpad|pojemnik\s+bio|kitchen\s*waste\s*collection)\b,green cart,"pboard Pistachio's Well, Well, Well Hercules Available at: Dollarama If You Care Available at: Vita Health Foods Rona ECO Available at: Rona Green Cart Liners Store quantities and availability may vary. BIOSAK Available at: Kaumeyer - call or order online at kaumeyerpaper.com Dog Waste Bag",regex_include_exclude
[60],"Canada - Niagara Region, Ontario - Niagara Region / regional government guidance",Acceptance,Collection liners only,"\b(use|can\s+use|may\s+use|allowed\s+to\s+use|line|pack|collect|wrap)\b.{0,160}\b(compostable|bioplastic|biodegradable|paper)\s+(bag|liner|sack)s?",use of any liner or you can use one of these acceptable liners: newspaper or flyers cardboard paper bags certified compostable bags,"gs and Where to Buy Them When storing your kitchen scraps in your Kitchen Catcher, you can place organic waste directly into it without the use of any liner or you can use one of these acceptable liners: Newspaper or flyers Cardboard Paper bags Certified Compostable Bags Look for this Certification Symbol Only certified compostable bags with the Biodegradable Products Institute or the COMPOSTABLE logos are",regex_include_exclude_context_checked
[60],"Canada - Niagara Region, Ontario - Niagara Region / regional government guidance",Certification and Approval Basis,BPI / ASTM / CMA,\bbpi\b|\bbiodegradable\s+products\s+institute\b,biodegradable products institute,spaper or flyers Cardboard Paper bags Certified Compostable Bags Look for this Certification Symbol Only certified compostable bags with the Biodegradable Products Institute or the COMPOSTABLE logos are accepted in the Green Bin / Cart program. Paper bags are also acceptable (no certification logos required). A,regex_include_exclude
[60],"Canada - Niagara Region, Ontario - Niagara Region / regional government guidance",Rejection Rationale,Reason not explicitly stated,,,,fallback_default
[61],"Canada - Manicouagan, Québec - Régie de gestion des matières résiduelles Manicouagan / composting facility rule",Source Authority,Waste operator or treatment-facility rule,,,"Canada - Manicouagan, Québec - Régie de gestion des matières résiduelles Manicouagan / composting facility rule | Bac brun | https://regiemanicouagan.qc.ca/services/collectes/bac-brun/",source_label_priority
[61],"Canada - Manicouagan, Québec - Régie de gestion des matières résiduelles Manicouagan / composting facility rule",Stated Organic-waste Treatment Route,Composting,\b(composting|compost\s+facility|industrial\s+compost|in[- ]?vessel\s+compost|IVC|compostage|compostaggio|compostaje|compostagem|kompostierung|kompostering|kompostointi|kompostiranje|composteerinstallatie|composteerbaar|kompostownia|κομποστοποίηση|κομπόστ|堆肥化|堆肥|퇴비화|퇴비|kompostitav\w*)\b,composting,"Canada - Manicouagan, Québec - Régie de gestion des matières résiduelles Manicouagan / composting facility rule | Bac brun | https://regiemanicouagan.qc.ca/services/collectes/bac-brun/ 00 % des municipalités devront offrir un service de",regex_include_exclude
[61],"Canada - Manicouagan, Québec - Régie de gestion des matières résiduelles Manicouagan / composting facility rule",Acceptance,Rejected,"(?:intrus\s+du\s+bac\s+brun|d[ée]chets?\s+interdits?).{0,120}(?:plastique\s+compostable|sacs?\s+ou\s+vaisselle/emballages|vaisselle/emballages)","intrus du bac brun + plastique compostable (sacs ou vaisselle/emballages); plastique traditionnel, biodégradable ou oxodégradable (sacs ou vaisselle/emballages","inés à la plateforme de compostage par le bac brun. Par contre, les branches et résidus d’émondage devront être apportés à l’écocentre. Les intrus du bac brun + Plastique compostable (sacs ou vaisselle/emballages); Plastique traditionnel, biodégradable ou oxodégradable (sacs ou vaisselle/emballages); Carcasses d’animaux; Couches et produits sanitaires; Mégots de cigarettes; Gomme à mâcher; Poussière d’aspirateur; Charpies (mousse) de s",regex_include_exclude
[61],"Canada - Manicouagan, Québec - Régie de gestion des matières résiduelles Manicouagan / composting facility rule",Certification and Approval Basis,Generic compostable/biodegradable wording only,\b(compostable|biodegradable|industrially\s+compostable|certified\s+compostable|composteerbaar\w*|kompostierbar\w*|compostabil\w*|biod[ée]gradable\w*|biohajoava|kompostoituva|biolagunev\w*|biolo[šs]ko\s+razgradljiv\w*|kompostowaln\w*|biodegradowaln\w*)\b,compostable,"age par le bac brun. Par contre, les branches et résidus d’émondage devront être apportés à l’écocentre. Les intrus du bac brun + Plastique compostable (sacs ou vaisselle/emballages); Plastique traditionnel, biodégradable ou oxodégradable (sacs ou vaisselle/emballages); Carcasses d’animaux;",regex_include_exclude
[61],"Canada - Manicouagan, Québec - Régie de gestion des matières résiduelles Manicouagan / composting facility rule",Rejection Rationale,Reason not explicitly stated,,,,fallback_default
[62],Canada - Province of Quebec (General Municipal Guidance) - RECYC-QUÉBEC / Bureau de normalisation du Québec (BNQ) / regional government guidance,Source Authority,Municipal sorting rule,,,Canada - Province of Quebec (General Municipal Guidance) - RECYC-QUÉBEC / Bureau de normalisation du Québec (BNQ) / regional government guidance | RECYC-QUÉBEC - Notre guide d'utilisation des sacs : choisir le bon | https://www.recyc-quebec.gouv.qc.ca/municipalites/matieres-organiques/participation-citoyenne/guide-utilisation-sacs,source_label_priority
[62],Canada - Province of Quebec (General Municipal Guidance) - RECYC-QUÉBEC / Bureau de normalisation du Québec (BNQ) / regional government guidance,Stated Organic-waste Treatment Route,Composting,\b(composting|compost\s+facility|industrial\s+compost|in[- ]?vessel\s+compost|IVC|compostage|compostaggio|compostaje|compostagem|kompostierung|kompostering|kompostointi|kompostiranje|composteerinstallatie|composteerbaar|kompostownia|κομποστοποίηση|κομπόστ|堆肥化|堆肥|퇴비화|퇴비|kompostitav\w*)\b,compostage,"s ou encore auprès de l’exploitant du site. Les sacs de papier sont généralement acceptés par les sites de traitement. Les installations de compostage à aire ouverte ont la possibilité de recevoir des résidus organiques triés à la source, collectés en sacs de plastique certifiés compostabl",regex_include_exclude
[62],Canada - Province of Quebec (General Municipal Guidance) - RECYC-QUÉBEC / Bureau de normalisation du Québec (BNQ) / regional government guidance,Acceptance,Collection liners only,"(?:d[ée]chets?\s+alimentaires|biod[ée]chets?|d[ée]chets?\s+organiques|mati[èe]res?\s+organiques).{0,140}sacs?\s+(?:compostables?|biod[ée]gradables?|bio|en\s+papier|kraft)","matières organiques en vrac, sans sac, est à privilégier. par contre, lorsqu'on veut utiliser des sacs compostables","sacs Rapetisser Agrandir Police Partager cette page Guide d'utilisation des sacs Dans une optique de réduction à la source, la collecte des matières organiques en vrac, sans sac, est à privilégier. Par contre, lorsqu’on veut utiliser des sacs compostables pour la collecte, il faut savoir choisir le bon. En effet, le terme biodégradable n’est pas nécessairement synonyme de compostable. Comment",regex_include_exclude_context_checked
[62],Canada - Province of Quebec (General Municipal Guidance) - RECYC-QUÉBEC / Bureau de normalisation du Québec (BNQ) / regional government guidance,Certification and Approval Basis,BPI / ASTM / CMA,\bastm\s*d\s*6400\b|\bd\s*6400\b,astm d6400,é des produits certifiés conformes à celle-ci. Le BNQ offre un programme de certification aux normes ISO 17088 et 18606. Normes américaines ASTM D6400 et ASTM D6868 Normes internationales ISO 17088 et ISO 18606 Il existe d’autres certifications qui peuvent également servir de référence dan,regex_include_exclude
[62],Canada - Province of Quebec (General Municipal Guidance) - RECYC-QUÉBEC / Bureau de normalisation du Québec (BNQ) / regional government guidance,Rejection Rationale,Compost/digestate quality or contamination concern,(mikroplastik|fremdstoff|st[öo]rstoff|vervuiling|verontreiniging|schone\s+compost|kwaliteit|schadelijke\s+stoffen|compostkwaliteit|bodem|meststof|fertilisant|engrais|qualit[ée]|inquinant|퇴비|비료|품질),qualité,ritoire du risque de confusion associé aux sacs d’emplettes dégradables ou oxobiodégradables auprès du citoyen et l’impact potentiel sur la qualité des composts produits Mise en garde sur les allégations environnementales Plusieurs termes sont utilisés par les manufacturiers de sacs oxo,regex_include_exclude
[63],Australia - New South Wales - NSW EPA / state government FOGO guidance,Source Authority,"State, provincial, regional, or canton rule",,,Australia - New South Wales - NSW EPA / state government FOGO guidance | FOGO information for households | https://www.epa.nsw.gov.au/Your-environment/Recycling-and-reuse/household-recycling-overview/FOGO-information-for-households,source_label_priority
[63],Australia - New South Wales - NSW EPA / state government FOGO guidance,Stated Organic-waste Treatment Route,Composting,\b(composting|compost\s+facility|industrial\s+compost|in[- ]?vessel\s+compost|IVC|compostage|compostaggio|compostaje|compostagem|kompostierung|kompostering|kompostointi|kompostiranje|composteerinstallatie|composteerbaar|kompostownia|κομποστοποίηση|κομπόστ|堆肥化|堆肥|퇴비화|퇴비|kompostitav\w*)\b,composting,n FO or FOGO bins Food only Food Compostable plastic kitchen caddy liners that comply with Australian Standard AS 4736-2006 (for commercial composting) used to collect and transfer food waste to the FO bin Fibre-based kitchen caddy liners (eg paper or newspaper) used to collect and transfe,regex_include_exclude
[63],Australia - New South Wales - NSW EPA / state government FOGO guidance,Acceptance,Collection liners only,"\b(food[- ]?waste|kitchen|caddy|organics?|organic[- ]?waste|bio[- ]?waste)\s+(caddy\s+)?(bag|liner|sack)s?\b.{0,140}\b(can|may|must|should|accepted|allowed|permitted|collected|used|use)\b",kitchen caddy liners that comply with australian standard as 4736-2006 (for commercial composting) used,d garden waste bin so it can be recycled into top quality compost. Material that goes in FO or FOGO bins Food only Food Compostable plastic kitchen caddy liners that comply with Australian Standard AS 4736-2006 (for commercial composting) used to collect and transfer food waste to the FO bin Fibre-based kitchen caddy liners (eg paper or newspaper) used to collect and transfer food,regex_include_exclude_context_checked
[63],Australia - New South Wales - NSW EPA / state government FOGO guidance,Certification and Approval Basis,OK compost HOME / NF T 51-800 / AS 5810,\bhome[- ]?compostable|home\s*compostability\b,home-compostable,"ollect and transfer food waste to the FOGO bin. Materials that do not go in FO or FOGO bins Nothing else goes in FO or FOGO bins, including home-compostable products (Australian Standard AS 5810-2010). Pet poo and poo bags Studies show that pathogens including viruses and intestinal worm eggs, a",regex_include_exclude
[63],Australia - New South Wales - NSW EPA / state government FOGO guidance,Rejection Rationale,Pre-treatment/screening/equipment constraint,\b(pre[- ]?treatment|screening|screened\s+out|front[- ]?end|sorting\s+plant|shredder|sieve|sieving|pulper|separator|machine|pump|pipe|clog|jam|remove[d]?\s+before|sorted\s+out|mechanical\s+sorting|sorting\s+facility)\b,machine,"le and are only used once before being composted or disposed of so do not fit with a circular economy approach. Vacuum cleaner dust, washing machine and dryer lint Studies show that vacuum cleaner dust derived from furniture, textiles and electronic devices is a potential source of poly",regex_include_exclude
[64],Australia - City of Sydney - City of Sydney / municipal food-scraps service,Source Authority,Municipal sorting rule,\b(city|municipal|municipality|commune|gemeente|gemeinde|borough|district|council|town|ville|stadt|ayuntamiento|comune|cidade|municipio|município|municipalidad|ciudad|miasto|urząd|alcald[ií]a|oslo|berlin|munich|hamburg|cologne|amsterdam|vienna|milan|barcelona|vigo|toronto|seattle|austin|san francisco|tokyo|seoul|prague|alimos|riga|krak[oó]w|toru[nń]|warsaw|bratislava|vilnius|ljubljana|maribor|christchurch|auckland|vitacura|las\s+palmas|brno|copenhagen|reykjav[ií]k|portland|new\s+york\s+city|minamata|zushi|providencia|santa\s+juana|wrocław|wroclaw)\b,city,Australia - City of Sydney - City of Sydney / municipal food-scraps service | Skip to content | https://www.cityofsydney.nsw.gov.au/waste-recycling-services,metadata_regex + fallback_from_source_label
[64],Australia - City of Sydney - City of Sydney / municipal food-scraps service,Stated Organic-waste Treatment Route,Composting,\b(composting|compost\s+facility|industrial\s+compost|in[- ]?vessel\s+compost|IVC|compostage|compostaggio|compostaje|compostagem|kompostierung|kompostering|kompostointi|kompostiranje|composteerinstallatie|composteerbaar|kompostownia|κομποστοποίηση|κομπόστ|堆肥化|堆肥|퇴비화|퇴비|kompostitav\w*)\b,composting,le and biodegradable bags must not be placed into your food scraps bin. They can contain plastic and heavy metals that are not suitable for composting or microbial treatment. We’ve supplied all households registered for the service with an initial supply of 200 compostable caddy liner bags,regex_include_exclude
[64],Australia - City of Sydney - City of Sydney / municipal food-scraps service,Acceptance,Collection liners only,"\b(use|can\s+use|may\s+use|allowed\s+to\s+use|line|pack|collect|wrap)\b.{0,160}\b(compostable|bioplastic|biodegradable|paper)\s+(bag|liner|sack)s?","can use any container with a lid, for example, an empty ice cream or plastic container. order your caddy use certified compostable bags only use as 4736 certified compostable bags","for collection. What you need to do Order your caddy online if you live in an apartment Limit of 1 caddy per household. Alternatively, you can use any container with a lid, for example, an empty ice cream or plastic container. Order your caddy Use certified compostable bags Only use AS 4736 certified compostable bags in your kitchen caddy or food scraps recycling bin – look for this symbol. Compostable bags are made of plant material and they break down",regex_include_exclude_context_checked
[64],Australia - City of Sydney - City of Sydney / municipal food-scraps service,Certification and Approval Basis,Country-specific standards/certifications (BNQ / AS 4736 / DINplus),\bas\s*4736\b,as 4736,"se any container with a lid, for example, an empty ice cream or plastic container. Order your caddy Use certified compostable bags Only use AS 4736 certified compostable bags in your kitchen caddy or food scraps recycling bin – look for this symbol. Compostable bags are made of plant ma",regex_include_exclude
[64],Australia - City of Sydney - City of Sydney / municipal food-scraps service,Rejection Rationale,Reason not explicitly stated,,,,fallback_default
[65],"Australia - Melbourne and Manningham, Victoria - City of Melbourne + Manningham / municipal FOGO rules",Source Authority,Municipal sorting rule,\b(city|municipal|municipality|commune|gemeente|gemeinde|borough|district|council|town|ville|stadt|ayuntamiento|comune|cidade|municipio|município|municipalidad|ciudad|miasto|urząd|alcald[ií]a|oslo|berlin|munich|hamburg|cologne|amsterdam|vienna|milan|barcelona|vigo|toronto|seattle|austin|san francisco|tokyo|seoul|prague|alimos|riga|krak[oó]w|toru[nń]|warsaw|bratislava|vilnius|ljubljana|maribor|christchurch|auckland|vitacura|las\s+palmas|brno|copenhagen|reykjav[ií]k|portland|new\s+york\s+city|minamata|zushi|providencia|santa\s+juana|wrocław|wroclaw)\b,city,"Australia - Melbourne and Manningham, Victoria - City of Melbourne + Manningham / municipal FOGO rules | Food and garden organics | https://www.melbourne.vic.gov.au/food-and-garden-organics-ser",metadata_regex + fallback_from_source_label
[65],"Australia - Melbourne and Manningham, Victoria - City of Melbourne + Manningham / municipal FOGO rules",Stated Organic-waste Treatment Route,Composting,\b(composting|compost\s+facility|industrial\s+compost|in[- ]?vessel\s+compost|IVC|compostage|compostaggio|compostaje|compostagem|kompostierung|kompostering|kompostointi|kompostiranje|composteerinstallatie|composteerbaar|kompostownia|κομποστοποίηση|κομπόστ|堆肥化|堆肥|퇴비화|퇴비|kompostitav\w*)\b,composting,"to landfill. What happens to the food and garden waste after it is collected? Your food and garden waste is taken to a purpose-built local composting facility, where it undergoes some very specific processing. The materials are processed into mulch and nutrient-rich compost that improves",regex_include_exclude
[65],"Australia - Melbourne and Manningham, Victoria - City of Melbourne + Manningham / municipal FOGO rules",Acceptance,Collection liners only,"\b(food[- ]?waste|bio[- ]?waste|organic\s*waste|kitchen\s*caddy)\b.{0,160}\b(compostable|biodegradable|paper)\s+(bag|liner|sack)s?",kitchen caddy and a pack of compostable liners,you’re ready to go! You will also need a caddy bin and some compostable liners. You can order a starter pack External link which includes a kitchen caddy and a pack of compostable liners online. When filling out the form: select “A request for a new waste service” at step 2 select “New Resident Pack” at step 7. Alternatively,regex_include_exclude_context_checked
[65],"Australia - Melbourne and Manningham, Victoria - City of Melbourne + Manningham / municipal FOGO rules",Certification and Approval Basis,OK compost HOME / NF T 51-800 / AS 5810,\bas\s*5810\b,as5810,"per customer. You can use liners purchased elsewhere but they must be green and display the certified compostable symbol and code AS4736 or AS5810. Image Multi-unit dwellings (up to five storeys) Multi-unit dwellings (up to five storeys) Some multi-unit dwellings including flats, units",regex_include_exclude
[65],"Australia - Melbourne and Manningham, Victoria - City of Melbourne + Manningham / municipal FOGO rules",Rejection Rationale,Compost/digestate quality or contamination concern,\b(compost\s+quality|digestate\s+quality|microplastic|microplastics|contamination|contaminant|foreign\s+matter|residue|pollutant|clean\s+compost|soil|agricultural\s+use|quality\s+standard|fertiliser|fertilizer|impurity|physical\s+contamination|quality\s+control|nutrient|nutritional\s+value|soil\s+amendment)\b,fertiliser,"th a kitchen caddy and lime-green lid bin to dispose of their food and garden waste. The organics we collect are converted into compost and fertiliser to be used on farms, as well as our parks, gardens and sporting fields. Phase one of the rollout began in June 2021 for single unit dwellin",regex_include_exclude
[66],"Australia - Randwick, New South Wales - Randwick City Council / municipal sorting rule",Source Authority,Municipal sorting rule,,,"Australia - Randwick, New South Wales - Randwick City Council / municipal sorting rule | Home | https://www.randwick.nsw.gov.au/about-us/news/news-items/2022/december/fogo-changes-from-2023-its-just-for-food-scraps-and-garden-clippings",source_label_priority
[66],"Australia - Randwick, New South Wales - Randwick City Council / municipal sorting rule",Stated Organic-waste Treatment Route,Composting,\b(composting|compost\s+facility|industrial\s+compost|in[- ]?vessel\s+compost|IVC|compostage|compostaggio|compostaje|compostagem|kompostierung|kompostering|kompostointi|kompostiranje|composteerinstallatie|composteerbaar|kompostownia|κομποστοποίηση|κομπόστ|堆肥化|堆肥|퇴비화|퇴비|kompostitav\w*)\b,composting,"able green bags supplied free of charge by Council. Pet poo and poo bags. Studies show that pathogens in pet waste are not always killed at composting facilities. To protect human health, pet waste is no longer able to be put in the FOGO bin and should be placed in the red landfill bin ins",regex_include_exclude
[66],"Australia - Randwick, New South Wales - Randwick City Council / municipal sorting rule",Acceptance,Collection liners only,"\b(use|can\s+use|may\s+use|allowed\s+to\s+use|line|pack|collect|wrap)\b.{0,160}\b(compostable|bioplastic|biodegradable|paper)\s+(bag|liner|sack)s?",use a compostable liner,ing that some items previously accepted may contain chemicals and additives that could damage the environment if composted. Why can we still use a compostable liner to line the caddy but we can’t put compostable packaging in the FOGO bin? Excessive amounts of compostable packaging can affect the qualit,regex_include_exclude_context_checked
[66],"Australia - Randwick, New South Wales - Randwick City Council / municipal sorting rule",Certification and Approval Basis,Country-specific standards/certifications (BNQ / AS 4736 / DINplus),\bas\s*4736\b,as 4736,vely impact the production of a high quality and safe compost product. Note: FOGO kitchen caddy liners that comply with Australian Standard AS 4736-2006 may still be used. These are the certified compostable green bags supplied free of charge by Council. Pet poo and poo bags. Studies sh,regex_include_exclude
[66],"Australia - Randwick, New South Wales - Randwick City Council / municipal sorting rule",Rejection Rationale,Compost/digestate quality or contamination concern,\b(compost\s+quality|digestate\s+quality|microplastic|microplastics|contamination|contaminant|foreign\s+matter|residue|pollutant|clean\s+compost|soil|agricultural\s+use|quality\s+standard|fertiliser|fertilizer|impurity|physical\s+contamination|quality\s+control|nutrient|nutritional\s+value|soil\s+amendment)\b,quality control,onment? FOGO material is professionally composted and complies with the Australian Standard for composts. The material undergoes a series of quality control measures and laboratory analysis to produce a high-quality product. FOGO compost is not put into use if it doesn’t meet these strict stand,regex_include_exclude
[67],"Australia - Inner West, New South Wales - Inner West Council / municipal sorting rule",Source Authority,Municipal sorting rule,,,"Australia - Inner West, New South Wales - Inner West Council / municipal sorting rule | FOGO (Food organics garden organics) | https://www.innerwest.nsw.gov.au/household-bins/fogo-food-organics-garden-organics",source_label_priority
[67],"Australia - Inner West, New South Wales - Inner West Council / municipal sorting rule",Stated Organic-waste Treatment Route,Composting,\b(composting|compost\s+facility|industrial\s+compost|in[- ]?vessel\s+compost|IVC|compostage|compostaggio|compostaje|compostagem|kompostierung|kompostering|kompostointi|kompostiranje|composteerinstallatie|composteerbaar|kompostownia|κομποστοποίηση|κομπόστ|堆肥化|堆肥|퇴비화|퇴비|kompostitav\w*)\b,composting,nment to provide a food recycling service by 2030. Inner West Council is leading the way as on of the first Sydney councils to introduce it. Composting your food scraps through the green lid bin helps to: Support local farmers and the agricultural industry Create full-time employment oppor,regex_include_exclude
[67],"Australia - Inner West, New South Wales - Inner West Council / municipal sorting rule",Acceptance,Rejected,"\b(not\s+accepted|not\s+allowed|do\s+not\s+put|don't\s+put|must\s+not|should\s+not|prohibited|rejected|not\s+permitted|not\s+suitable|cannot|can\s*not|can’t|can't|contamination|contaminant)\b.{0,180}\b(compostable|biodegradable|bioplastic|bio[- ]?plastic|compostable\s+packag|biodegradable\s+packag|serviceware|cup|cutlery)","not accepted. these bags will not decompose and will contaminate the compost used by farmers to grow food. only use council provided liners, or green liners that are certified compostable","slim line benchtop bins. Can I use any green bag to collect my food? No - regular plastic bags and ""biodegradable"" or ""degradable"" bags are not accepted. These bags will not decompose and will contaminate the compost used by farmers to grow food. Only use Council provided liners, or green liners that are certified compostable (look for the seedling logo). Council liners are 8 litres in size and fit both the 7L and 5L slimline benchtop bins. What day is my bin co",regex_include_exclude
[67],"Australia - Inner West, New South Wales - Inner West Council / municipal sorting rule",Certification and Approval Basis,EN 13432 / OK compost / Seedling,\bseedling\b|\bkeimling\b|\bkiemplant(?:logo)?\b,seedling,"can purchase liners from major supermarkets, independent grocers and hardware retailers. Please make sure to purchase green liners with the seedling logo, marked AS4736. Council uses an 8 litre liner to fit the 7L and 5L slim line benchtop bins. Can I use any green bag to collect my foo",regex_include_exclude
[67],"Australia - Inner West, New South Wales - Inner West Council / municipal sorting rule",Rejection Rationale,Pre-treatment/screening/equipment constraint,\b(pre[- ]?treatment|screening|screened\s+out|front[- ]?end|sorting\s+plant|shredder|sieve|sieving|pulper|separator|machine|pump|pipe|clog|jam|remove[d]?\s+before|sorted\s+out|mechanical\s+sorting|sorting\s+facility)\b,machine,"n equipment Expired takeaway Logs or branches longer than 100cm or wider than 15cm in diameter Grass and leaves Vacuum cleaner dust, washing machine or dryer lint Twigs, small branches, tree bark (No logs or branches longer than 100cm or wider than 10cm in diameter.) Flowers, garden wee",regex_include_exclude
[68],Australia - South Australia (Regional Processing Networks) - Green Industries South Australia (GISA) Operational Guidance / regional government guidance,Source Authority,"State, provincial, regional, or canton rule",,,Australia - South Australia (Regional Processing Networks) - Green Industries South Australia (GISA) Operational Guidance / regional government guidance | Reducing food waste – resources for households | https://www.greenindustries.sa.gov.au/food-waste-resources-households,source_label_priority
[68],Australia - South Australia (Regional Processing Networks) - Green Industries South Australia (GISA) Operational Guidance / regional government guidance,Stated Organic-waste Treatment Route,Composting,\b(composting|compost\s+facility|industrial\s+compost|in[- ]?vessel\s+compost|IVC|compostage|compostaggio|compostaje|compostagem|kompostierung|kompostering|kompostointi|kompostiranje|composteerinstallatie|composteerbaar|kompostownia|κομποστοποίηση|κομπόστ|堆肥化|堆肥|퇴비화|퇴비|kompostitav\w*)\b,composting,"ps and offcuts that need to be disposed of. Food waste, certified compostable service ware, and green organic waste can all be diverted for composting through the green organics (FOGO) bin in all metropolitan areas and many regional centres. Ventilated kitchen caddies and compostable bags",regex_include_exclude
[68],Australia - South Australia (Regional Processing Networks) - Green Industries South Australia (GISA) Operational Guidance / regional government guidance,Acceptance,Collection liners only,"\b(use|can\s+use|may\s+use|allowed\s+to\s+use|line|pack|collect|wrap)\b.{0,160}\b(compostable|bioplastic|biodegradable|paper)\s+(bag|liner|sack)s?","use plastic barrier bags, households have ready access to a supply of as 4736 and as 5810 certified compostable bags","olds to divert food waste are commonly provided by councils for residents. Since September 2024, when bans came into place in SA for single-use plastic barrier bags, households have ready access to a supply of AS 4736 and AS 5810 certified compostable bags from supermarkets and retail outlets, which can be used to help divert food waste. Contact your council or check Which Bin for advice on ho",regex_include_exclude_context_checked
[68],Australia - South Australia (Regional Processing Networks) - Green Industries South Australia (GISA) Operational Guidance / regional government guidance,Certification and Approval Basis,OK compost HOME / NF T 51-800 / AS 5810,\bas\s*5810\b,as 5810,"eptember 2024, when bans came into place in SA for single-use plastic barrier bags, households have ready access to a supply of AS 4736 and AS 5810 certified compostable bags from supermarkets and retail outlets, which can be used to help divert food waste. Contact your council or check",regex_include_exclude
[68],Australia - South Australia (Regional Processing Networks) - Green Industries South Australia (GISA) Operational Guidance / regional government guidance,Rejection Rationale,Reason not explicitly stated,,,,fallback_default
[69],New Zealand - National - Ministry for the Environment / national kerbside standard,Source Authority,National rule or policy,,,"New Zealand - National - Ministry for the Environment / national kerbside standard | Material excluded from kerbside food scraps and food and garden waste collections | Ministry for the Environment, New Zealand | https://environment.govt.nz/what-government-is-doing/areas-of-work/waste/improving-household-recycling-and-food-scrap-collections/material-excluded-from-kerbside-food-scraps-and-food-and-garden-waste-collections/",source_label_priority
[69],New Zealand - National - Ministry for the Environment / national kerbside standard,Stated Organic-waste Treatment Route,AD/biogas + composting,"\b(anaerobic\s+digestion|\bAD\b|biogas|biomethane|methani[sz]ation|m[ée]thanisation|biom[ée]thanisation|verg[äa]rung|vergisting|r[öo]tning|digestate|biog[öo]dsel|biog[øo]dning)\b.{0,180}\b(compost|composting|kompost|compostaggio|compostaje|compostagem|kompostering|kompostointi|kompostiranje|κομποστοποίηση|堆肥|퇴비)","digestate that are added to soils. paper, cardboard and compost","ls choose to allow it. Why these items are a problem: Kerbside organics collections are used to make a variety of products such as compost and digestate that are added to soils. Paper, cardboard and compostable packaging can introduce chemicals of concern such as PFAS and other additives into the soil. Plastic with the potential to break do",regex_include_exclude
[69],New Zealand - National - Ministry for the Environment / national kerbside standard,Acceptance,Rejected,"\b(not\s+accepted|not\s+allowed|do\s+not\s+put|don't\s+put|must\s+not|should\s+not|prohibited|rejected|not\s+permitted|not\s+suitable|cannot|can\s*not|can’t|can't|contamination|contaminant)\b.{0,180}\b(compostable|biodegradable|bioplastic|bio[- ]?plastic|compostable\s+packag|biodegradable\s+packag|serviceware|cup|cutlery)","can't go in food scraps or fogo collections: paper and cardboard including paper towels and pizza boxes, and compostable","her they accept compostable bin liners and certain types of garden materials in their collections. Paper, cardboard and compostable packaging can’t go in food scraps or FOGO collections: Paper and cardboard including paper towels and pizza boxes, and compostable packaging are not accepted in council kerbside food scraps and FOGO collections. Paper, paper bags and compostable bin liners can only b",regex_include_exclude
[69],New Zealand - National - Ministry for the Environment / national kerbside standard,Certification and Approval Basis,Generic compostable/biodegradable wording only,\b(compostable|biodegradable|industrially\s+compostable|certified\s+compostable|composteerbaar\w*|kompostierbar\w*|compostabil\w*|biod[ée]gradable\w*|biohajoava|kompostoituva|biolagunev\w*|biolo[šs]ko\s+razgradljiv\w*|kompostowaln\w*|biodegradowaln\w*)\b,compostable,"can be accepted in all council kerbside food scraps and food and garden (FOGO) collections. Councils have discretion over whether they accept compostable bin liners and certain types of garden materials in their collections. Paper, cardboard and compostable packaging can’t go in food scrap",regex_include_exclude
[69],New Zealand - National - Ministry for the Environment / national kerbside standard,Rejection Rationale,Compost/digestate quality or contamination concern,\b(compost\s+quality|digestate\s+quality|microplastic|microplastics|contamination|contaminant|foreign\s+matter|residue|pollutant|clean\s+compost|soil|agricultural\s+use|quality\s+standard|fertiliser|fertilizer|impurity|physical\s+contamination|quality\s+control|nutrient|nutritional\s+value|soil\s+amendment)\b,soil,"these items are a problem: Kerbside organics collections are used to make a variety of products such as compost and digestate that are added to soils. Paper, cardboard and compostable packaging can introduce chemicals of concern such as PFAS and other additives into the soil. Plastic",regex_include_exclude
[70],New Zealand - New Plymouth District - NPDC / municipal food-scraps rule,Source Authority,Municipal sorting rule,\b(city|municipal|municipality|commune|gemeente|gemeinde|borough|district|council|town|ville|stadt|ayuntamiento|comune|cidade|municipio|município|municipalidad|ciudad|miasto|urząd|alcald[ií]a|oslo|berlin|munich|hamburg|cologne|amsterdam|vienna|milan|barcelona|vigo|toronto|seattle|austin|san francisco|tokyo|seoul|prague|alimos|riga|krak[oó]w|toru[nń]|warsaw|bratislava|vilnius|ljubljana|maribor|christchurch|auckland|vitacura|las\s+palmas|brno|copenhagen|reykjav[ií]k|portland|new\s+york\s+city|minamata|zushi|providencia|santa\s+juana|wrocław|wroclaw)\b,district,New Zealand - New Plymouth District - NPDC / municipal food-scraps rule | Skip to main content | https://www.npdc.govt.nz/zero-waste/recycling-and-rubbish-collection/your-food,metadata_regex + fallback_from_source_label
[70],New Zealand - New Plymouth District - NPDC / municipal food-scraps rule,Stated Organic-waste Treatment Route,Composting,\b(composting|compost\s+facility|industrial\s+compost|in[- ]?vessel\s+compost|IVC|compostage|compostaggio|compostaje|compostagem|kompostierung|kompostering|kompostointi|kompostiranje|composteerinstallatie|composteerbaar|kompostownia|κομποστοποίηση|κομπόστ|堆肥化|堆肥|퇴비화|퇴비|kompostitav\w*)\b,composting,"or cut flower stems to line your bin. If I compost at home should I continue or use my food scraps bin? If you compost at home, keep it up! Composting is a great way to process green waste and compostable items that can’t be included in your food scraps bin, such as tissues, home compostab",regex_include_exclude
[70],New Zealand - New Plymouth District - NPDC / municipal food-scraps rule,Acceptance,Rejected,"\b(not\s+accepted|not\s+allowed|do\s+not\s+put|don't\s+put|must\s+not|should\s+not|prohibited|rejected|not\s+permitted|not\s+suitable|cannot|can\s*not|can’t|can't|contamination|contaminant)\b.{0,180}\b(compostable|biodegradable|bioplastic|bio[- ]?plastic|compostable\s+packag|biodegradable\s+packag|serviceware|cup|cutlery)",can't i use compostable or biodegradable bags as liners in my food scraps bin? there is no agreed new zealand standard for compostable,"a commercial composting facility in Hampton Downs where they get turned into compost for gardens, putting nutrients back into the soil. Why can’t I use compostable or biodegradable bags as liners in my food scraps bin? There is no agreed New Zealand standard for compostable packaging, and no national requirements for labelling and meeting commercially compostable international standards. This means it’s very ha",regex_include_exclude
[70],New Zealand - New Plymouth District - NPDC / municipal food-scraps rule,Certification and Approval Basis,OK compost HOME / NF T 51-800 / AS 5810,\bhome[- ]?compostable|home\s*compostability\b,home compostable,"up! Composting is a great way to process green waste and compostable items that can’t be included in your food scraps bin, such as tissues, home compostable packaging, hair, cold ash, dust and fallen leaves. Note that items placed down a sink disposal unit go to the landfill, so it’s best to com",regex_include_exclude
[70],New Zealand - New Plymouth District - NPDC / municipal food-scraps rule,Rejection Rationale,Compost/digestate quality or contamination concern,\b(compost\s+quality|digestate\s+quality|microplastic|microplastics|contamination|contaminant|foreign\s+matter|residue|pollutant|clean\s+compost|soil|agricultural\s+use|quality\s+standard|fertiliser|fertilizer|impurity|physical\s+contamination|quality\s+control|nutrient|nutritional\s+value|soil\s+amendment)\b,soil,oing your bit to separate food scraps from your landfill waste reduces greenhouse gas emissions and helps us make delicious compost for our soil. Your food scraps bin is collected every week on your collection day. Check out our bin collection schedule if you're not sure of your day.,regex_include_exclude
[71],"Japan - Mashiko, Tochigi - 益子町 / municipal sorting rule",Source Authority,Municipal sorting rule,,,"Japan - Mashiko, Tochigi - 益子町 / municipal sorting rule | --- Page 1 --- | https://www.town.mashiko.lg.jp/data/doc/1396155521_doc_87_0.pdf",source_label_priority
[71],"Japan - Mashiko, Tochigi - 益子町 / municipal sorting rule",Stated Organic-waste Treatment Route,Treatment route not stated,,,,fallback_default
[71],"Japan - Mashiko, Tochigi - 益子町 / municipal sorting rule",Acceptance,Collection liners only,"(?:生ごみ|食品廃棄物).{0,140}(?:生分\w{0,8}解性\w{0,12}(?:プラスチック)?\w{0,8}袋|堆肥化可能\w*袋)",生ごみで包むなどして、突起部分が袋 に当たらないよう注意してください。 ●生ごみ専用袋は生分解性のごみ袋,てください。 ●生ごみはしっかりと水切りをしてください。 ●生ごみは生ごみ専用袋にそのまま入れてください。 レジ袋などを使って二重袋 レジ袋などを使って二重袋にしないでください。 ● カ ニ 、 エ ビ 、 魚 の 骨 な ど の 突 起 物 で 袋 が 破 れ る お そ れ が あ り ま す 。 このようなごみを入れる場合には、他の生ごみで包むなどして、突起部分が袋 に当たらないよう注意してください。 ●生ごみ専用袋は生分解性のごみ袋 です。長時間の使用により、水漏れのおそ れがあります。袋に余裕があっても、ごみの収集日に必ず出してください。 ●生ごみを数日分まとめて出す場合は、収集場所に出す直前に生ごみ専用袋に,regex_include_exclude_context_checked
[71],"Japan - Mashiko, Tochigi - 益子町 / municipal sorting rule",Certification and Approval Basis,Government/programme approval,(専用袋|指定袋|市が回収|전용봉투|종량제봉투|专用袋|專用袋|orange\s+bag|oranžin\w*\s+maišel\w*),専用袋,tps://www.town.mashiko.lg.jp/data/doc/1396155521_doc_87_0.pdf --- Page 1 --- 生ごみの分け方・出し方 保存版 生ごみは資源です。資源循環と地球温暖化防止のため、生ごみの分別 収集にご協力ください。 生ごみ専用袋に入れていいもの 出し方（注 意） ●野菜・果物のくず・皮・しん 大根、たけのこ、たまねぎ、とうもろこし、枝豆、リンゴ、パイナップル、落花生、クルミなど ●食べ残し 米、味噌汁の具、パン、麺類、もち、腐敗した食べ物など ●その他 魚,regex_include_exclude
[71],"Japan - Mashiko, Tochigi - 益子町 / municipal sorting rule",Rejection Rationale,Reason not explicitly stated,,,,fallback_default
[72],"Japan - Makkari, Hokkaidō - 真狩村 / municipal sorting rule",Source Authority,Municipal sorting rule,,,"Japan - Makkari, Hokkaidō - 真狩村 / municipal sorting rule | ごみの出し方・注意事項 | https://www.vill.makkari.lg.jp/kurashi/gomi/bunbetsu/dashikata/",source_label_priority
[72],"Japan - Makkari, Hokkaidō - 真狩村 / municipal sorting rule",Stated Organic-waste Treatment Route,Treatment route not stated,,,,fallback_default
[72],"Japan - Makkari, Hokkaidō - 真狩村 / municipal sorting rule",Acceptance,Rejected,"(レジ袋|プラスチック袋|プラスチック|容器包装).{0,100}(二重袋|使わない|入れない|禁止|燃えるごみ|可燃ごみ)",プラスチック・金属類などの異物は絶対に入れない,事項 1．水分を十分に切り、指定されている専用袋（有料）に入れて出してください。 2．生ごみの収集日（毎週月・木曜日）に、ごみステーションに設置しているバケツの中に袋ごと入れてください。 3．収集した生ごみは、堆肥化処理施設で堆肥としてリサイクルされますので、ラップ類・割りばし・プラスチック・金属類などの異物は絶対に入れないでください。 4．生ごみ専用袋は、施設での発酵中、あるいは土の中で分解され自然にかえる生分分解性プラスチックという材料で作られています。性質上、それほど耐久性のあるものではないため、取り扱いには十分注意してください。 資源ごみ 区分 出し方・注意事項 缶 びん ペットボトル 【共,regex_include_exclude
[72],"Japan - Makkari, Hokkaidō - 真狩村 / municipal sorting rule",Certification and Approval Basis,Government/programme approval,(専用袋|指定袋|市が回収|전용봉투|종량제봉투|专用袋|專用袋|orange\s+bag|oranžin\w*\s+maišel\w*),専用袋,いごみ 生ごみ 資源ごみ その他資源ごみ その他のプラスチック製容器包装 その他の紙製容器包装 有害ごみ 燃やせるごみ 主なもの 紙くず類、木くず類、タバコの吸いがら、布類（布製のものは全て対象）、紙おむつ、ストッキング、天ぷら廃油、縄類など 出し方 注意事項 1．指定されている専用袋（有料）に入れて、燃やせるごみの収集日（毎週金曜日）にごみステーションに出してください。 2．庭など剪定した木は、50cm以内でしたら、燃やせるごみとして出してください。（45リットルのごみ袋に入る長さが目安です。） 3．新聞紙、チラシ、雑誌、書籍、段ボール、紙パック、ミックスペ,regex_include_exclude
[72],"Japan - Makkari, Hokkaidō - 真狩村 / municipal sorting rule",Rejection Rationale,Reason not explicitly stated,,,,fallback_default
[73],"Japan - Niseko, Hokkaidō - ニセコ町 / municipal sorting / program document",Source Authority,Municipal sorting rule,\b(city|municipal|municipality|commune|gemeente|gemeinde|borough|district|council|town|ville|stadt|ayuntamiento|comune|cidade|municipio|município|municipalidad|ciudad|miasto|urząd|alcald[ií]a|oslo|berlin|munich|hamburg|cologne|amsterdam|vienna|milan|barcelona|vigo|toronto|seattle|austin|san francisco|tokyo|seoul|prague|alimos|riga|krak[oó]w|toru[nń]|warsaw|bratislava|vilnius|ljubljana|maribor|christchurch|auckland|vitacura|las\s+palmas|brno|copenhagen|reykjav[ií]k|portland|new\s+york\s+city|minamata|zushi|providencia|santa\s+juana|wrocław|wroclaw)\b,municipal,"Japan - Niseko, Hokkaidō - ニセコ町 / municipal sorting / program document | --- Page 1 --- | https://www.town.niseko.lg.jp/resources/output/contents/file/release/903/13734/80b6adbfc21896",metadata_regex + fallback_from_source_label
[73],"Japan - Niseko, Hokkaidō - ニセコ町 / municipal sorting / program document",Stated Organic-waste Treatment Route,Treatment route not stated,,,,fallback_default
[73],"Japan - Niseko, Hokkaidō - ニセコ町 / municipal sorting / program document",Acceptance,Rejected,"(可堆肥|可降解|生分解|塑料|塑膠|プラスチック|생분해|플라스틱|비닐).{0,100}(不(?:可|能|得)|不能|不可|請勿|不要|禁止|一般ごみ|燃えるごみ|종량제|일반쓰레기|배출불가)",プラスチック容器や紙製のラベルや、 木製はし、 食べ物の残滓などが混在してよごれたまま の「ダメごみ」は、洗浄して分別を徹底するか、もしくは、はじめから燃えるごみ,http://www.city.tomakomai.hokkaido.jp/kurashi/gomi/recycle/katsudonaiyo.html 道内の学校における取組み事例 http://www.ecocap.or.jp/kaisyumap/school/hokkaido/ エコキャップ回収事業者団体 http://www.jcv-jp.org/donation/recycle_list.html#Hokkaido エコキャップ回収実施店舗（イオン） https://www.aeon.info/environment/social/petbottlecap/petbottlecap_shop.html --- Page 9 --- 8 ３．町への提案,regex_include_exclude
[73],"Japan - Niseko, Hokkaidō - ニセコ町 / municipal sorting / program document",Certification and Approval Basis,Government/programme approval,(専用袋|指定袋|市が回収|전용봉투|종량제봉투|专用袋|專用袋|orange\s+bag|oranžin\w*\s+maišel\w*),専用袋,れまでのダメごみも高い割合で混入している。こ のダメごみから廃プラなどの資源を分別して取り出し、 マテリアルリサイクルにまわすこと とによって本来の資源化リサイクルが進み、サーマルリサイクルでしかないRDF 製造量を --- Page 7 --- 6 減らし、そのための各町村の負担金も減らせることになる。 また、RDF のラインについては、広域協議会と事業者による実施状況やその結果としての 資源化効率に関する様々な指標について、 住民としても主体的に関心を持ち、 ラインの見学 や現場の説明、 あるいは事業経過の実態把握,regex_include_exclude
[73],"Japan - Niseko, Hokkaidō - ニセコ町 / municipal sorting / program document",Rejection Rationale,Reason not explicitly stated,,,,fallback_default
[74],"Japan - Toyohashi, Aichi - 豊橋市 / municipal sorting rule",Source Authority,Municipal sorting rule,,,"Japan - Toyohashi, Aichi - 豊橋市 / municipal sorting rule | 生ごみ分別について | https://www.city.toyohashi.lg.jp/26526.htm",source_label_priority
[74],"Japan - Toyohashi, Aichi - 豊橋市 / municipal sorting rule",Stated Organic-waste Treatment Route,Treatment route not stated,,,,fallback_default
[74],"Japan - Toyohashi, Aichi - 豊橋市 / municipal sorting rule",Acceptance,No explicit compostable-packaging rule,,,,fallback_default
[74],"Japan - Toyohashi, Aichi - 豊橋市 / municipal sorting rule",Certification and Approval Basis,Government/programme approval,(専用袋|指定袋|市が回収|전용봉투|종량제봉투|专用袋|專用袋|orange\s+bag|oranžin\w*\s+maišel\w*),指定袋,ステーションに置いてください。 生ごみ用指定ごみ袋 豊橋市では、平成２８年４月から「もやすごみ」と「こわすごみ」について、指定ごみ袋制度を導入し、市民の皆様へ持ち出しのご協力をお願いしていますが、「 生ごみ 」についても指定ごみ袋制度を導入し、持ち出しのご協力をお願いしています。指定袋の内容は以下のとおりです。 サイズ：2ℓ・5ℓ・10ℓ・15ℓ・30ℓ ＊袋の色でごみ種の区分をするため、生ごみ用などの文字の記載はありません。 「もやすごみ」「こわすごみ」の袋と同様、市内のスーパー、コンビニ、ドラッグストア等で市場価格により販売されています。 生ごみ分別一覧,regex_include_exclude
[74],"Japan - Toyohashi, Aichi - 豊橋市 / municipal sorting rule",Rejection Rationale,Not applicable - not a rejection/restriction case,,,,derived_from_acceptance
[75],"Japan - National - Ministry of Agriculture, Forestry and Fisheries / national government guidance",Source Authority,National rule or policy,,,"Japan - National - Ministry of Agriculture, Forestry and Fisheries / national government guidance | このページの本文へ移動 | https://www.maff.go.jp/j/syouan/nouan/kome/k_hiryo/compostable_plastic.html",source_label_priority
[75],"Japan - National - Ministry of Agriculture, Forestry and Fisheries / national government guidance",Stated Organic-waste Treatment Route,Composting,\b(composting|compost\s+facility|industrial\s+compost|in[- ]?vessel\s+compost|IVC|compostage|compostaggio|compostaje|compostagem|kompostierung|kompostering|kompostointi|kompostiranje|composteerinstallatie|composteerbaar|kompostownia|κομποστοποίηση|κομπόστ|堆肥化|堆肥|퇴비화|퇴비|kompostitav\w*)\b,堆肥化,る省力化を進めるため、近年、微生物の働きにより水と二酸化炭素に分解される生分解性プラスチックの普及が進みつつあり、一部の生ごみ収集指定袋等には、生分解性プラスチックが既に使用されています。さらに、「バイオプラスチック導入ロードマップ」（令和3年1月策定）では、資源循環の観点から、堆肥化・バイオガス化等に用いる生ごみ用収集袋に生分解性プラスチックを利用することが有用と整理されるなど、今後、生ごみ用収集袋（以降、生ごみ袋）への生分解性プラスチックの利用の増加が見込まれます。 一方、肥料の品質を確保する観点からは、生ごみの収集に用いたプラスチック製のごみ袋は異物とし,regex_include_exclude
[75],"Japan - National - Ministry of Agriculture, Forestry and Fisheries / national government guidance",Acceptance,Collection liners only,"(?:生ごみ|食品廃棄物).{0,140}(?:生分\w{0,8}解性\w{0,12}(?:プラスチック)?\w{0,8}袋|堆肥化可能\w*袋)",生ごみの収集に用いたプラスチック製のごみ袋は異物として、肥料生産工程において除去するか又は微生物の働きにより十分に分解させる必要があります。分解させる場合は、ごみ袋に含まれる成分やその分解生成物が農作物の成長を阻害しないことも求められます。 そのため、農林水産省では、令和4年度より生分解性プラスチック製の生ごみ袋,"（令和3年1月策定）では、資源循環の観点から、堆肥化・バイオガス化等に用いる生ごみ用収集袋に生分解性プラスチックを利用することが有用と整理されるなど、今後、生ごみ用収集袋（以降、生ごみ袋）への生分解性プラスチックの利用の増加が見込まれます。 一方、肥料の品質を確保する観点からは、生ごみの収集に用いたプラスチック製のごみ袋は異物として、肥料生産工程において除去するか又は微生物の働きにより十分に分解させる必要があります。分解させる場合は、ごみ袋に含まれる成分やその分解生成物が農作物の成長を阻害しないことも求められます。 そのため、農林水産省では、令和4年度より生分解性プラスチック製の生ごみ袋等を肥料の生産工程中で分解させる場合の留意点等に係る調査を行い、その結果をもとにガイダンスとして整理しています。 ガイダンス 生分解性プラスチック製の生ごみ袋を用いた堆肥の生産に係るガイダンス(PDF : 1,995KB) （令和6年7月10日） お問合せ先 消費・安全局農産安全",regex_include_exclude_context_checked
[75],"Japan - National - Ministry of Agriculture, Forestry and Fisheries / national government guidance",Certification and Approval Basis,Government/programme approval,(専用袋|指定袋|市が回収|전용봉투|종량제봉투|专用袋|專用袋|orange\s+bag|oranžin\w*\s+maišel\w*),指定袋,はじめに 将来にわたる肥料の安定供給のため、生ごみも含めた国内の未利用資源を肥料原料として活用することが重要です。 このような中、生ごみの肥料化における省力化を進めるため、近年、微生物の働きにより水と二酸化炭素に分解される生分解性プラスチックの普及が進みつつあり、一部の生ごみ収集指定袋等には、生分解性プラスチックが既に使用されています。さらに、「バイオプラスチック導入ロードマップ」（令和3年1月策定）では、資源循環の観点から、堆肥化・バイオガス化等に用いる生ごみ用収集袋に生分解性プラスチックを利用することが有用と整理されるなど、今後、生ごみ用収集袋（以降、生ご,regex_include_exclude
[75],"Japan - National - Ministry of Agriculture, Forestry and Fisheries / national government guidance",Rejection Rationale,Reason not explicitly stated,,,,fallback_default
[76],Spain - Vigo (Galicia) - Concello de Vigo / municipal sorting rule,Source Authority,Municipal sorting rule,,,Spain - Vigo (Galicia) - Concello de Vigo / municipal sorting rule | Saltar al contenido | https://hoxe.vigo.org/movemonos/limp_org_form.php?lang=cas,source_label_priority
[76],Spain - Vigo (Galicia) - Concello de Vigo / municipal sorting rule,Stated Organic-waste Treatment Route,Treatment route not stated,\b(brown\s*bin|green\s*cart|organic\s*waste\s*collection|food\s*waste\s*collection|food\s*scraps?\s*(?:bin|collection)|bio[- ]?waste\s*collection|biowaste\s*collection|FOGO|GFT|biotonne|bioabfall|contenedor\s+marr[oó]n|contentor\s+castanho|bac\s+brun|rifiut[io]\s+organic[io]|umido|maisto\s+atliek|bioj[äa]te|madaffald|matavfall|bioodpad|pojemnik\s+bio|kitchen\s*waste\s*collection)\b,contenedor marrón,Vigo Menú Buscar Buscar Inicio Servicios ciudad Limpieza y gestión de residuos Tipos de residuos y contenedores Residuos orgánicos (FORM). Contenedor marrón Escuchar Limpieza y gestión de residuos Residuos orgánicos (FORM). Contenedor marrón Contenedor de tapa marrón Para poder abrirlo hay que e,regex_include_exclude
[76],Spain - Vigo (Galicia) - Concello de Vigo / municipal sorting rule,Acceptance,Rejected,(sin\s+ning[uú]n\s+tipo\s+de\s+envase|sin\s+envase|sem\s+embalagem|retirar\s+.*envase|retirar\s+.*embalagem),sin ningún tipo de envase,"n la preparación de las comidas, crudas o cocinadas y cualquier tipo de sobras de las mismas. Es muy importante que los restos se depositen sin ningún tipo de envase, en bolsas compostables (que son biodegradables pero además son aptas para hacer compost). El objetivo es transformar los restos orgánicos",regex_include_exclude
[76],Spain - Vigo (Galicia) - Concello de Vigo / municipal sorting rule,Certification and Approval Basis,Generic compostable/biodegradable wording only,\b(compostable|biodegradable|industrially\s+compostable|certified\s+compostable|composteerbaar\w*|kompostierbar\w*|compostabil\w*|biod[ée]gradable\w*|biohajoava|kompostoituva|biolagunev\w*|biolo[šs]ko\s+razgradljiv\w*|kompostowaln\w*|biodegradowaln\w*)\b,biodegradables,"uier tipo de sobras de las mismas. Es muy importante que los restos se depositen sin ningún tipo de envase, en bolsas compostables (que son biodegradables pero además son aptas para hacer compost). El objetivo es transformar los restos orgánicos en compost. Llegan a Vigo los contenedores de ta",regex_include_exclude
[76],Spain - Vigo (Galicia) - Concello de Vigo / municipal sorting rule,Rejection Rationale,Explicit no-packaging / positive-list restriction,\b(sin\s+ning[uú]n\s+tipo\s+de\s+envase|sin\s+envase|separados?\s+de\s+su\s+envase|retirar\s+.*envase)\b,sin ningún tipo de envase,"n la preparación de las comidas, crudas o cocinadas y cualquier tipo de sobras de las mismas. Es muy importante que los restos se depositen sin ningún tipo de envase, en bolsas compostables (que son biodegradables pero además son aptas para hacer compost). El objetivo es transformar los restos orgánicos",regex_include_exclude
[77],Belgium - National (all three regions) - Fost Plus (producer responsibility organisation) / waste-company guidance,Source Authority,Waste operator or treatment-facility rule,,,"Belgium - National (all three regions) - Fost Plus (producer responsibility organisation) / waste-company guidance | FAQ Bio-based/sourced plastics, bio-degradable and compostable plastics | Fost Plus | https://www.fostplus.be/fr/media/1374/download%20(FR);%20https:/www.fostplus.be/nl/media/1373/download%20(NL)",source_label_priority
[77],Belgium - National (all three regions) - Fost Plus (producer responsibility organisation) / waste-company guidance,Stated Organic-waste Treatment Route,Treatment route not stated,,,,fallback_default
[77],Belgium - National (all three regions) - Fost Plus (producer responsibility organisation) / waste-company guidance,Acceptance,Rejected,"\b(not\s+accepted|not\s+allowed|do\s+not\s+put|don't\s+put|must\s+not|should\s+not|prohibited|rejected|not\s+permitted|not\s+suitable|cannot|can\s*not|can’t|can't|contamination|contaminant)\b.{0,180}\b(compostable|biodegradable|bioplastic|bio[- ]?plastic|compostable\s+packag|biodegradable\s+packag|serviceware|cup|cutlery)","not accepted in the pmd blue bag in belgium. there is a risk that consumers dispose of biodegradable or compostable plastic packaging improperly, especially when conventional and biodegradable","ot compatible with recycling and have all been listed by the Interregional Commission of Packaging (IVCIE) as “disturbing” packaging. They are not accepted in the PMD blue bag in Belgium. There is a risk that consumers dispose of biodegradable or compostable plastic packaging improperly, especially when conventional and biodegradable plastics can be used for the same application. In sorting, the biodegradable packaging can be identified by mistake as another plastic a",regex_include_exclude
[77],Belgium - National (all three regions) - Fost Plus (producer responsibility organisation) / waste-company guidance,Certification and Approval Basis,OK compost HOME / NF T 51-800 / AS 5810,\bhome[- ]?compostable|home\s*compostability\b,home-compostable,"terial can be broken down into carbon dioxide, water, and biomass within a specific timeframe under specific conditions. This can mean either home-compostable or industrially compostable. Compostable packaging is subject to certification standards in North America, Japan, and Europe. Are bio-de",regex_include_exclude
[77],Belgium - National (all three regions) - Fost Plus (producer responsibility organisation) / waste-company guidance,Rejection Rationale,Compost/digestate quality or contamination concern,\b(compost\s+quality|digestate\s+quality|microplastic|microplastics|contamination|contaminant|foreign\s+matter|residue|pollutant|clean\s+compost|soil|agricultural\s+use|quality\s+standard|fertiliser|fertilizer|impurity|physical\s+contamination|quality\s+control|nutrient|nutritional\s+value|soil\s+amendment)\b,contamination,"n. In sorting, the biodegradable packaging can be identified by mistake as another plastic and directed to a recycling stream where it creates contamination and decreases output recyclate value. As of 1 January 2024 sorting food waste is mandatory across Europe. All three Regions have transp",regex_include_exclude
[78],Belgium - Flanders (national D4R guideline) - Fost Plus — Design for Recycling guidelines (Algemene D4R richtlijnen) / waste-company guidance,Source Authority,Waste operator or treatment-facility rule,,,Belgium - Flanders (national D4R guideline) - Fost Plus — Design for Recycling guidelines (Algemene D4R richtlijnen) / waste-company guidance | --- Page 1 --- | https://www.fostplus.be/nl/media/343/download,source_label_priority
[78],Belgium - Flanders (national D4R guideline) - Fost Plus — Design for Recycling guidelines (Algemene D4R richtlijnen) / waste-company guidance,Stated Organic-waste Treatment Route,Composting,\b(composting|compost\s+facility|industrial\s+compost|in[- ]?vessel\s+compost|IVC|compostage|compostaggio|compostaje|compostagem|kompostierung|kompostering|kompostointi|kompostiranje|composteerinstallatie|composteerbaar|kompostownia|κομποστοποίηση|κομπόστ|堆肥化|堆肥|퇴비화|퇴비|kompostitav\w*)\b,composteerbaar,jke vorm met een minimum aan extra componenten (bv. de kleinst mogelijke plastic doppen en elementen) Algemene D4R richtlijnen - Jan. 2026 11 --- Page 12 --- Biodegradeerbaar en composteerbaar plastic • Vermijd het gebruik van biologisch afbreekbare of composteerbare plastic materialen in v,regex_include_exclude
[78],Belgium - Flanders (national D4R guideline) - Fost Plus — Design for Recycling guidelines (Algemene D4R richtlijnen) / waste-company guidance,Acceptance,Rejected,"(ikke|inte|må\s+ikke|skal\s+ikke|ei|ei\s+saa|ei\s+kuulu).{0,180}(komposterbar\w*|bioposer|bioplast|plast|biohajoava\w*|kompostoituva\w*|muovipakkauk\w*|kertak[äa]ytt[öo]astia)",eiden geef de voorkeur aan verpakkingen uit één materiaal (bv.: alleen maar plast,"ar Verbeter de kwaliteit van recycleerbaar materiaal Vermijd verpakkingen die uit meerdere lagen van verschillende materialen bestaan en die niet kunnen worden gescheiden Geef de voorkeur aan verpakkingen uit één materiaal (bv.: alleen maar plastic of karton) Geef de voorkeur aan verpakkingen uit één materiaal (e.g. MDOPE/LDPE, mono PP or mono APET) --- P",regex_include_exclude
[78],Belgium - Flanders (national D4R guideline) - Fost Plus — Design for Recycling guidelines (Algemene D4R richtlijnen) / waste-company guidance,Certification and Approval Basis,Generic compostable/biodegradable wording only,\b(compostable|biodegradable|industrially\s+compostable|certified\s+compostable|composteerbaar\w*|kompostierbar\w*|compostabil\w*|biod[ée]gradable\w*|biohajoava|kompostoituva|biolagunev\w*|biolo[šs]ko\s+razgradljiv\w*|kompostowaln\w*|biodegradowaln\w*)\b,composteerbaar,jke vorm met een minimum aan extra componenten (bv. de kleinst mogelijke plastic doppen en elementen) Algemene D4R richtlijnen - Jan. 2026 11 --- Page 12 --- Biodegradeerbaar en composteerbaar plastic • Vermijd het gebruik van biologisch afbreekbare of composteerbare plastic materialen in v,regex_include_exclude
[78],Belgium - Flanders (national D4R guideline) - Fost Plus — Design for Recycling guidelines (Algemene D4R richtlijnen) / waste-company guidance,Rejection Rationale,Compost/digestate quality or contamination concern,(mikroplastik|fremdstoff|st[öo]rstoff|vervuiling|verontreiniging|schone\s+compost|kwaliteit|schadelijke\s+stoffen|compostkwaliteit|bodem|meststof|fertilisant|engrais|qualit[ée]|inquinant|퇴비|비료|품질),kwaliteit,6 --- D4R: Algemene regels --- Page 7 --- Gebruik verpakkingen uit één materiaal Algemene D4R richtlijnen - Jan. 2026 7 Maak verpakking recycleerbaar Verbeter de kwaliteit van recycleerbaar materiaal Vermijd verpakkingen die uit meerdere lagen van verschillende materialen bestaan en d,regex_include_exclude
[79],Belgium - Ghent (Flanders) - IVAGO (Ghent intermunicipal waste company) / hauler guidance,Source Authority,Waste operator or treatment-facility rule,,,"Belgium - Ghent (Flanders) - IVAGO (Ghent intermunicipal waste company) / hauler guidance | IVAGO gft-zakken and GFT-zakkenzone | IVAGO, Ghent | https://www.ivago.be/nl/particulier/afval/gids/gft;%20https:/www.ivago.be/nl/particulier/dienst/composteerbare-zakjes;%20https:/www.ivago.be/nl/particulier/blog/100-composteerbaar-0-gft",source_label_priority
[79],Belgium - Ghent (Flanders) - IVAGO (Ghent intermunicipal waste company) / hauler guidance,Stated Organic-waste Treatment Route,Composting,\b(composting|compost\s+facility|industrial\s+compost|in[- ]?vessel\s+compost|IVC|compostage|compostaggio|compostaje|compostagem|kompostierung|kompostering|kompostointi|kompostiranje|composteerinstallatie|composteerbaar|kompostownia|κομποστοποίηση|κομπόστ|堆肥化|堆肥|퇴비화|퇴비|kompostitav\w*)\b,composteerbaar,"articulier/afval/gids/gft;%20https:/www.ivago.be/nl/particulier/dienst/composteerbare-zakjes;%20https:/www.ivago.be/nl/particulier/blog/100-composteerbaar-0-gft IVAGO gft-zakken and GFT-zakkenzone | IVAGO, Ghent URLs: https://www.ivago.be/nl/particulier/dienst/gft-zakken ; https://www.ivago.be",regex_include_exclude
[79],Belgium - Ghent (Flanders) - IVAGO (Ghent intermunicipal waste company) / hauler guidance,Acceptance,Collection liners only,"(bioj[äa]te|matavfall|food\s*waste|gft|gfe\+?t).{0,180}(compostable|composteerbare?\w*|biologisch\s+afbreekbare?\w*|biohajoava\w*|komposterbar\w*|paper|papieren?)\s+(bag|liner|pussi|zak|zakje|pose)s?","gft-zakken van ivago zijn toegelaten. in de container moet je geen ivago-zakken gebruiken. je kan het gft los in de container gooien, of via andere bio-composteerbare zak","in een 20l gft-zak van IVAGO, ofwel bied je jouw gft-afval los aan in een gft-container en hoef je de zakjes niet te gebruiken. Enkel de 20l gft-zakken van IVAGO zijn toegelaten. In de container moet je geen IVAGO-zakken gebruiken. Je kan het gft los in de container gooien, of via andere bio-composteerbare zakjes.",regex_include_exclude_context_checked
[79],Belgium - Ghent (Flanders) - IVAGO (Ghent intermunicipal waste company) / hauler guidance,Certification and Approval Basis,Generic compostable/biodegradable wording only,\b(compostable|biodegradable|industrially\s+compostable|certified\s+compostable|composteerbaar\w*|kompostierbar\w*|compostabil\w*|biod[ée]gradable\w*|biohajoava|kompostoituva|biolagunev\w*|biolo[šs]ko\s+razgradljiv\w*|kompostowaln\w*|biodegradowaln\w*)\b,composteerbaar,"articulier/afval/gids/gft;%20https:/www.ivago.be/nl/particulier/dienst/composteerbare-zakjes;%20https:/www.ivago.be/nl/particulier/blog/100-composteerbaar-0-gft IVAGO gft-zakken and GFT-zakkenzone | IVAGO, Ghent URLs: https://www.ivago.be/nl/particulier/dienst/gft-zakken ; https://www.ivago.be",regex_include_exclude
[79],Belgium - Ghent (Flanders) - IVAGO (Ghent intermunicipal waste company) / hauler guidance,Rejection Rationale,Reason not explicitly stated,,,,fallback_default
[80],Austria - Vienna (Wien) - Stadt Wien / MA48 (Magistratsabteilung 48 – Abfallwirtschaft) / municipal sorting rule,Source Authority,Municipal sorting rule,,,Austria - Vienna (Wien) - Stadt Wien / MA48 (Magistratsabteilung 48 – Abfallwirtschaft) / municipal sorting rule | Sammlung von biogenem Abfall | https://www.wien.gv.at/umwelt/sammlung-biogener-abfall,source_label_priority
[80],Austria - Vienna (Wien) - Stadt Wien / MA48 (Magistratsabteilung 48 – Abfallwirtschaft) / municipal sorting rule,Stated Organic-waste Treatment Route,Treatment route not stated,\b(brown\s*bin|green\s*cart|organic\s*waste\s*collection|food\s*waste\s*collection|food\s*scraps?\s*(?:bin|collection)|bio[- ]?waste\s*collection|biowaste\s*collection|FOGO|GFT|biotonne|bioabfall|contenedor\s+marr[oó]n|contentor\s+castanho|bac\s+brun|rifiut[io]\s+organic[io]|umido|maisto\s+atliek|bioj[äa]te|madaffald|matavfall|bioodpad|pojemnik\s+bio|kitchen\s*waste\s*collection)\b,biotonne,"mlung von biogenem Abfall Müll Die Sammlung von biogenen Abfällen erfolgt in Wien flächendeckend seit 1991. Biogene Abfälle werden über die Biotonnen, in Mulden auf den Mistplätzen und über die Baum- und Strauchschnittabholung gesammelt. Biotonne Biotonnen mit braunem Deckel und braunem",regex_include_exclude
[80],Austria - Vienna (Wien) - Stadt Wien / MA48 (Magistratsabteilung 48 – Abfallwirtschaft) / municipal sorting rule,Acceptance,Rejected,"(ikke|inte|må\s+ikke|skal\s+ikke|ei|ei\s+saa|ei\s+kuulu).{0,180}(komposterbar\w*|bioposer|bioplast|plast|biohajoava\w*|kompostoituva\w*|muovipakkauk\w*|kertak[äa]ytt[öo]astia)","eich, tee- und kaffeesud grundsätzlich gilt: nur jene abfälle gehören in die biotonne, die auch auf den komposthaufen gegeben werden. biogene abfälle bitte ohne plast","nzen Aus Küche und Haus: ungewürzte und ungekochte Obst- und Gemüseabfälle, Pflanzen mit geringen Mengen anhaftender Blumenerde im Wurzelbereich, Tee- und Kaffeesud Grundsätzlich gilt: Nur jene Abfälle gehören in die Biotonne, die auch auf den Komposthaufen gegeben werden. Biogene Abfälle bitte ohne Plastiksackerl in die Biotonne werfen. Das gilt, wenn möglich, auch für Müllsackerl aus ""Bio-Plastik"" . Nicht geeignet für die Biotonne Restmüll",regex_include_exclude
[80],Austria - Vienna (Wien) - Stadt Wien / MA48 (Magistratsabteilung 48 – Abfallwirtschaft) / municipal sorting rule,Certification and Approval Basis,No named standard/approval stated,,,,fallback_default
[80],Austria - Vienna (Wien) - Stadt Wien / MA48 (Magistratsabteilung 48 – Abfallwirtschaft) / municipal sorting rule,Rejection Rationale,Reason not explicitly stated,,,,fallback_default
[81],Austria - National - oesterreich.gv.at (Austrian federal citizen portal) / national government guidance,Source Authority,National rule or policy,,,Austria - National - oesterreich.gv.at (Austrian federal citizen portal) / national government guidance | Bioabfall | https://www.oesterreich.gv.at/de/themen/bauen_und_wohnen/abfall/bioabfall,source_label_priority
[81],Austria - National - oesterreich.gv.at (Austrian federal citizen portal) / national government guidance,Stated Organic-waste Treatment Route,Treatment route not stated,\b(brown\s*bin|green\s*cart|organic\s*waste\s*collection|food\s*waste\s*collection|food\s*scraps?\s*(?:bin|collection)|bio[- ]?waste\s*collection|biowaste\s*collection|FOGO|GFT|biotonne|bioabfall|contenedor\s+marr[oó]n|contentor\s+castanho|bac\s+brun|rifiut[io]\s+organic[io]|umido|maisto\s+atliek|bioj[äa]te|madaffald|matavfall|bioodpad|pojemnik\s+bio|kitchen\s*waste\s*collection)\b,bioabfall,Austria - National - oesterreich.gv.at (Austrian federal citizen portal) / national government guidance | Bioabfall | https://www.oesterreich.gv.at/de/themen/bauen_und_wohnen/abfall/bioabfall Bioabfall Zusätzlich zu der Eigenkompostierung gibt es die Mögl,regex_include_exclude
[81],Austria - National - oesterreich.gv.at (Austrian federal citizen portal) / national government guidance,Acceptance,Rejected,"(ikke|inte|må\s+ikke|skal\s+ikke|ei|ei\s+saa|ei\s+kuulu).{0,180}(komposterbar\w*|bioposer|bioplast|plast|biohajoava\w*|kompostoituva\w*|muovipakkauk\w*|kertak[äa]ytt[öo]astia)",eispielsweise sind tierische abfälle nicht für die biotonne geeignet und müssen im restmüll entsorgt werden. biogene abfälle sollten ohne plast,"mpfiehlt sich, bei der jeweiligen Gemeinde zu fragen, inwieweit derartige biogene Abfälle in der Biotonne gesammelt werden sollen. In Wien beispielsweise sind tierische Abfälle nicht für die Biotonne geeignet und müssen im Restmüll entsorgt werden. Biogene Abfälle sollten ohne Plastiksackerl in die Biotonne geworfen werden. Das gilt, wenn möglich, auch für Sackerl aus Papier oder zertifiziert biologisch abbaubarem Kunst",regex_include_exclude
[81],Austria - National - oesterreich.gv.at (Austrian federal citizen portal) / national government guidance,Certification and Approval Basis,No named standard/approval stated,,,,fallback_default
[81],Austria - National - oesterreich.gv.at (Austrian federal citizen portal) / national government guidance,Rejection Rationale,Reason not explicitly stated,,,,fallback_default
[82],Denmark - National - Miljøstyrelsen (Danish Environmental Protection Agency) / national government guidance,Source Authority,National rule or policy,,,Denmark - National - Miljøstyrelsen (Danish Environmental Protection Agency) / national government guidance | Udskriftsdato: 17. maj 2024 | https://producentansvar.dk/wp-content/uploads/2022/04/mst-sorteringsvejledning-2022.pdf,source_label_priority
[82],Denmark - National - Miljøstyrelsen (Danish Environmental Protection Agency) / national government guidance,Stated Organic-waste Treatment Route,Treatment route not stated,\b(brown\s*bin|green\s*cart|organic\s*waste\s*collection|food\s*waste\s*collection|food\s*scraps?\s*(?:bin|collection)|bio[- ]?waste\s*collection|biowaste\s*collection|FOGO|GFT|biotonne|bioabfall|contenedor\s+marr[oó]n|contentor\s+castanho|bac\s+brun|rifiut[io]\s+organic[io]|umido|maisto\s+atliek|bioj[äa]te|madaffald|matavfall|bioodpad|pojemnik\s+bio|kitchen\s*waste\s*collection)\b,madaffald,"emballager 2.2. Låg på emballager 2.3. Renhedskriterier for tekstilaffald 2.4. Sortering med eller uden pose, tørre fraktioner 2.5. Sortering af madaffald i pose 2.6. Affald, der generelt kan skade genanvendelsen 2.7. Piktogrammer 12 3. Sorteringskriterier for de enkelte affaldsfraktione",regex_include_exclude
[82],Denmark - National - Miljøstyrelsen (Danish Environmental Protection Agency) / national government guidance,Acceptance,Rejected,"(ikke|inte|må\s+ikke|skal\s+ikke|ei|ei\s+saa|ei\s+kuulu).{0,180}(komposterbar\w*|bioposer|bioplast|plast|biohajoava\w*|kompostoituva\w*|muovipakkauk\w*|kertak[äa]ytt[öo]astia)","interesse- og brancheorganisationer. 1.2. afgrænsning denne vejledning omfatter udelukkende kriterier for udsortering af madaffald, papir, pap, plast","dialog med branchen via forskellige workshops med repræsentanter fra både affaldsselskaber, kommuner, sorteringsanlæg, genanvendelsesanlæg samt relevante interesse- og brancheorganisationer. 1.2. Afgrænsning Denne vejledning omfatter udelukkende kriterier for udsortering af madaffald, papir, pap, plast, glas, metal, mad- og drikkekartoner, tekstilaffald, farligt affald, herunder småt elektronik og batterier til genanvendelse",regex_include_exclude
[82],Denmark - National - Miljøstyrelsen (Danish Environmental Protection Agency) / national government guidance,Certification and Approval Basis,Government/programme approval,(専用袋|指定袋|市が回収|전용봉투|종량제봉투|专用袋|專用袋|orange\s+bag|oranžin\w*\s+maišel\w*),orange bag,"apoteket Sko med lys og batterier Fjernbetjeninger Elektrisk værktøj Opladere, kabler og ledninger Lomme- og cykellygter VEJ nr 9793 af 01/07/2022 34 Kameraer MP3-afspillere Elektriske ure Mindre husholdningsapparater Stikdåser og sikringer Røgalarmer til husholdninger Lykønskningsko",regex_include_exclude
[82],Denmark - National - Miljøstyrelsen (Danish Environmental Protection Agency) / national government guidance,Rejection Rationale,Compost/digestate quality or contamination concern,\b(pfas|additive|chemical|toxic|toxicity|heavy\s+metal|fluorinated|substance|contaminant\s+chemicals?|harmful\s+substances?)\b,pfas,"res affald, der består af rent og tørt papir, som fx aviser, reklamer og kontorpapir mv. Papiret må ikke indeholde uønskede stoffer og materialer, som giver problemer i genanvendelsen fx perflourerede stoffer (PFAS) eller vådt og snavset papir. Papir er en af de affaldsfraktioner, so",regex_include_exclude
[83],Denmark - Roskilde (Zealand) - Roskilde Kommune / municipal sorting rule,Source Authority,Municipal sorting rule,,,Denmark - Roskilde (Zealand) - Roskilde Kommune / municipal sorting rule | start på hovedindhold | https://www.roskilde.dk/da-dk/service-og-selvbetjening/borger/affald-og-genbrug/hvordan-sorterer-jeg-affaldet/madaffald/,source_label_priority
[83],Denmark - Roskilde (Zealand) - Roskilde Kommune / municipal sorting rule,Stated Organic-waste Treatment Route,AD/biogas only,\b(anaerobic\s+digestion|\bAD\b|biogas|biomethane|methani[sz]ation|m[ée]thanisation|biom[ée]thanisation|verg[äa]rung|vergisting|biokaas|biogaz|biogass|biogasanlegg|r[öo]tning|biog[öo]dsel|biog[øo]dning|digestate|厌氧|厭氧|沼气|沼氣)\b,biogas,"dan-sorterer-jeg-affaldet/madaffald/ start på hovedindhold Dit madaffald er fuld af energi Når dit madaffald rådner, frigiver det værdifuld biogas, vi kan bruge til energi i både busser og til støvsugeren derhjemme. senest opdateret 12. maj 2026 Hvad er madaffald? Madaffald er som tomm",regex_include_exclude
[83],Denmark - Roskilde (Zealand) - Roskilde Kommune / municipal sorting rule,Acceptance,Collection liners only,"(?:bioposer|matavfallsp[åa]sar|bioavfallsp[åa]sar|bioj[äa]tepussi|bioj[äa]tepussit).{0,120}(?:matavfall|madaffald|bioaffald|bioavfall|bioj[äa]te|ruokaj[äa]te)",bioposer. slå altid knude på bioposen med madaffald,"affald er som tommelfingerregel alt det køkkenaffald, der stammer fra planter eller dyr. Både tilberedt og råt. Brug altid og kun de grønne bioposer. Slå altid knude på bioposen med madaffald. Ja, tak - det kan vi bruge til biogas og gødning Frugt - og grøntsagsrester Kød, fisk og fjerkræ Ben, knogler og skaldyrs skaller Morgenma",regex_include_exclude_context_checked
[83],Denmark - Roskilde (Zealand) - Roskilde Kommune / municipal sorting rule,Certification and Approval Basis,EN 13432 / OK compost / Seedling,\b(en|din\s*en|uni\s*en|bs\s*en|nf\s*en)?\s*13432\b,en13432,"ioposer mikroplast? Vores bioposer indeholder med garanti ikke traditionel plast. Bioposerne er certificerede efter den europæiske standard EN13432. Det betyder, at poserne består af bionedbrydelige polymerer, der kan spises af mikroorganismer. Derfor efterlader poserne ikke spor af mik",regex_include_exclude
[83],Denmark - Roskilde (Zealand) - Roskilde Kommune / municipal sorting rule,Rejection Rationale,Reason not explicitly stated,,,,fallback_default
[84],Sweden - National - Avfall Sverige (Swedish Waste Management association — industry body for certified biogas facilities) / composting facility rule / certification standard,Source Authority,Waste operator or treatment-facility rule,,,Sweden - National - Avfall Sverige (Swedish Waste Management association — industry body for certified biogas facilities) / composting facility rule / certification standard | Hem | https://www.avfallsverige.se/fakta-statistik/certifierad-atervinning/certifieringsregler-for-biogodsel/nya-krav-pa-pasar-for-matavfall/,source_label_priority
[84],Sweden - National - Avfall Sverige (Swedish Waste Management association — industry body for certified biogas facilities) / composting facility rule / certification standard,Stated Organic-waste Treatment Route,AD/biogas + composting,"\b(anaerobic\s+digestion|\bAD\b|biogas|biomethane|methani[sz]ation|m[ée]thanisation|biom[ée]thanisation|verg[äa]rung|vergisting|r[öo]tning|digestate|biog[öo]dsel|biog[øo]dning)\b.{0,180}\b(compost|composting|kompost|compostaggio|compostaje|compostagem|kompostering|kompostointi|kompostiranje|κομποστοποίηση|堆肥|퇴비)",biogas facilities) / compost,Sweden - National - Avfall Sverige (Swedish Waste Management association — industry body for certified biogas facilities) / composting facility rule / certification standard | Hem | https://www.avfallsverige.se/fakta-statistik/certifierad-atervinning/certifieringsregler-,regex_include_exclude
[84],Sweden - National - Avfall Sverige (Swedish Waste Management association — industry body for certified biogas facilities) / composting facility rule / certification standard,Acceptance,Rejected,"(ikke|inte|må\s+ikke|skal\s+ikke|ei|ei\s+saa|ei\s+kuulu).{0,180}(komposterbar\w*|bioposer|bioplast|plast|biohajoava\w*|kompostoituva\w*|muovipakkauk\w*|kertak[äa]ytt[öo]astia)",inte utvärderas för kontakt med livsmedel i dagsläget och inte heller certifieras enligt en13432. innebär det då att påsar av returplast,standard för icke-nedbrytbara påsar. Styrgruppen för Certifierad återvinning bevakar dock frågan. Påsar av (icke nedbrytbar) returplast kan inte utvärderas för kontakt med livsmedel i dagsläget och inte heller certifieras enligt EN13432. Innebär det då att påsar av returplast inte kan bli godkända? Så vitt styrgruppen för Certifierad återvinning känner till klarar påsar av 100% returplast i dagsläget inte kraven,regex_include_exclude
[84],Sweden - National - Avfall Sverige (Swedish Waste Management association — industry body for certified biogas facilities) / composting facility rule / certification standard,Certification and Approval Basis,EN 13432 / OK compost / Seedling,\b(en|din\s*en|uni\s*en|bs\s*en|nf\s*en)?\s*13432\b,en13432,dkända insamlingspåsar tas emot av biogasanläggningar som producerar certifierad biogödsel. En godkänd insamlingspåse är certifierad enligt EN13432 eller utvärderad för kontakt med livsmedel enligt (EC) No 1935/2004. Detta innebär att kommuner som vill lämna sitt matavfall till biogasan,regex_include_exclude
[84],Sweden - National - Avfall Sverige (Swedish Waste Management association — industry body for certified biogas facilities) / composting facility rule / certification standard,Rejection Rationale,Reason not explicitly stated,,,,fallback_default
[85],Sweden - National (Avfallsförordningen) - Naturvårdsverket / Swedish Government (Avfallsförordningen 2020:614 as amended; Avfall Sverige interpretation) / national government guidance,Source Authority,National rule or policy,,,Sweden - National (Avfallsförordningen) - Naturvårdsverket / Swedish Government (Avfallsförordningen 2020:614 as amended; Avfall Sverige interpretation) / national government guidance | 2024-01-02 | https://www.avfallsverige.se/aktuellt/nyheter/ny-lagstiftning-2024/,source_label_priority
[85],Sweden - National (Avfallsförordningen) - Naturvårdsverket / Swedish Government (Avfallsförordningen 2020:614 as amended; Avfall Sverige interpretation) / national government guidance,Stated Organic-waste Treatment Route,Treatment route not stated,\b(brown\s*bin|green\s*cart|organic\s*waste\s*collection|food\s*waste\s*collection|food\s*scraps?\s*(?:bin|collection)|bio[- ]?waste\s*collection|biowaste\s*collection|FOGO|GFT|biotonne|bioabfall|contenedor\s+marr[oó]n|contentor\s+castanho|bac\s+brun|rifiut[io]\s+organic[io]|umido|maisto\s+atliek|bioj[äa]te|madaffald|matavfall|bioodpad|pojemnik\s+bio|kitchen\s*waste\s*collection)\b,matavfall,m lättillgängliga insamlingsplatser Avfall Sveriges frågor och svar om förpackningsavfall 2. Nationellt krav på utsortering av ickeflytande matavfall samt flytande fett De flesta kommuner har sedan några eller många år haft antingen frivillig insamling av matavfall (genom miljöstyrande ta,regex_include_exclude
[85],Sweden - National (Avfallsförordningen) - Naturvårdsverket / Swedish Government (Avfallsförordningen 2020:614 as amended; Avfall Sverige interpretation) / national government guidance,Acceptance,No explicit compostable-packaging rule,,,,fallback_default
[85],Sweden - National (Avfallsförordningen) - Naturvårdsverket / Swedish Government (Avfallsförordningen 2020:614 as amended; Avfall Sverige interpretation) / national government guidance,Certification and Approval Basis,No named standard/approval stated,,,,fallback_default
[85],Sweden - National (Avfallsförordningen) - Naturvårdsverket / Swedish Government (Avfallsförordningen 2020:614 as amended; Avfall Sverige interpretation) / national government guidance,Rejection Rationale,Not applicable - not a rejection/restriction case,,,,derived_from_acceptance
[86],Sweden - Stockholm - Stockholm Vatten och Avfall (SVOA) / municipal sorting rule,Source Authority,Municipal sorting rule,,,Sweden - Stockholm - Stockholm Vatten och Avfall (SVOA) / municipal sorting rule | Regler för förpackat matavfall från livsmedelsbutik | https://www.stockholmvattenochavfall.se/artiklar-listsida/avfall---sortering-och-atervinning/regler-for-forpackat-matavfall-fran-livsmedelsbutik/,source_label_priority
[86],Sweden - Stockholm - Stockholm Vatten och Avfall (SVOA) / municipal sorting rule,Stated Organic-waste Treatment Route,Treatment route not stated,\b(brown\s*bin|green\s*cart|organic\s*waste\s*collection|food\s*waste\s*collection|food\s*scraps?\s*(?:bin|collection)|bio[- ]?waste\s*collection|biowaste\s*collection|FOGO|GFT|biotonne|bioabfall|contenedor\s+marr[oó]n|contentor\s+castanho|bac\s+brun|rifiut[io]\s+organic[io]|umido|maisto\s+atliek|bioj[äa]te|madaffald|matavfall|bioodpad|pojemnik\s+bio|kitchen\s*waste\s*collection)\b,matavfall,Sweden - Stockholm - Stockholm Vatten och Avfall (SVOA) / municipal sorting rule | Regler för förpackat matavfall från livsmedelsbutik | https://www.stockholmvattenochavfall.se/artiklar-listsida/avfall---sortering-och-atervinning/regler-for-forpackat-ma,regex_include_exclude
[86],Sweden - Stockholm - Stockholm Vatten och Avfall (SVOA) / municipal sorting rule,Acceptance,Rejected,"(förpackningar|emballasje|emballage|pakkaukset|pakend|maisto\s+pakuot\w*).{0,180}(inte|ikke|må\s+ikke|ei|ei\s+saa|ei\s+kuulu|not\s+allowed)",förpackningarna som innehåller denna typ av matavfall tömmas och materialåtervinnas. tänk på att den här typen av flytande matavfall inte,", mjölk och juice är undantagna från kravet om obligatorisk utsortering och insamling. Även om det inte finns krav på separat insamling ska förpackningarna som innehåller denna typ av matavfall tömmas och materialåtervinnas. Tänk på att den här typen av flytande matavfall inte får spolas ner i avloppet eftersom detta kan orsaka stopp och förstöra ledningarna. Livsmedelsbutiker med annat flytande matavfall kan hant",regex_include_exclude
[86],Sweden - Stockholm - Stockholm Vatten och Avfall (SVOA) / municipal sorting rule,Certification and Approval Basis,No named standard/approval stated,,,,fallback_default
[86],Sweden - Stockholm - Stockholm Vatten och Avfall (SVOA) / municipal sorting rule,Rejection Rationale,Reason not explicitly stated,,,,fallback_default
[87],Switzerland - Zürich (city) - Stadt Zürich — Tiefbau- und Entsorgungsdepartement / municipal sorting rule,Source Authority,Municipal sorting rule,,,Switzerland - Zürich (city) - Stadt Zürich — Tiefbau- und Entsorgungsdepartement / municipal sorting rule | Seite vorlesen | https://www.stadt-zuerich.ch/de/umwelt-und-energie/entsorgung/was-entsorgen/bioabfall.html,source_label_priority
[87],Switzerland - Zürich (city) - Stadt Zürich — Tiefbau- und Entsorgungsdepartement / municipal sorting rule,Stated Organic-waste Treatment Route,AD/biogas + composting,"\b(anaerobic\s+digestion|\bAD\b|biogas|biomethane|methani[sz]ation|m[ée]thanisation|biom[ée]thanisation|verg[äa]rung|vergisting|r[öo]tning|digestate|biog[öo]dsel|biog[øo]dning)\b.{0,180}\b(compost|composting|kompost|compostaggio|compostaje|compostagem|kompostering|kompostointi|kompostiranje|κομποστοποίηση|堆肥|퇴비)",biogas zürich ag zu biogas und kompost,"lls im entsprechenden Container benötigen Sie weniger Züri-Säcke, was auch Ihr Portemonnaie entlastet. Der Bioabfall wird im Vergärwerk der Biogas Zürich AG zu Biogas und Kompostprodukten verarbeitet. Das Biogas wird ins Gasnetz von Energie 360° AG eingespeist und steht als erneuerbare Energie, als Treibstoff, zum He",regex_include_exclude
[87],Switzerland - Zürich (city) - Stadt Zürich — Tiefbau- und Entsorgungsdepartement / municipal sorting rule,Acceptance,Rejected,"(ikke|inte|må\s+ikke|skal\s+ikke|ei|ei\s+saa|ei\s+kuulu).{0,180}(komposterbar\w*|bioposer|bioplast|plast|biohajoava\w*|kompostoituva\w*|muovipakkauk\w*|kertak[äa]ytt[öo]astia)","einweg-lösungen (z. b. kompostbox) kompostierbare kleider medikamente muschelschalen neophyten (gebietsfremde pflanzen, die einheimische pflanzen verdrängen) plastik plast","irr** Erde*** Hundekot Hygieneartikel (Binden, Tampons, Windeln, Verbandsmaterial) Katzensand** kompostierbare Beutel ohne Gitterdruck oder Einweg-Lösungen (z. B. Kompostbox) kompostierbare Kleider Medikamente Muschelschalen Neophyten (gebietsfremde Pflanzen, die einheimische Pflanzen verdrängen) Plastik Plastiksäcke aus rezykliertem Plastik Speise- und Mineralöl Staubsaugerbeutel Steine (Kies, Sand) Tee-/ Kaffeekapseln und -beutel** Verpackungsma",regex_include_exclude
[87],Switzerland - Zürich (city) - Stadt Zürich — Tiefbau- und Entsorgungsdepartement / municipal sorting rule,Certification and Approval Basis,EN 13432 / OK compost / Seedling,\b(en|din\s*en|uni\s*en|bs\s*en|nf\s*en)?\s*13432\b,en 13432,"Bioabfall Gut zu wissen Biologisch abbaubar deklarierte Werkstoffe Auch wenn es draufsteht: Produkte aus «biologisch abbaubarem» Material (EN 13432) wie kompostierbare Kaffeekapseln, Einweggeschirr aus Maisstärke oder Material aus 100% Faserprodukten dürfen nicht in den Bioabfall. Sie s",regex_include_exclude
[87],Switzerland - Zürich (city) - Stadt Zürich — Tiefbau- und Entsorgungsdepartement / municipal sorting rule,Rejection Rationale,Compost/digestate quality or contamination concern,(mikroplastik|fremdstoff|st[öo]rstoff|vervuiling|verontreiniging|schone\s+compost|kwaliteit|schadelijke\s+stoffen|compostkwaliteit|bodem|meststof|fertilisant|engrais|qualit[ée]|inquinant|퇴비|비료|품질),fremdstoff,"glichst wiederverwendet werden z.B. durch Beimischen von neuer Erde oder Kompost, als Auffüllmaterial oder Mulchschicht. Ist die Erde durch Fremdstoffe wie z.B. Blähton, Plastik, Chemikalien, Tierkot verunreinigt, gehört diese in den Hauskehricht. Ist eine Wiederverwendung nicht möglich od",regex_include_exclude
[88],Switzerland - Zürich (city / canton) - Biogas Zürich AG (anaerobic digestion treatment facility) / anaerobic digestion facility rule,Source Authority,Waste operator or treatment-facility rule,,,Switzerland - Zürich (city / canton) - Biogas Zürich AG (anaerobic digestion treatment facility) / anaerobic digestion facility rule | Aktuell | https://biogaszuerich.ch/aktuell-faq/,source_label_priority
[88],Switzerland - Zürich (city / canton) - Biogas Zürich AG (anaerobic digestion treatment facility) / anaerobic digestion facility rule,Stated Organic-waste Treatment Route,AD/biogas + composting,"\b(anaerobic\s+digestion|\bAD\b|biogas|biomethane|methani[sz]ation|m[ée]thanisation|biom[ée]thanisation|verg[äa]rung|vergisting|r[öo]tning|digestate|biog[öo]dsel|biog[øo]dning)\b.{0,180}\b(compost|composting|kompost|compostaggio|compostaje|compostagem|kompostering|kompostointi|kompostiranje|κομποστοποίηση|堆肥|퇴비)","biogas zürich eingeliefert werden. bei der einlieferung muss das zertifikat vorgelegt werden. wenn bioabfall mit pestiziden und herbiziden verwertet werden, bleiben diese im kompost","Monocharge bei der Biogas Zürich eingeliefert werden . Das bedeutet sie müssen getrennt von jeglichen anderen Bioabfällen, separat bei der Biogas Zürich eingeliefert werden. Bei der Einlieferung muss das Zertifikat vorgelegt werden. Wenn Bioabfall mit Pestiziden und Herbiziden verwertet werden, bleiben diese im Kompost? Die in Europa zugelassenen Pestizide und Herbizide werden während der Vergärung und Kompostierung soweit abgebaut, dass keine oder nur seh",regex_include_exclude
[88],Switzerland - Zürich (city / canton) - Biogas Zürich AG (anaerobic digestion treatment facility) / anaerobic digestion facility rule,Acceptance,Dedicated/controlled route only,\b(closed[- ]?loop|event|festival|venue|stadium|commercial\s+collection|controlled\s+(system|collection)|dedicated\s+collection|back[- ]?of[- ]?house|food[- ]?service|monocharge)\b,monocharge,"a eine visuelle Unterscheidbarkeit zu nicht verwertbaren Gegenständen nicht gewährleistet ist. Andere zertifizierte Gegenstände, dürfen als Monocharge bei der Biogas Zürich eingeliefert werden . Das bedeutet sie müssen getrennt von jeglichen anderen Bioabfällen, separat bei der Biogas Züri",regex_include_exclude
[88],Switzerland - Zürich (city / canton) - Biogas Zürich AG (anaerobic digestion treatment facility) / anaerobic digestion facility rule,Certification and Approval Basis,EN 13432 / OK compost / Seedling,\b(en|din\s*en|uni\s*en|bs\s*en|nf\s*en)?\s*13432\b,en13432,") in die grüne Bioabfalltonne oder bei der Biogas Zürich AG eingeliefert werden? Als erstes ist zu prüfen, ob der jeweilige Gegenstand gem. EN13432 für die Grüngutschiene zertifiziert ist. Falls nicht, darf der Gegenstand keinesfalls in der Grüngutschiene oder bei der Biogas Zürich AG e",regex_include_exclude
[88],Switzerland - Zürich (city / canton) - Biogas Zürich AG (anaerobic digestion treatment facility) / anaerobic digestion facility rule,Rejection Rationale,Reason not explicitly stated,,,,fallback_default
[89],Switzerland - Bern (city) - Stadt Bern — Grüngut / municipal sorting rule,Source Authority,Municipal sorting rule,,,Switzerland - Bern (city) - Stadt Bern — Grüngut / municipal sorting rule | Navigieren auf Stadt Bern | https://www.bern.ch/themen/abfall/entsorgungs-abc/gruengut,source_label_priority
[89],Switzerland - Bern (city) - Stadt Bern — Grüngut / municipal sorting rule,Stated Organic-waste Treatment Route,Treatment route not stated,,,,fallback_default
[89],Switzerland - Bern (city) - Stadt Bern — Grüngut / municipal sorting rule,Acceptance,No explicit compostable-packaging rule,,,,fallback_default
[89],Switzerland - Bern (city) - Stadt Bern — Grüngut / municipal sorting rule,Certification and Approval Basis,No named standard/approval stated,,,,fallback_default
[89],Switzerland - Bern (city) - Stadt Bern — Grüngut / municipal sorting rule,Rejection Rationale,Not applicable - not a rejection/restriction case,,,,derived_from_acceptance
[90],Switzerland - National - BAFU — Bundesamt für Umwelt (Federal Office for the Environment) / national government guidance,Source Authority,National rule or policy,,,Switzerland - National - BAFU — Bundesamt für Umwelt (Federal Office for the Environment) / national government guidance | Thema Abfall | https://www.bafu.admin.ch/de/abfall,source_label_priority
[90],Switzerland - National - BAFU — Bundesamt für Umwelt (Federal Office for the Environment) / national government guidance,Stated Organic-waste Treatment Route,Treatment route not stated,,,,fallback_default
[90],Switzerland - National - BAFU — Bundesamt für Umwelt (Federal Office for the Environment) / national government guidance,Acceptance,No explicit compostable-packaging rule,,,,fallback_default
[90],Switzerland - National - BAFU — Bundesamt für Umwelt (Federal Office for the Environment) / national government guidance,Certification and Approval Basis,No named standard/approval stated,,,,fallback_default
[90],Switzerland - National - BAFU — Bundesamt für Umwelt (Federal Office for the Environment) / national government guidance,Rejection Rationale,Not applicable - not a rejection/restriction case,,,,derived_from_acceptance
[91],Chile - Vitacura - Municipal organic-waste / composting guidance,Source Authority,Municipal sorting rule,\b(city|municipal|municipality|commune|gemeente|gemeinde|borough|district|council|town|ville|stadt|ayuntamiento|comune|cidade|municipio|município|municipalidad|ciudad|miasto|urząd|alcald[ií]a|oslo|berlin|munich|hamburg|cologne|amsterdam|vienna|milan|barcelona|vigo|toronto|seattle|austin|san francisco|tokyo|seoul|prague|alimos|riga|krak[oó]w|toru[nń]|warsaw|bratislava|vilnius|ljubljana|maribor|christchurch|auckland|vitacura|las\s+palmas|brno|copenhagen|reykjav[ií]k|portland|new\s+york\s+city|minamata|zushi|providencia|santa\s+juana|wrocław|wroclaw)\b,vitacura,Chile - Vitacura - Municipal organic-waste / composting guidance | ¡Retiro de residuos orgánicos gratuito! | Vitacura Sustentable | https://sustentable.vita,metadata_regex + fallback_from_source_label
[91],Chile - Vitacura - Municipal organic-waste / composting guidance,Stated Organic-waste Treatment Route,Composting,\b(composting|compost\s+facility|industrial\s+compost|in[- ]?vessel\s+compost|IVC|compostage|compostaggio|compostaje|compostagem|kompostierung|kompostering|kompostointi|kompostiranje|composteerinstallatie|composteerbaar|kompostownia|κομποστοποίηση|κομπόστ|堆肥化|堆肥|퇴비화|퇴비|kompostitav\w*)\b,composting,Chile - Vitacura - Municipal organic-waste / composting guidance | ¡Retiro de residuos orgánicos gratuito! | Vitacura Sustentable | https://sustentable.vitacura.cl/organico/ ¡Retiro de residuos o,regex_include_exclude
[91],Chile - Vitacura - Municipal organic-waste / composting guidance,Acceptance,Collection liners only,"(?:se\s+entregan|se\s+repartir[áa]n|repartir[áa]|entregar[áa]n).{0,120}bolsas?\s+compostables?.{0,160}(?:residuos?\s+org[áa]nicos|materia\s+org[áa]nica|contenedor\s+marr[oó]n)","se entregan bolsas compostables nuevas para poner dentro del contenedor. en casas, los residuos orgánicos","ost, Dobakaru. Preguntas frecuentes: No se deben comprar insumos; a las casas se entrega un contenedor de 120 litros y en cada retiro semanal se entregan bolsas compostables nuevas para poner dentro del contenedor. En casas, los residuos orgánicos deben depositarse en la bolsa compostable entregada semanalmente y dejarse en el contenedor de 120 litros. Ojo: asegúrate de no botar re",regex_include_exclude_context_checked
[91],Chile - Vitacura - Municipal organic-waste / composting guidance,Certification and Approval Basis,Generic compostable/biodegradable wording only,\b(compostable|biodegradable|industrially\s+compostable|certified\s+compostable|composteerbaar\w*|kompostierbar\w*|compostabil\w*|biod[ée]gradable\w*|biohajoava|kompostoituva|biolagunev\w*|biolo[šs]ko\s+razgradljiv\w*|kompostowaln\w*|biodegradowaln\w*)\b,compostable,"vecinales específicas. Desde julio de 2024, a cada hogar inscrito se entrega un contenedor de 120 litros. En cada retiro se entregan bolsas compostables grandes para acumular residuos; en edificios las bolsas se entregan a conserjería para poner dentro del contenedor común. ATENCIÓN: EL U",regex_include_exclude
[91],Chile - Vitacura - Municipal organic-waste / composting guidance,Rejection Rationale,Reason not explicitly stated,,,,fallback_default
[92],Mexico - Mexico City / CDMX - Solid-waste regulation,Source Authority,National rule or policy,\b(national|federal|ministry|ministerio|ministere|minist[eè]re|government|agency|department|epa|environment agency|parliament|law|act|regulation|ordinance|decree|bioabfv|ley\s+7/2022|boe|legifrance|gazette|wrap|recycle\s*now|vang-hha|rijkswaterstaat|mohu)\b,regulation,"Mexico - Mexico City / CDMX - Solid-waste regulation | Norma Ambiental NACDMX-010-AMBT-2019 | Secretar?a del Medio Ambiente, Ciudad de M?xico | https://data.sedema.cdmx.gob.mx/sitios/conadf/do",metadata_regex + fallback_from_source_label
[92],Mexico - Mexico City / CDMX - Solid-waste regulation,Stated Organic-waste Treatment Route,Treatment route not stated,,,,fallback_default
[92],Mexico - Mexico City / CDMX - Solid-waste regulation,Acceptance,Collection liners only,"bolsas?\s+compostables?.{0,160}(?:permitidas?|autorizadas?|listado|planta\s+de\s+disposici[oó]n|residuos?\s+org[áa]nicos|materia\s+org[áa]nica)",bolsas compostables deberán ser diseñadas únicamente para el manejo de residuos orgánicos,"cida y/o distribuida en el Distrito Federal, misma que se cita a continuación: Nivel – tipo As Cd Cr total Cu Hg Ni Pb Zn Nivel 1 –tipo A 0.1 0.7 70 70 0.4 25 45 200 6.1.3. Las bolsas compostables deberán ser diseñadas únicamente para el manejo de residuos orgánicos, ser de color verde y/o contener la leyenda “compostable” de manera visible y fácilmente identificable",regex_include_exclude_context_checked
[92],Mexico - Mexico City / CDMX - Solid-waste regulation,Certification and Approval Basis,Country-specific standards/certifications (BNQ / AS 4736 / DINplus),\bnmx\b|\bks\s*[a-z]?\s*\d{4}|\bjis\b,nmx,"ón comercial -Etiquetado general de productos, publicada en el Diario Oficial de la Federación el 01 de junio del 2004 y sus reformas. Norma Mexicana NMX-E-003-NYCE-2020. Industria del plástico -Determinación del espesor de películas y hojas por medición directa con micrómetro -Mét",regex_include_exclude
[92],Mexico - Mexico City / CDMX - Solid-waste regulation,Rejection Rationale,Explicit no-packaging / positive-list restriction,"\b(law|regulation|ordinance|decree|directive|bylaw|statute|permitted\s+items\s+only|not\s+on\s+the\s+list|not\s+listed)\b.{0,180}\b(compostable|biodegradable|packaging|plastic|bag|liner|item|product)","law, science advances, 2017;3: 31700782 lewis, h., verghese, k., & fitzpatrick, l. (2010). evaluating the sustainability impacts of packaging: the plastic carry bag dilemma. packaging","emistry 11, 394-395, May 2019. --- Page 20 --- 25 de febrero de 2022 GACETA OFICIAL DE LA CIUDAD DE MÉXICO 29 Evaluaciones de la OCDE sobre el desempeño ambiental, 2013 México; centro Mario Molina. Geyer, Jambeck, Law, Science Advances, 2017;3: 31700782 Lewis, H., Verghese, K., & Fitzpatrick, L. (2010). Evaluating the sustainability impacts of packaging: the plastic carry bag dilemma. Packaging Technology and Science: An International Journal, 23(3), 145 - 1",regex_include_exclude
[93],Czechia - Prague - Pražské služby a.s. - Svoz bioodpadu v Praze,Source Authority,Waste operator or treatment-facility rule,\b(facility|plant|operator|hauler|collector|processor|composter|composting facility|anaerobic|biogas|waste[- ]company|waste company|public utility|recology|wm\b|awm\b|awb\b|bsr\b|stadtreinigung|milieu|hvc|rd4|gesenu|contarina|salerno pulita|mohu|tratolixo|mustankorkea|biorepack|suez|veolia|envar|mywaste|pražské\s+služby|mpo\b|olo\s+a\.s\.|jp\s+voka\s+snaga|vasa\b|getliņi|getlini|voka\s+snaga|intradel|hygea|komunala\s+kranj|minett\s+kompost|calgary|halifax|reykjav[ií]k)\b,pražské služby,Czechia - Prague - Pražské služby a.s. - Svoz bioodpadu v Praze | Call centrum | https://www.psas.cz/svoz-bioodpadu,metadata_regex + fallback_from_source_label
[93],Czechia - Prague - Pražské služby a.s. - Svoz bioodpadu v Praze,Stated Organic-waste Treatment Route,Treatment route not stated,,,,fallback_default
[93],Czechia - Prague - Pražské služby a.s. - Svoz bioodpadu v Praze,Acceptance,Rejected,"(opakowania|embala[žz]a|obaly|foli[oó]wki|plastikow\w*|plastov\w*).{0,220}(nie|ne|niso|nepat[řr][íi]|prepoved|zakaz)","obaly (ani kompostovatelné) ⛔ sklo, plasty, obaly ⛔ maso, kosti, tuky, mléčné výrobky ⛔ oleje, mastnota, kuchyňské zbytky ⛔ zvířecí exkrementy, podestýlky ⛔ vlasy, peří, uhynulá zvířata ⛔ kontaminované nebo ne","čů ✔️ dřevní štěpka, větvičky ✔️ seno, sláma ✔️ neznečištěné piliny, hobliny, kůra ❌ Co do BIO popelnice nepatří? ⛔ biologicky rozložitelné obaly (ani kompostovatelné) ⛔ sklo, plasty, obaly ⛔ maso, kosti, tuky, mléčné výrobky ⛔ oleje, mastnota, kuchyňské zbytky ⛔ zvířecí exkrementy, podestýlky ⛔ vlasy, peří, uhynulá zvířata ⛔ kontaminované nebo nebezpečné materiály Leták ke staŽenÍ Pravidelný svoz odpadu Svoz bioodpadu Nevíte si rady? Volejte Call centrum Pražských služeb v období po",regex_include_exclude
[93],Czechia - Prague - Pražské služby a.s. - Svoz bioodpadu v Praze,Certification and Approval Basis,No named standard/approval stated,,,,fallback_default
[93],Czechia - Prague - Pražské služby a.s. - Svoz bioodpadu v Praze,Rejection Rationale,Reason not explicitly stated,,,,fallback_default
[94],Greece - Alimos - Δήμος Αλίμου - Εκστρατεία ευαισθητοποίησης για τους καφέ κάδους ανακύκλωσης,Source Authority,Municipal sorting rule,\b(city|municipal|municipality|commune|gemeente|gemeinde|borough|district|council|town|ville|stadt|ayuntamiento|comune|cidade|municipio|município|municipalidad|ciudad|miasto|urząd|alcald[ií]a|oslo|berlin|munich|hamburg|cologne|amsterdam|vienna|milan|barcelona|vigo|toronto|seattle|austin|san francisco|tokyo|seoul|prague|alimos|riga|krak[oó]w|toru[nń]|warsaw|bratislava|vilnius|ljubljana|maribor|christchurch|auckland|vitacura|las\s+palmas|brno|copenhagen|reykjav[ií]k|portland|new\s+york\s+city|minamata|zushi|providencia|santa\s+juana|wrocław|wroclaw)\b,alimos,Greece - Alimos - Δήμος Αλίμου - Εκστρατεία ευαισθητοποίησης για τους καφέ κάδους ανακύκλωσης | Περιβάλλον | https://alimos.gov.gr/%CE%B5%CE%BA%CF%83%CF%84,metadata_regex + fallback_from_source_label
[94],Greece - Alimos - Δήμος Αλίμου - Εκστρατεία ευαισθητοποίησης για τους καφέ κάδους ανακύκλωσης,Stated Organic-waste Treatment Route,Composting,\b(composting|compost\s+facility|industrial\s+compost|in[- ]?vessel\s+compost|IVC|compostage|compostaggio|compostaje|compostagem|kompostierung|kompostering|kompostointi|kompostiranje|composteerinstallatie|composteerbaar|kompostownia|κομποστοποίηση|κομπόστ|堆肥化|堆肥|퇴비화|퇴비|kompostitav\w*)\b,κομπόστ,"το συχνό πέρασμα του ειδικού απορριμματοφόρου, που παίρνει το περιεχόμενο των καφέ κάδων, για να το πάει εκεί που τα βιοαπόβλητα θα γίνουν κομπόστ, δηλαδή λίπασμα για τα φυτά, και δεν θα οδηγηθούν στη χωματερή, όπως τα άλλα απορρίμματα, επιβαρύνοντας το περιβάλλον αλλά και τα οικονομικ",regex_include_exclude
[94],Greece - Alimos - Δήμος Αλίμου - Εκστρατεία ευαισθητοποίησης για τους καφέ κάδους ανακύκλωσης,Acceptance,Collection liners only,"(?:υπολείμματα\s+τροφ|τροφών).{0,180}(?:σακούλες).{0,120}(?:βιοαποδομήσιμες|κομποστοποιήσιμες|χάρτινες)",υπολείμματα τροφών είτε σε σακούλες (βιοαποδομήσιμες/κομποστοποιήσιμες ή χάρτινες,"κές συμβουλές Αφήνουμε τα υγρά υπολείμματα να στραγγίξουν, πριν τα απορρίψουμε στον κάδο ή τα τυλίγουμε με εφημερίδα/χαρτί. Απορρίπτουμε τα υπολείμματα τροφών είτε σε σακούλες (βιοαποδομήσιμες/κομποστοποιήσιμες ή χάρτινες μαναβικής) είτε χύμα. Αποφεύγουμε τη χρήση πλαστικής σακούλας. Μαθαίνουμε περισσότερα και συμμετέχουμε!!! Για πληροφορίες και εκδήλωση ενδι",regex_include_exclude_context_checked
[94],Greece - Alimos - Δήμος Αλίμου - Εκστρατεία ευαισθητοποίησης για τους καφέ κάδους ανακύκλωσης,Certification and Approval Basis,No named standard/approval stated,,,,fallback_default
[94],Greece - Alimos - Δήμος Αλίμου - Εκστρατεία ευαισθητοποίησης για τους καφέ κάδους ανακύκλωσης,Rejection Rationale,Reason not explicitly stated,,,,fallback_default
[95],Latvia - Riga / Getliņi BNA system - Rīgas valstspilsētas pašvaldība - Atkritumu šķirošanas ceļvedis,Source Authority,Waste operator or treatment-facility rule,\b(facility|plant|operator|hauler|collector|processor|composter|composting facility|anaerobic|biogas|waste[- ]company|waste company|public utility|recology|wm\b|awm\b|awb\b|bsr\b|stadtreinigung|milieu|hvc|rd4|gesenu|contarina|salerno pulita|mohu|tratolixo|mustankorkea|biorepack|suez|veolia|envar|mywaste|pražské\s+služby|mpo\b|olo\s+a\.s\.|jp\s+voka\s+snaga|vasa\b|getliņi|getlini|voka\s+snaga|intradel|hygea|komunala\s+kranj|minett\s+kompost|calgary|halifax|reykjav[ií]k)\b,getliņi,Latvia - Riga / Getliņi BNA system - Rīgas valstspilsētas pašvaldība - Atkritumu šķirošanas ceļvedis | Pāriet uz lapas saturu | https://www.riga.lv/lv/atkritumu-sk,metadata_regex + fallback_from_source_label
[95],Latvia - Riga / Getliņi BNA system - Rīgas valstspilsētas pašvaldība - Atkritumu šķirošanas ceļvedis,Stated Organic-waste Treatment Route,Treatment route not stated,,,,fallback_default
[95],Latvia - Riga / Getliņi BNA system - Rīgas valstspilsētas pašvaldība - Atkritumu šķirošanas ceļvedis,Acceptance,Rejected,"(ikke|inte|må\s+ikke|skal\s+ikke|ei|ei\s+saa|ei\s+kuulu).{0,180}(komposterbar\w*|bioposer|bioplast|plast|biohajoava\w*|kompostoituva\w*|muovipakkauk\w*|kertak[äa]ytt[öo]astia)",eizi šķirot? pievienots: 11.05.2026 lejupielādēt: viduslatvijas reģiona atkritumu šķirošanas ceļvedis pievienots: 11.05.2026 jautājumi un atbildes par atkritumu šķirošanu rīgā par plast,"jams digitāls buklets un šķirošanas infografika, kuru var izmantot kā plakātu. Atkritumu šķirošanas ceļvedis Lejupielādēt: A3 plakāts Kā pareizi šķirot? Pievienots: 11.05.2026 Lejupielādēt: Viduslatvijas reģiona atkritumu šķirošanas ceļvedis Pievienots: 11.05.2026 Jautājumi un atbildes par atkritumu šķirošanu Rīgā Par plastmasas, papīra un metāla iepakojuma un preču šķirošanu Vai vieglā iepakojuma konteinerā var mest matu laku un citus līdzīgus flakonus? Aicinā",regex_include_exclude
[95],Latvia - Riga / Getliņi BNA system - Rīgas valstspilsētas pašvaldība - Atkritumu šķirošanas ceļvedis,Certification and Approval Basis,Generic compostable/biodegradable wording only,\b(compostable|biodegradable|industrially\s+compostable|certified\s+compostable|composteerbaar\w*|kompostierbar\w*|compostabil\w*|biod[ée]gradable\w*|biohajoava|kompostoituva|biolagunev\w*|biolo[šs]ko\s+razgradljiv\w*|kompostowaln\w*|biodegradowaln\w*)\b,compostable,"lietot arī citās valstīs iepirktus maisiņus ar tām raksturīgajiem marķējumiem). Vienīgi neder maisiņi, kur nepārprotami norādīts industrial compostable, jo tie nav piemēroti Getliņu pārstrādes procesam. Piemēri BIO maisiņu marķējumiem, ar šādiem marķējumiem maisiņus drīkst ievietot BIO kont",regex_include_exclude
[95],Latvia - Riga / Getliņi BNA system - Rīgas valstspilsētas pašvaldība - Atkritumu šķirošanas ceļvedis,Rejection Rationale,Reason not explicitly stated,,,,fallback_default
[96],Lithuania - Alytus region - UAB Alytaus regiono atliekų tvarkymo centras - Grūte bus dalijami maisto atliekų surinkimo konteineriai,Source Authority,"State, provincial, regional, or canton rule",\b(state|province|provincial|regional|region|canton|county|prefecture|autonomous|landkreis|d[ée]partement|departement|flanders|wallonia|catalonia|california|ontario|quebec|québec|nova\s+scotia|alberta|busan\s+metropolitan|kumamoto\s+prefecture|kanagawa\s+prefecture)\b,region,Lithuania - Alytus region - UAB Alytaus regiono atliekų tvarkymo centras - Grūte bus dalijami maisto atliekų surinkimo konteineriai | Naujiena | https://www.aratc.lt,metadata_regex + fallback_from_source_label
[96],Lithuania - Alytus region - UAB Alytaus regiono atliekų tvarkymo centras - Grūte bus dalijami maisto atliekų surinkimo konteineriai,Stated Organic-waste Treatment Route,Treatment route not stated,,,,fallback_default
[96],Lithuania - Alytus region - UAB Alytaus regiono atliekų tvarkymo centras - Grūte bus dalijami maisto atliekų surinkimo konteineriai,Acceptance,Accepted broadly,"(?:maisto\s+ir\s+virtuv[ėe]s\s+atliekos|maisto\s+atliek).{0,700}(?:biologiškai\s+skaidžių\s+medžiagų\s+pagamintos\s+kavos\s+kapsulės|mediniai,\s*vienkartiniai\s+stalo\s+įrankiai)","maisto ir virtuvės atliekos: visi naudojimui netinkami augalinės ir gyvūninės kilmės maisto produktai, jų likučiai. aliejaus ir riebalų likučiai, riebalais suteptas popierius. kavos, arbatos tirščiai, pakeliai, popieriniai filtrai. iš biologiškai skaidžių medžiagų pagamintos kavos kapsulės. kiaušinių lukštai. maisto papildai be pakuotės. naudotas ar riebalais suteptas kepimo popierius. popieriniai rankšluosčiai ir servetėlės, popieriniai gėrimų šiaudeliai, maistu sutepti popieriaus gaminiai. popieriniai kiaušinių dėklai. plaukai ir plunksnos (nedideliais kiekiais). mediniai, vienkartiniai stalo įrankiai","anešimą. Daugiau informacijos ir reikalingus dokumentus galite rasti čia: https://www.aratc.lt/teises-aktai-dokumentai-vietine-rinkliava/ . MAISTO IR VIRTUVĖS ATLIEKOS: Visi naudojimui netinkami augalinės ir gyvūninės kilmės maisto produktai, jų likučiai. Aliejaus ir riebalų likučiai, riebalais suteptas popierius. Kavos, arbatos tirščiai, pakeliai, popieriniai filtrai. Iš biologiškai skaidžių medžiagų pagamintos kavos kapsulės. Kiaušinių lukštai. Maisto papildai be pakuotės. Naudotas ar riebalais suteptas kepimo popierius. Popieriniai rankšluosčiai ir servetėlės, popieriniai gėrimų šiaudeliai, maistu sutepti popieriaus gaminiai. Popieriniai kiaušinių dėklai. Plaukai ir plunksnos (nedideliais kiekiais). Mediniai, vienkartiniai stalo įrankiai. Skintos gėlės, kambariniai augalai be vazonų. Nupjauta žolė, sodo ir daržo derliaus perteklius (nedideliais kiekiais). NAMUOSE KOMPOSTUOTI",regex_include_exclude_context_checked
[96],Lithuania - Alytus region - UAB Alytaus regiono atliekų tvarkymo centras - Grūte bus dalijami maisto atliekų surinkimo konteineriai,Certification and Approval Basis,No named standard/approval stated,,,,fallback_default
[96],Lithuania - Alytus region - UAB Alytaus regiono atliekų tvarkymo centras - Grūte bus dalijami maisto atliekų surinkimo konteineriai,Rejection Rationale,Not applicable - not a rejection/restriction case,,,,derived_from_acceptance
[97],Luxembourg - Luxembourg City - Ville de Luxembourg - Déchets organiques de cuisine,Source Authority,Municipal sorting rule,,,Luxembourg - Luxembourg City - Ville de Luxembourg - Déchets organiques de cuisine | Écoutez | https://www.vdl.lu/fr/vivre/domicile-au-quotidien/collecter-et-trier-ses-dechets/par-type-de-dechets/dechets-organiques-de-cuisine,source_label_priority
[97],Luxembourg - Luxembourg City - Ville de Luxembourg - Déchets organiques de cuisine,Stated Organic-waste Treatment Route,Other organic recovery,\b(animal\s+feed|feedstock|valorisation|valorization|rendering|black\s+soldier\s+fly|insect|food\s+waste\s+recycling|resource\s+recovery|자원화|사료화)\b,valorisation,"Partagez Imprimez Changements dans la collecte des biodéchets Découvrez toutes les informations sur les nouvelles modalités de collecte, la valorisation des biodéchets, ainsi que des conseils pratiques pour bien les gérer au quotidien sur bio.vdl.lu . En bref Collecte Porte à porte Fréquence",regex_include_exclude
[97],Luxembourg - Luxembourg City - Ville de Luxembourg - Déchets organiques de cuisine,Acceptance,Rejected,"(ne\s+(?:les?\s+)?mettez\s+pas|ne\s+pas\s+mettre|pas\s+dans|interdit\w*|refus[ée]s?|non\s+accept[ée]s?).{0,200}(compostable\w*|biod[ée]gradable\w*|bioplastique\w*|emballage\w*|plastique\w*)","interdit de collecter en mélange ou de traiter conjointement des biodéchets et des déchets de verdure avec des matières plastiques, biodégradables ou non. par conséquent, les sacs en plastique","te Fréquence Toutes les semaines Récipient Récipients bruns Consignes La loi modifiée du 9 juin 2022 relative aux déchets stipule qu’il est interdit de collecter en mélange ou de traiter conjointement des biodéchets et des déchets de verdure avec des matières plastiques, biodégradables ou non. Par conséquent, les sacs en plastique, y compris les sacs dits biodégradables ne sont pas autorisés pour la collecte des biodéchets. Autorisés Restes alimentaires (crus et cuits",regex_include_exclude
[97],Luxembourg - Luxembourg City - Ville de Luxembourg - Déchets organiques de cuisine,Certification and Approval Basis,Generic compostable/biodegradable wording only,\b(compostable|biodegradable|industrially\s+compostable|certified\s+compostable|composteerbaar\w*|kompostierbar\w*|compostabil\w*|biod[ée]gradable\w*|biohajoava|kompostoituva|biolagunev\w*|biolo[šs]ko\s+razgradljiv\w*|kompostowaln\w*|biodegradowaln\w*)\b,biodégradables,"’il est interdit de collecter en mélange ou de traiter conjointement des biodéchets et des déchets de verdure avec des matières plastiques, biodégradables ou non. Par conséquent, les sacs en plastique, y compris les sacs dits biodégradables ne sont pas autorisés pour la collecte des biodéchets",regex_include_exclude
[97],Luxembourg - Luxembourg City - Ville de Luxembourg - Déchets organiques de cuisine,Rejection Rationale,Explicit no-packaging / positive-list restriction,(verbot|vietat|interdit|prohibid|positive\s+list|non\s+list[ée]s|ne\s+sont\s+pas\s+accept[ée]s|hors\s+sacs),interdit,"te Fréquence Toutes les semaines Récipient Récipients bruns Consignes La loi modifiée du 9 juin 2022 relative aux déchets stipule qu’il est interdit de collecter en mélange ou de traiter conjointement des biodéchets et des déchets de verdure avec des matières plastiques, biodégradables o",regex_include_exclude
[98],Poland - Toruń - Miasto Toruń and MPO Toruń - STOP foliówkom w pojemnikach BIO - rozdajemy BIOworki,Source Authority,Municipal sorting rule,,,Poland - Toruń - Miasto Toruń and MPO Toruń - STOP foliówkom w pojemnikach BIO - rozdajemy BIOworki | 2025-01-24 | https://www.mpo.torun.pl/__jw-webdev/mpo/324/stop-foliowkom-w-pojemnikach-bio-rozdajemy-bioworki,source_label_priority
[98],Poland - Toruń - Miasto Toruń and MPO Toruń - STOP foliówkom w pojemnikach BIO - rozdajemy BIOworki,Stated Organic-waste Treatment Route,Treatment route not stated,,,,fallback_default
[98],Poland - Toruń - Miasto Toruń and MPO Toruń - STOP foliówkom w pojemnikach BIO - rozdajemy BIOworki,Acceptance,Rejected,"(opakowania|embala[žz]a|obaly|foli[oó]wki|plastikow\w*|plastov\w*).{0,220}(nie|ne|niso|nepat[řr][íi]|prepoved|zakaz)","opakowania nie ulegają biodegradacji, co powoduje, że odpady w takich workach nie mogą być prawidłowo przetwarzane","ruchomości otrzymają pakiety biodegradowalnych worków do rozdysponowania wśród mieszkańców w administrowanych przez siebie zasobach. Foliowe opakowania nie ulegają biodegradacji, co powoduje, że odpady w takich workach nie mogą być prawidłowo przetwarzane. W rezultacie, jeśli do pojemników na odpady BIO trafią worki foliowe, cała zawartość często jest odrzucana, co prowadzi do zwiększenia il",regex_include_exclude
[98],Poland - Toruń - Miasto Toruń and MPO Toruń - STOP foliówkom w pojemnikach BIO - rozdajemy BIOworki,Certification and Approval Basis,Generic compostable/biodegradable wording only,\b(compostable|biodegradable|industrially\s+compostable|certified\s+compostable|composteerbaar\w*|kompostierbar\w*|compostabil\w*|biod[ée]gradable\w*|biohajoava|kompostoituva|biolagunev\w*|biolo[šs]ko\s+razgradljiv\w*|kompostowaln\w*|biodegradowaln\w*)\b,biodegradowalnych,"ym segregowaniem tych odpadów. Jednym z najważniejszych aspektów jest konieczność wrzucania odpadów BIO do pojemników w odpowiednich workach biodegradowalnych lub luzem, a nie w workach foliowych. Miasto Toruń, we współpracy z Miejskim Przedsiębiorstwem Oczyszczania, po raz kolejny prowadzi akcję",regex_include_exclude
[98],Poland - Toruń - Miasto Toruń and MPO Toruń - STOP foliówkom w pojemnikach BIO - rozdajemy BIOworki,Rejection Rationale,No compatible organic-treatment route,\b(no\s+compatible\s+(?:treatment|route)|cannot\s+be\s+(?:properly\s+)?processed|not\s+designed\s+for\s+biogas|ikke\s+produsert\s+for\s+biogassproduksjon|nie\s+mog[ąa]\s+by[ćc]\s+prawid[łl]owo\s+przetwarzane|kan\s+inte\s+.*tas\s+till\s+vara|kan\s+inte\s+tas\s+tillvara|kann\s+nicht\s+verwertet|geen\s+verwerkingsroute)\b,nie mogą być prawidłowo przetwarzane,"mieszkańców w administrowanych przez siebie zasobach. Foliowe opakowania nie ulegają biodegradacji, co powoduje, że odpady w takich workach nie mogą być prawidłowo przetwarzane. W rezultacie, jeśli do pojemników na odpady BIO trafią worki foliowe, cała zawartość często jest odrzucana, co prowadzi do zwiększenia il",regex_include_exclude
[99],Portugal - LIPOR municipalities - Lipor - FAQ - Gestão de Resíduos – Campanha Reciclar é Dar +,Source Authority,Waste operator or treatment-facility rule,,,Portugal - LIPOR municipalities - Lipor - FAQ - Gestão de Resíduos – Campanha Reciclar é Dar + | HOME | https://www.lipor.pt/darmais/faq/gestao-residuos.html,source_label_priority
[99],Portugal - LIPOR municipalities - Lipor - FAQ - Gestão de Resíduos – Campanha Reciclar é Dar +,Stated Organic-waste Treatment Route,Composting,\b(composting|compost\s+facility|industrial\s+compost|in[- ]?vessel\s+compost|IVC|compostage|compostaggio|compostaje|compostagem|kompostierung|kompostering|kompostointi|kompostiranje|composteerinstallatie|composteerbaar|kompostownia|κομποστοποίηση|κομπόστ|堆肥化|堆肥|퇴비화|퇴비|kompostitav\w*)\b,compostagem,"Alimentares? A ausência de contaminantes nos resíduos recolhidos é um aspeto fundamental para a viabilidade e sucesso de todo o processo de compostagem. A Central de Valorização Orgânica da LIPOR, recebe, valoriza e transforma os resíduos alimentares e verdes recolhidos num Composto de elev",regex_include_exclude
[99],Portugal - LIPOR municipalities - Lipor - FAQ - Gestão de Resíduos – Campanha Reciclar é Dar +,Acceptance,Collection liners only,"sacos?\s+compost[áa]veis.{0,120}\b(?:podem\s+ser|devem\s+ser|aceites?|utilizados?)\b.{0,140}(res[íi]duos?\s+alimentares|org[âa]nicos|contentor\s+castanho)","sacos compostáveis podem ser colocados no contentor castanho, dos resíduos alimentares","atosinhos – 800 301 234 Porto – 800 205 744 Póvoa de Varzim – 800 272 624 Valongo – 800 202 099 Vila do Conde – (número a confirmar) 21. Os sacos compostáveis podem ser colocados no Contentor Castanho, dos Resíduos Alimentares? A ausência de contaminantes nos resíduos recolhidos é um aspeto fundamental para a viabilidade e sucesso de todo o processo de compostagem",regex_include_exclude_context_checked
[99],Portugal - LIPOR municipalities - Lipor - FAQ - Gestão de Resíduos – Campanha Reciclar é Dar +,Certification and Approval Basis,No named standard/approval stated,,,,fallback_default
[99],Portugal - LIPOR municipalities - Lipor - FAQ - Gestão de Resíduos – Campanha Reciclar é Dar +,Rejection Rationale,Reason not explicitly stated,,,,fallback_default
[100],Poland - Warsaw - Urząd m. st. Warszawy - Biodegradowalne opakowania np. ze skrobi kukurydzianej,Source Authority,Municipal sorting rule,,,Poland - Warsaw - Urząd m. st. Warszawy - Biodegradowalne opakowania np. ze skrobi kukurydzianej | Co chcesz wyrzucić? | https://segregujna5.um.warszawa.pl/odpady/biodegradowalne-opakowania-np-ze-skrobi-kukurydzianej/,source_label_priority
[100],Poland - Warsaw - Urząd m. st. Warszawy - Biodegradowalne opakowania np. ze skrobi kukurydzianej,Stated Organic-waste Treatment Route,Treatment route not stated,,,,fallback_default
[100],Poland - Warsaw - Urząd m. st. Warszawy - Biodegradowalne opakowania np. ze skrobi kukurydzianej,Acceptance,Rejected,"(opakowania|embala[žz]a|obaly|foli[oó]wki|plastikow\w*|plastov\w*).{0,220}(nie|ne|niso|nepat[řr][íi]|prepoved|zakaz)",opakowania np. ze skrobi kukurydzianej | co chcesz wyrzucić? | https://segregujna5.um.warszawa.pl/odpady/biodegradowalne-opakowania-np-ze-skrobi-kukurydziane,"Poland - Warsaw - Urząd m. st. Warszawy - Biodegradowalne opakowania np. ze skrobi kukurydzianej | Co chcesz wyrzucić? | https://segregujna5.um.warszawa.pl/odpady/biodegradowalne-opakowania-np-ze-skrobi-kukurydzianej/ Co chcesz wyrzucić? Wpisz przedmiot i dowiedz się, gdzie go wyrzucić Wyszukaj odpad Najczęściej wyszukiwane odpady: Ubrania Buty Aerozole",regex_include_exclude
[100],Poland - Warsaw - Urząd m. st. Warszawy - Biodegradowalne opakowania np. ze skrobi kukurydzianej,Certification and Approval Basis,Generic compostable/biodegradable wording only,\b(compostable|biodegradable|industrially\s+compostable|certified\s+compostable|composteerbaar\w*|kompostierbar\w*|compostabil\w*|biod[ée]gradable\w*|biohajoava|kompostoituva|biolagunev\w*|biolo[šs]ko\s+razgradljiv\w*|kompostowaln\w*|biodegradowaln\w*)\b,biodegradowalne,Poland - Warsaw - Urząd m. st. Warszawy - Biodegradowalne opakowania np. ze skrobi kukurydzianej | Co chcesz wyrzucić? | https://segregujna5.um.warszawa.pl/odpady/biodegradowalne-opakowania-np-ze-s,regex_include_exclude
[100],Poland - Warsaw - Urząd m. st. Warszawy - Biodegradowalne opakowania np. ze skrobi kukurydzianej,Rejection Rationale,Reason not explicitly stated,,,,fallback_default
[101],Slovakia - Bratislava - OLO a.s. - Ako správne triediť kuchynský bioodpad?,Source Authority,Municipal sorting rule,\b(city|municipal|municipality|commune|gemeente|gemeinde|borough|district|council|town|ville|stadt|ayuntamiento|comune|cidade|municipio|município|municipalidad|ciudad|miasto|urząd|alcald[ií]a|oslo|berlin|munich|hamburg|cologne|amsterdam|vienna|milan|barcelona|vigo|toronto|seattle|austin|san francisco|tokyo|seoul|prague|alimos|riga|krak[oó]w|toru[nń]|warsaw|bratislava|vilnius|ljubljana|maribor|christchurch|auckland|vitacura|las\s+palmas|brno|copenhagen|reykjav[ií]k|portland|new\s+york\s+city|minamata|zushi|providencia|santa\s+juana|wrocław|wroclaw)\b,bratislava,Slovakia - Bratislava - OLO a.s. - Ako správne triediť kuchynský bioodpad? | Ako správne triediť kuchynský bioodpad? | https://www.olo.sk/odpad/ako-spravne-tried,metadata_regex + fallback_from_source_label
[101],Slovakia - Bratislava - OLO a.s. - Ako správne triediť kuchynský bioodpad?,Stated Organic-waste Treatment Route,Treatment route not stated,\b(brown\s*bin|green\s*cart|organic\s*waste\s*collection|food\s*waste\s*collection|food\s*scraps?\s*(?:bin|collection)|bio[- ]?waste\s*collection|biowaste\s*collection|FOGO|GFT|biotonne|bioabfall|contenedor\s+marr[oó]n|contentor\s+castanho|bac\s+brun|rifiut[io]\s+organic[io]|umido|maisto\s+atliek|bioj[äa]te|madaffald|matavfall|bioodpad|pojemnik\s+bio|kitchen\s*waste\s*collection)\b,bioodpad,Slovakia - Bratislava - OLO a.s. - Ako správne triediť kuchynský bioodpad? | Ako správne triediť kuchynský bioodpad? | https://www.olo.sk/odpad/ako-spravne-triedit-odpad/kbro Ako správne triediť kuchynský bioodpad,regex_include_exclude
[101],Slovakia - Bratislava - OLO a.s. - Ako správne triediť kuchynský bioodpad?,Acceptance,Rejected,"(opakowania|embala[žz]a|obaly|foli[oó]wki|plastikow\w*|plastov\w*).{0,220}(nie|ne|niso|nepat[řr][íi]|prepoved|zakaz)","plastovaných častí, vylúhované) sypané čaje (aj vylúhované) a kávová usadenina chlieb, pečivo, cestoviny, ryža, strukoviny, obilniny a pod. zaváraniny (bez sklene","ované zvyšky jedál a potravín vrátane pokazených potraviny po záruke vrátane mäsa a malých kostí papierové čajové vrecúška (bez spiniek a poplastovaných častí, vylúhované) sypané čaje (aj vylúhované) a kávová usadenina chlieb, pečivo, cestoviny, ryža, strukoviny, obilniny a pod. zaváraniny (bez sklenených, plechových, resp. iných obalov - bez tekutej časti) ovocie a zelenina - vrátane šupiek a kôstok (aj pokazené, plesnivé, hnilé) vajcia",regex_include_exclude
[101],Slovakia - Bratislava - OLO a.s. - Ako správne triediť kuchynský bioodpad?,Certification and Approval Basis,EN 13432 / OK compost / Seedling,\bok\s*compost(?!\s*home)\b,ok compost,"žité ako utierky pri varení, nie na toalete alebo nasiaknuté čistiacimi prostriedkami) certifikované kompostovateľné vrecká (označené logom OK compost, OK home compost) a papierové vrecká prírodné hubky (na riad a umývanie) – morské huby, lufa, celulóza Nepatrí sem olej, masť, tuky a mastn",regex_include_exclude
[101],Slovakia - Bratislava - OLO a.s. - Ako správne triediť kuchynský bioodpad?,Rejection Rationale,Reason not explicitly stated,,,,fallback_default
[102],Luxembourg - National - Administration de l'environnement - 1x1 Offalltrennung,Source Authority,National rule or policy,,,Luxembourg - National - Administration de l'environnement - 1x1 Offalltrennung | --- Page 1 --- | https://environnement.public.lu/dam-assets/documents/offall_a_ressourcen/1x1-offalltrennung/01-aev-flyer-fr-online.pdf,source_label_priority
[102],Luxembourg - National - Administration de l'environnement - 1x1 Offalltrennung,Stated Organic-waste Treatment Route,AD/biogas + composting,"\b(anaerobic\s+digestion|\bAD\b|biogas|biomethane|methani[sz]ation|m[ée]thanisation|biom[ée]thanisation|verg[äa]rung|vergisting|r[öo]tning|digestate|biog[öo]dsel|biog[øo]dning)\b.{0,180}\b(compost|composting|kompost|compostaggio|compostaje|compostagem|kompostering|kompostointi|kompostiranje|κομποστοποίηση|堆肥|퇴비)",méthanisation afin de créer de précieux produits de compost,"organiques com- posés de matières végétales ou animales et qui sont donc biodégradables. Ces déchets peuvent être recyclés dans des processus de compostage ou de méthanisation afin de créer de précieux produits de compostage ou du biogaz. Graisses et huiles Cendres, charbon, balayures, sacs d’aspirateur et mégots de cigarettes Emball",regex_include_exclude
[102],Luxembourg - National - Administration de l'environnement - 1x1 Offalltrennung,Acceptance,Rejected,"(ikke|inte|må\s+ikke|skal\s+ikke|ei|ei\s+saa|ei\s+kuulu).{0,180}(komposterbar\w*|bioposer|bioplast|plast|biohajoava\w*|kompostoituva\w*|muovipakkauk\w*|kertak[äa]ytt[öo]astia)","eintures/ laques, aérosols, produits cosmétiques, piles, ...) couches, lingettes humides et produits d'hygiène gobelets en carton et emballages en papier avec revêtement plast","ouvent collectés par les communes à des dates spécifiques ou peuvent être déposés aux centres de ressources. Déchets recyclables (papier, carton, verre, déchets organiques, bois, ...) Déchets dangereux (médicaments, peintures/ laques, aérosols, produits cosmétiques, piles, ...) Couches, lingettes humides et produits d’hygiène Gobelets en carton et emballages en papier avec revêtement plastique Mégots de cigarettes Litière pour chats Déchets mén",regex_include_exclude
[102],Luxembourg - National - Administration de l'environnement - 1x1 Offalltrennung,Certification and Approval Basis,Generic compostable/biodegradable wording only,\b(compostable|biodegradable|industrially\s+compostable|certified\s+compostable|composteerbaar\w*|kompostierbar\w*|compostabil\w*|biod[ée]gradable\w*|biohajoava|kompostoituva|biolagunev\w*|biolo[šs]ko\s+razgradljiv\w*|kompostowaln\w*|biodegradowaln\w*)\b,biodégradables,me sac poubelle pour les déchets organiques) Les biodéchets désignent tous les déchets organiques com- posés de matières végétales ou animales et qui sont donc biodégradables. Ces déchets peuvent être recyclés dans des processus de compostage ou de méthanisation afin de créer de précieux,regex_include_exclude
[102],Luxembourg - National - Administration de l'environnement - 1x1 Offalltrennung,Rejection Rationale,Compost/digestate quality or contamination concern,(mikroplastik|fremdstoff|st[öo]rstoff|vervuiling|verontreiniging|schone\s+compost|kwaliteit|schadelijke\s+stoffen|compostkwaliteit|bodem|meststof|fertilisant|engrais|qualit[ée]|inquinant|퇴비|비료|품질),qualité,"acceptés peuvent être consultés sur les sites web respectifs ou directement auprès de ta commune. Le verre est un matériau 100% recyclable qui peut être réutilisé à l’infini sans perte de qualité. Parfois, le verre us - agé est séparé par couleur (vert, brun, blanc/transparent), car",regex_include_exclude
[103],Portugal - Sintra - SMAS Sintra / Tratolixo - Sintra Biorresíduos,Source Authority,Waste operator or treatment-facility rule,,,Portugal - Sintra - SMAS Sintra / Tratolixo - Sintra Biorresíduos | Início | https://www.smas-sintra.pt/sintra-biorresiduos/perguntas-frequentes/,source_label_priority
[103],Portugal - Sintra - SMAS Sintra / Tratolixo - Sintra Biorresíduos,Stated Organic-waste Treatment Route,Composting,\b(composting|compost\s+facility|industrial\s+compost|in[- ]?vessel\s+compost|IVC|compostage|compostaggio|compostaje|compostagem|kompostierung|kompostering|kompostointi|kompostiranje|composteerinstallatie|composteerbaar|kompostownia|κομποστοποίηση|κομπόστ|堆肥化|堆肥|퇴비화|퇴비|kompostitav\w*)\b,compostagem,"ibilizar: Um contentor/balde castanho com capacidade de 7 litros; Dois rolos de 30 sacos verdes; Material informativo sobre o projeto. FAÇO COMPOSTAGEM DOMÉSTICA, MESMO ASSIM DEVO PARTICIPAR? Sim, deve participar porque há biorresíduos que não podem ser colocados no compostor doméstico (com",regex_include_exclude
[103],Portugal - Sintra - SMAS Sintra / Tratolixo - Sintra Biorresíduos,Acceptance,Rejected,"(?:biorres[íi]duos|sacos?\s+verdes?|contentor(?:es)?\s+(?:castanho|marr[oó]n)|contenedor(?:es)?\s+marr[oó]n).{0,260}(?:embalagens?\s+alimentares|envases?\s+de\s+(?:papel|cart[óo]n|vidrio|pl[áa]stico)|pl[áa]sticos?|metais|copos?,\s*talheres\s+e\s+loi[çc]as)",saco verde dentro de outro pois impossibilita a triagem na central de tratamento. o que não posso colocar nos sacos verdes? o sistema de processamento de biorresíduos não permite o tratamento de resíduos não orgânicos como: embalagens alimentares; vidros; porcelanas; plásticos,"co estiver cheio, deve fechá-lo com dois nós, depositando-o no contentor de rua para os resíduos indiferenciados. IMPORTANTE: Não coloque o saco verde dentro de outro pois impossibilita a triagem na Central de Tratamento. O QUE NÃO POSSO COLOCAR NOS SACOS VERDES? O sistema de processamento de biorresíduos não permite o tratamento de Resíduos não orgânicos como: Embalagens alimentares; Vidros; Porcelanas; Plásticos; Metais; Têxteis; Lâmpadas; Beatas; Excrementos de animais; Copos, talheres e loiças; Medicamentos; Pilhas; Sementes de origem incerta e qu",regex_include_exclude
[103],Portugal - Sintra - SMAS Sintra / Tratolixo - Sintra Biorresíduos,Certification and Approval Basis,No named standard/approval stated,,,,fallback_default
[103],Portugal - Sintra - SMAS Sintra / Tratolixo - Sintra Biorresíduos,Rejection Rationale,Reason not explicitly stated,,,,fallback_default
[104],Lithuania - Vilnius - VASA - Maisto atliekas Vilniuje,Source Authority,Waste operator or treatment-facility rule,\b(facility|plant|operator|hauler|collector|processor|composter|composting facility|anaerobic|biogas|waste[- ]company|waste company|public utility|recology|wm\b|awm\b|awb\b|bsr\b|stadtreinigung|milieu|hvc|rd4|gesenu|contarina|salerno pulita|mohu|tratolixo|mustankorkea|biorepack|suez|veolia|envar|mywaste|pražské\s+služby|mpo\b|olo\s+a\.s\.|jp\s+voka\s+snaga|vasa\b|getliņi|getlini|voka\s+snaga|intradel|hygea|komunala\s+kranj|minett\s+kompost|calgary|halifax|reykjav[ií]k)\b,vasa,Lithuania - Vilnius - VASA - Maisto atliekas Vilniuje | lt | https://zaliasvilnius.lt/maisto-atliekas-vilniuje-rusiuokime-i-oranzinius-maiselius/,metadata_regex + fallback_from_source_label
[104],Lithuania - Vilnius - VASA - Maisto atliekas Vilniuje,Stated Organic-waste Treatment Route,Treatment route not stated,,,,fallback_default
[104],Lithuania - Vilnius - VASA - Maisto atliekas Vilniuje,Acceptance,No explicit compostable-packaging rule,,,,fallback_default
[104],Lithuania - Vilnius - VASA - Maisto atliekas Vilniuje,Certification and Approval Basis,Government/programme approval,(専用袋|指定袋|市が回収|전용봉투|종량제봉투|专用袋|專用袋|orange\s+bag|oranžin\w*\s+maišel\w*),oranžinius maišelius,"riai Partneriai Renginiai Naujienos Paieška Lietuviškai Lietuviškai English Grįžti Įvairūs 2025 12 30 Maisto atliekas Vilniuje rūšiuokime į oranžinius maišelius Šventės dažnai reiškia daugiau maisto, bet kartu ir daugiau atsakomybės. Primename: Vilniuje maisto atliekas rūšiuojame į oranžinius maišel",regex_include_exclude
[104],Lithuania - Vilnius - VASA - Maisto atliekas Vilniuje,Rejection Rationale,Not applicable - not a rejection/restriction case,,,,derived_from_acceptance
[105],Poland - National - Ministerstwo Klimatu i Środowiska - Segregacja odpadów - pojemniki bio,Source Authority,National rule or policy,,,Poland - National - Ministerstwo Klimatu i Środowiska - Segregacja odpadów - pojemniki bio | Powrót | https://www.gov.pl/web/klimat/segregacjaodpadow-pojemniki-bio,source_label_priority
[105],Poland - National - Ministerstwo Klimatu i Środowiska - Segregacja odpadów - pojemniki bio,Stated Organic-waste Treatment Route,Treatment route not stated,,,,fallback_default
[105],Poland - National - Ministerstwo Klimatu i Środowiska - Segregacja odpadów - pojemniki bio,Acceptance,No explicit compostable-packaging rule,,,,fallback_default
[105],Poland - National - Ministerstwo Klimatu i Środowiska - Segregacja odpadów - pojemniki bio,Certification and Approval Basis,Generic compostable/biodegradable wording only,\b(compostable|biodegradable|industrially\s+compostable|certified\s+compostable|composteerbaar\w*|kompostierbar\w*|compostabil\w*|biod[ée]gradable\w*|biohajoava|kompostoituva|biolagunev\w*|biolo[šs]ko\s+razgradljiv\w*|kompostowaln\w*|biodegradowaln\w*)\b,biodegradowalne,"tu i Środowiska - Segregacja odpadów - pojemniki bio | Powrót | https://www.gov.pl/web/klimat/segregacjaodpadow-pojemniki-bio Powrót Odpady biodegradowalne Do brązowego pojemnika wrzucamy odpady, które ulegają biodegradacji. Do brązowego pojemnika należy wrzucać: • odpadki warzywne i owocowe",regex_include_exclude
[105],Poland - National - Ministerstwo Klimatu i Środowiska - Segregacja odpadów - pojemniki bio,Rejection Rationale,Not applicable - not a rejection/restriction case,,,,derived_from_acceptance
[106],Portugal - National - Agência Portuguesa do Ambiente - Ainda não sabe como se separam os biorresíduos?,Source Authority,National rule or policy,,,Portugal - National - Agência Portuguesa do Ambiente - Ainda não sabe como se separam os biorresíduos? | Início | https://www.pontoverde.pt/recicla/ainda-nao-sabe-como-se-separam-os-biorresiduos/,source_label_priority
[106],Portugal - National - Agência Portuguesa do Ambiente - Ainda não sabe como se separam os biorresíduos?,Stated Organic-waste Treatment Route,Composting,\b(composting|compost\s+facility|industrial\s+compost|in[- ]?vessel\s+compost|IVC|compostage|compostaggio|compostaje|compostagem|kompostierung|kompostering|kompostointi|kompostiranje|composteerinstallatie|composteerbaar|kompostownia|κομποστοποίηση|κομπόστ|堆肥化|堆肥|퇴비화|퇴비|kompostitav\w*)\b,compostagem,"os e reaproveitados. A colocação num saco, num contentor próprio ou mesmo os que são recolhidos porta a porta, são enviados para centros de compostagem e digestão anaeróbia. Destes centros, os resíduos são transformados em composto orgânico, bem como utilizados para produzir biogás. Vantage",regex_include_exclude
[106],Portugal - National - Agência Portuguesa do Ambiente - Ainda não sabe como se separam os biorresíduos?,Acceptance,Rejected,"(?:neste\s+contentor\s+n[ãa]o\s+deve\s+colocar|por\s+outro\s+lado,?\s+neste\s+contentor\s+n[ãa]o\s+deve\s+colocar).{0,260}(?:embalagens?|pl[áa]stico|metal|vidro|cart[ãa]o|papel)","por outro lado, neste contentor não deve colocar: excrementos de animais; cadáveres de animais; pontas de cigarro; medicamentos; embalagens de plástico, metal, vidro, cartão ou papel","Espinhas e ossos; Alimentos estragados; Saquetas de chá; Folhas de filtro de café; Folhas secas de plantas que tem em casa; Flores mortas. Por outro lado, neste contentor não deve colocar: Excrementos de animais; Cadáveres de animais; Pontas de cigarro; Medicamentos; Embalagens de plástico, metal, vidro, cartão ou papel; Têxteis; Loiças ou talheres; Para que servem os biorresíduos? Ao separarmos estes resíduos biológicos que produzimos, estamos a permitir q",regex_include_exclude
[106],Portugal - National - Agência Portuguesa do Ambiente - Ainda não sabe como se separam os biorresíduos?,Certification and Approval Basis,No named standard/approval stated,,,,fallback_default
[106],Portugal - National - Agência Portuguesa do Ambiente - Ainda não sabe como se separam os biorresíduos?,Rejection Rationale,Reason not explicitly stated,,,,fallback_default
[107],Norway - Rogaland (Molde/Romsdal region) - RIR (Romsdals-halv og Innlandets Renovasjon) - Nedbrytbare matavfallsposer til matavfall fra 1. januar,Source Authority,"State, provincial, regional, or canton rule",\b(state|province|provincial|regional|region|canton|county|prefecture|autonomous|landkreis|d[ée]partement|departement|flanders|wallonia|catalonia|california|ontario|quebec|québec|nova\s+scotia|alberta|busan\s+metropolitan|kumamoto\s+prefecture|kanagawa\s+prefecture)\b,region,Norway - Rogaland (Molde/Romsdal region) - RIR (Romsdals-halv og Innlandets Renovasjon) - Nedbrytbare matavfallsposer til matavfall fra 1. januar | Hjem | https://www.rir.no/aktue,metadata_regex + fallback_from_source_label
[107],Norway - Rogaland (Molde/Romsdal region) - RIR (Romsdals-halv og Innlandets Renovasjon) - Nedbrytbare matavfallsposer til matavfall fra 1. januar,Stated Organic-waste Treatment Route,Treatment route not stated,\b(brown\s*bin|green\s*cart|organic\s*waste\s*collection|food\s*waste\s*collection|food\s*scraps?\s*(?:bin|collection)|bio[- ]?waste\s*collection|biowaste\s*collection|FOGO|GFT|biotonne|bioabfall|contenedor\s+marr[oó]n|contentor\s+castanho|bac\s+brun|rifiut[io]\s+organic[io]|umido|maisto\s+atliek|bioj[äa]te|madaffald|matavfall|bioodpad|pojemnik\s+bio|kitchen\s*waste\s*collection)\b,matavfall,Norway - Rogaland (Molde/Romsdal region) - RIR (Romsdals-halv og Innlandets Renovasjon) - Nedbrytbare matavfallsposer til matavfall fra 1. januar | Hjem | https://www.rir.no/aktuelt/nedbrytbare-matavfallsposer Hjem Aktuelt Nedbrytbare matavfallsposer,regex_include_exclude
[107],Norway - Rogaland (Molde/Romsdal region) - RIR (Romsdals-halv og Innlandets Renovasjon) - Nedbrytbare matavfallsposer til matavfall fra 1. januar,Acceptance,Collection liners only,"(?:bioposer|matavfallsp[åa]sar|bioavfallsp[åa]sar|bioj[äa]tepussi|bioj[äa]tepussit).{0,120}(?:matavfall|madaffald|bioaffald|bioavfall|bioj[äa]te|ruokaj[äa]te)",bioposer til matavfall. hvorfor bioposer dette gjør vi både fordi vi ønsker å avvikle bruk av forurensende plastposer i matavfall,"a 1. januar Sist oppdatert: 20.09.2023 Nedbrytbare matavfallsposer til matavfall fra 1. januar Fra 1. januar 2023 mottar vi kun nedbrytbare bioposer til matavfall. Hvorfor bioposer Dette gjør vi både fordi vi ønsker å avvikle bruk av forurensende plastposer i matavfall, og fordi bioposene har blitt så gode at de tilfredsstiller behovene til abonnentene våre. De nedbrytbare posene er laget av organisk mater",regex_include_exclude_context_checked
[107],Norway - Rogaland (Molde/Romsdal region) - RIR (Romsdals-halv og Innlandets Renovasjon) - Nedbrytbare matavfallsposer til matavfall fra 1. januar,Certification and Approval Basis,EN 13432 / OK compost / Seedling,\b(en|din\s*en|uni\s*en|bs\s*en|nf\s*en)?\s*13432\b,en 13432,"asjonene våre, eller å kjøpe tilsvarende bioposer i dagligvarebutikk. Pass på at de er merket komposterbar, eller sertifisert i henhold til EN 13432. Bioposen lekker Bioposer er lagd av et materiale som puster, slik at vann kan fordampe. Da kan de også kjennes litt fuktig på utsiden, sær",regex_include_exclude
[107],Norway - Rogaland (Molde/Romsdal region) - RIR (Romsdals-halv og Innlandets Renovasjon) - Nedbrytbare matavfallsposer til matavfall fra 1. januar,Rejection Rationale,Slow degradation / residence-time mismatch,"(rottezeit|zersetzungszeit|nicht\s+sicher\s+vollst[äa]ndig\s+biologisch\s+abgebaut|langer\s+dan\s+het\s+proces|proces\s+te\s+kort|te\s+langzaam\s+af|breekt\s+te\s+langzaam|langzaam\s+afbre|biohajoava.{0,80}hidas|hitaan\s+maatumis|ikke\s+brytes\s+ned|brytes\s+ikke\s+ned|inte\s+bryts\s+ner|för\s+långsamt|nedbrytning|분해|퇴비화할|可降解塑料袋.{0,80}降解的速度比厨余垃圾慢)",nedbrytning,"allet Hvordan brukes de nye posene? Mens vi er vant til å tenke at avfallet vårt kastes i posene, vil bioposene nå være en del av avfallet. Nedbrytningen starter så snart bioposen kommer i kontakt med fukt, og vi må gjøre noen små tilpasninger i bruken vår framover. Med noen små justeringer",regex_include_exclude
[108],Norway - Oslo - Oslo kommune – Renovasjons- og gjenvinningsetaten (REG) - Nedbrytbar – men hvor?,Source Authority,Municipal sorting rule,\b(city|municipal|municipality|commune|gemeente|gemeinde|borough|district|council|town|ville|stadt|ayuntamiento|comune|cidade|municipio|município|municipalidad|ciudad|miasto|urząd|alcald[ií]a|oslo|berlin|munich|hamburg|cologne|amsterdam|vienna|milan|barcelona|vigo|toronto|seattle|austin|san francisco|tokyo|seoul|prague|alimos|riga|krak[oó]w|toru[nń]|warsaw|bratislava|vilnius|ljubljana|maribor|christchurch|auckland|vitacura|las\s+palmas|brno|copenhagen|reykjav[ií]k|portland|new\s+york\s+city|minamata|zushi|providencia|santa\s+juana|wrocław|wroclaw)\b,oslo,Norway - Oslo - Oslo kommune – Renovasjons- og gjenvinningsetaten (REG) - Nedbrytbar – men hvor? | Avfall og ressurser | https://aktuelt.oslo.kommune.no/,metadata_regex + fallback_from_source_label
[108],Norway - Oslo - Oslo kommune – Renovasjons- og gjenvinningsetaten (REG) - Nedbrytbar – men hvor?,Stated Organic-waste Treatment Route,AD/biogas only,\b(anaerobic\s+digestion|\bAD\b|biogas|biomethane|methani[sz]ation|m[ée]thanisation|biom[ée]thanisation|verg[äa]rung|vergisting|biokaas|biogaz|biogass|biogasanlegg|r[öo]tning|biog[öo]dsel|biog[øo]dning|digestate|厌氧|厭氧|沼气|沼氣)\b,biogass,"– men heller ikke mye av rundt om i avfalls-Norge. Produkta non grata De aller fleste kommuner som samler inn matavfall i Norge lager nemlig biogass og gjødsel av det. Her brytes avfallet ned i løpet av en snau måned, og uten høy varme. Med andre ord virker ikke dette heller som et milj",regex_include_exclude
[108],Norway - Oslo - Oslo kommune – Renovasjons- og gjenvinningsetaten (REG) - Nedbrytbar – men hvor?,Acceptance,Rejected,"(ikke|inte|må\s+ikke|skal\s+ikke|ei|ei\s+saa|ei\s+kuulu).{0,180}(komposterbar\w*|bioposer|bioplast|plast|biohajoava\w*|kompostoituva\w*|muovipakkauk\w*|kertak[äa]ytt[öo]astia)",ikke for pyser. under rette omstendigheter de siste årene har det stadig oftere dukket opp ulike varianter av såkalt «komposterbare,"til noe nytt Og som i mange andre bransjer nå til dags handler det om å holde seg et grønt hode foran konkurrentene. Med andre ord: Dette er ikke for pyser. Under rette omstendigheter De siste årene har det stadig oftere dukket opp ulike varianter av såkalt «komposterbare» eller «nedbrytbare» produkter. De er gjerne laget av fiber fra mais, ris, bambus og andre organiske kilder. Merkelapp fra komposterbart p",regex_include_exclude
[108],Norway - Oslo - Oslo kommune – Renovasjons- og gjenvinningsetaten (REG) - Nedbrytbar – men hvor?,Certification and Approval Basis,No named standard/approval stated,,,,fallback_default
[108],Norway - Oslo - Oslo kommune – Renovasjons- og gjenvinningsetaten (REG) - Nedbrytbar – men hvor?,Rejection Rationale,Slow degradation / residence-time mismatch,"(rottezeit|zersetzungszeit|nicht\s+sicher\s+vollst[äa]ndig\s+biologisch\s+abgebaut|langer\s+dan\s+het\s+proces|proces\s+te\s+kort|te\s+langzaam\s+af|breekt\s+te\s+langzaam|langzaam\s+afbre|biohajoava.{0,80}hidas|hitaan\s+maatumis|ikke\s+brytes\s+ned|brytes\s+ikke\s+ned|inte\s+bryts\s+ner|för\s+långsamt|nedbrytning|분해|퇴비화할|可降解塑料袋.{0,80}降解的速度比厨余垃圾慢)",ikke brytes ned,"ike. Bilde: Oslo kommune. Ved Oslo kommunes biogassanlegg er «nedbrytbart» og «komposterbart avfall» et problembarn, rett og slett fordi det ikke brytes ned i tide. Det klumper seg til seige masser som i verste fall setter seg fast og tetter rør. Det er noen få komposteringsanlegg i Norge som i",regex_include_exclude
[109],Norway - National (Greve Biogass service area) - Greve Biogass (AD operator) — quoted in Huseierne - Nedbrytbart? Ikke i Norge,Source Authority,Waste operator or treatment-facility rule,,,Norway - National (Greve Biogass service area) - Greve Biogass (AD operator) — quoted in Huseierne - Nedbrytbart? Ikke i Norge | Nedbrytbart? Ikke i Norge | https://beta.fagpressenytt.no/artikkel/nedbrytbart-ikke-i-norge,source_label_priority
[109],Norway - National (Greve Biogass service area) - Greve Biogass (AD operator) — quoted in Huseierne - Nedbrytbart? Ikke i Norge,Stated Organic-waste Treatment Route,AD/biogas only,\b(anaerobic\s+digestion|\bAD\b|biogas|biomethane|methani[sz]ation|m[ée]thanisation|biom[ée]thanisation|verg[äa]rung|vergisting|biokaas|biogaz|biogass|biogasanlegg|r[öo]tning|biog[öo]dsel|biog[øo]dning|digestate|厌氧|厭氧|沼气|沼氣)\b,biogass,Norway - National (Greve Biogass service area) - Greve Biogass (AD operator) — quoted in Huseierne - Nedbrytbart? Ikke i Norge | Nedbrytbart? Ikke i Norge | https://beta.fa,regex_include_exclude
[109],Norway - National (Greve Biogass service area) - Greve Biogass (AD operator) — quoted in Huseierne - Nedbrytbart? Ikke i Norge,Acceptance,Rejected,"(ikke|inte|må\s+ikke|skal\s+ikke|ei|ei\s+saa|ei\s+kuulu).{0,180}(komposterbar\w*|bioposer|bioplast|plast|biohajoava\w*|kompostoituva\w*|muovipakkauk\w*|kertak[äa]ytt[öo]astia)",ikkel/nedbrytbart-ikke-i-norge fagpressenytt nedbrytbart? ikke i norge hus & bolig 14.10.2019 bolig nå har det begynt å komme produkter som skal erstatte plast,"reve Biogass (AD operator) — quoted in Huseierne - Nedbrytbart? Ikke i Norge | Nedbrytbart? Ikke i Norge | https://beta.fagpressenytt.no/artikkel/nedbrytbart-ikke-i-norge Fagpressenytt Nedbrytbart? Ikke i Norge Hus & Bolig 14.10.2019 Bolig Nå har det begynt å komme produkter som skal erstatte plast, men avfallsbransjen frykter mer forsøpling og feilsortering. Vet du hvor du skal kaste «Hundre prosent nedbrytbare» produkter? Hvor skal e",regex_include_exclude
[109],Norway - National (Greve Biogass service area) - Greve Biogass (AD operator) — quoted in Huseierne - Nedbrytbart? Ikke i Norge,Certification and Approval Basis,No named standard/approval stated,,,,fallback_default
[109],Norway - National (Greve Biogass service area) - Greve Biogass (AD operator) — quoted in Huseierne - Nedbrytbart? Ikke i Norge,Rejection Rationale,Reason not explicitly stated,,,,fallback_default
[110],"Finland - Helsinki Metropolitan Area (Helsinki, Espoo, Vantaa, Kauniainen) - HSY (Helsinki Region Environmental Services Authority) - Biohajoava muovi"" (Biodegradable plastic sorting guidance)",Source Authority,Intermunicipal or regional waste authority,,,"Finland - Helsinki Metropolitan Area (Helsinki, Espoo, Vantaa, Kauniainen) - HSY (Helsinki Region Environmental Services Authority) - Biohajoava muovi"" (Biodegradable plastic sorting guidance) | Jäteoppaaseen | https://www.hsy.fi/jatteet-ja-kierratys/jateopas-ja-lajitteluohjeet/jatteet/biohajoava-muovi/",source_label_priority
[110],"Finland - Helsinki Metropolitan Area (Helsinki, Espoo, Vantaa, Kauniainen) - HSY (Helsinki Region Environmental Services Authority) - Biohajoava muovi"" (Biodegradable plastic sorting guidance)",Stated Organic-waste Treatment Route,Treatment route not stated,,,,fallback_default
[110],"Finland - Helsinki Metropolitan Area (Helsinki, Espoo, Vantaa, Kauniainen) - HSY (Helsinki Region Environmental Services Authority) - Biohajoava muovi"" (Biodegradable plastic sorting guidance)",Acceptance,Rejected,"(ikke|inte|må\s+ikke|skal\s+ikke|ei|ei\s+saa|ei\s+kuulu).{0,180}(komposterbar\w*|bioposer|bioplast|plast|biohajoava\w*|kompostoituva\w*|muovipakkauk\w*|kertak[äa]ytt[öo]astia)",inteistön muovipakkausastia kiinteistön sekajäteastia rinki-ekopiste miten lajittelen? pakkaukset: biohajoavasta,"/ Jäteoppaaseen Biohajoava muovi Hakusanat biohajoava muovi, PLA, PLA-muovi, kompostoituva muovi, vihreä hedelmäpussi Kierrätysmenetelmät Kiinteistön muovipakkausastia Kiinteistön sekajäteastia Rinki-ekopiste Miten lajittelen? Pakkaukset: Biohajoavasta muovista valmistetut pakkaukset, kuten take away -ruokarasiat voit lajitella muovipakkauskeräykseen tai sekajätteeseen. Biohajoavista muovi",regex_include_exclude
[110],"Finland - Helsinki Metropolitan Area (Helsinki, Espoo, Vantaa, Kauniainen) - HSY (Helsinki Region Environmental Services Authority) - Biohajoava muovi"" (Biodegradable plastic sorting guidance)",Certification and Approval Basis,Generic compostable/biodegradable wording only,\b(compostable|biodegradable|industrially\s+compostable|certified\s+compostable|composteerbaar\w*|kompostierbar\w*|compostabil\w*|biod[ée]gradable\w*|biohajoava|kompostoituva|biolagunev\w*|biolo[šs]ko\s+razgradljiv\w*|kompostowaln\w*|biodegradowaln\w*)\b,biohajoava,"Finland - Helsinki Metropolitan Area (Helsinki, Espoo, Vantaa, Kauniainen) - HSY (Helsinki Region Environmental Services Authority) - Biohajoava muovi"" (Biodegradable plastic sorting guidance) | Jäteoppaaseen | https://www.hsy.fi/jatteet-ja-kierratys/jateopas-ja-lajitteluohjeet/jatte",regex_include_exclude
[110],"Finland - Helsinki Metropolitan Area (Helsinki, Espoo, Vantaa, Kauniainen) - HSY (Helsinki Region Environmental Services Authority) - Biohajoava muovi"" (Biodegradable plastic sorting guidance)",Rejection Rationale,Slow degradation / residence-time mismatch,"(rottezeit|zersetzungszeit|nicht\s+sicher\s+vollst[äa]ndig\s+biologisch\s+abgebaut|langer\s+dan\s+het\s+proces|proces\s+te\s+kort|te\s+langzaam\s+af|breekt\s+te\s+langzaam|langzaam\s+afbre|biohajoava.{0,80}hidas|hitaan\s+maatumis|ikke\s+brytes\s+ned|brytes\s+ikke\s+ned|inte\s+bryts\s+ner|för\s+långsamt|nedbrytning|분해|퇴비화할|可降解塑料袋.{0,80}降解的速度比厨余垃圾慢)",hitaan maatumis,upan hevi-osaston vihreitä hedelmäpusseja voit käyttää pääkaupunkiseudulla biojätepusseina. Muutoin biohajoava muovi ei kuulu biojätteeseen hitaan maatumisensa takia. Pääosa pusseista poistetaan jo biojätteen käsittelyn alkuvaiheessa. Muut kuin pakkaukset: Biohajoavasta muovista valmistetut tav,regex_include_exclude
[111],"Finland - Kainuu region - Ekokymppi (Kainuu waste authority) - Biojäte"" sorting guide",Source Authority,"State, provincial, regional, or canton rule",\b(state|province|provincial|regional|region|canton|county|prefecture|autonomous|landkreis|d[ée]partement|departement|flanders|wallonia|catalonia|california|ontario|quebec|québec|nova\s+scotia|alberta|busan\s+metropolitan|kumamoto\s+prefecture|kanagawa\s+prefecture)\b,region,"Finland - Kainuu region - Ekokymppi (Kainuu waste authority) - Biojäte"" sorting guide | Biojäte | https://www.ekokymppi.fi/tietopankki/lajittelu/biojate.html",metadata_regex + fallback_from_source_label
[111],"Finland - Kainuu region - Ekokymppi (Kainuu waste authority) - Biojäte"" sorting guide",Stated Organic-waste Treatment Route,Treatment route not stated,\b(brown\s*bin|green\s*cart|organic\s*waste\s*collection|food\s*waste\s*collection|food\s*scraps?\s*(?:bin|collection)|bio[- ]?waste\s*collection|biowaste\s*collection|FOGO|GFT|biotonne|bioabfall|contenedor\s+marr[oó]n|contentor\s+castanho|bac\s+brun|rifiut[io]\s+organic[io]|umido|maisto\s+atliek|bioj[äa]te|madaffald|matavfall|bioodpad|pojemnik\s+bio|kitchen\s*waste\s*collection)\b,biojäte,"Finland - Kainuu region - Ekokymppi (Kainuu waste authority) - Biojäte"" sorting guide | Biojäte | https://www.ekokymppi.fi/tietopankki/lajittelu/biojate.html Biojäte Hedelmien ja vihannesten kuoret Huonekasvit",regex_include_exclude
[111],"Finland - Kainuu region - Ekokymppi (Kainuu waste authority) - Biojäte"" sorting guide",Acceptance,Collection liners only,"(bioj[äa]te|matavfall|food\s*waste|gft|gfe\+?t).{0,180}(compostable|composteerbare?\w*|biologisch\s+afbreekbare?\w*|biohajoava\w*|komposterbar\w*|paper|papieren?)\s+(bag|liner|pussi|zak|zakje|pose)s?","biojäte sanomalehdestä taiteltuun bioastiasuojaan, paperivalmisteiseen pussiin tai compost home -sertifioituun biohajoavaan pussi","eet Ruuantähteet Talouspaperit ja lautasliinat ruokailun yhteydessä Miten kierrätän? Vie kiinteistön keräysastiaan tai kompostoriin. Pakkaa biojäte sanomalehdestä taiteltuun bioastiasuojaan, paperivalmisteiseen pussiin tai Compost HOME -sertifioituun biohajoavaan pussiin ennen keräysastiaan laittamista. Kerää nestemäiset biojätteet, kuten ruokaöljyt maitopurkkiin ja laita siinä biojäteastiaan. Biojätteen v",regex_include_exclude_context_checked
[111],"Finland - Kainuu region - Ekokymppi (Kainuu waste authority) - Biojäte"" sorting guide",Certification and Approval Basis,OK compost HOME / NF T 51-800 / AS 5810,\bcompost\s*home\b,compost home,"? Vie kiinteistön keräysastiaan tai kompostoriin. Pakkaa biojäte sanomalehdestä taiteltuun bioastiasuojaan, paperivalmisteiseen pussiin tai Compost HOME -sertifioituun biohajoavaan pussiin ennen keräysastiaan laittamista. Kerää nestemäiset biojätteet, kuten ruokaöljyt maitopurkkiin ja laita",regex_include_exclude
[111],"Finland - Kainuu region - Ekokymppi (Kainuu waste authority) - Biojäte"" sorting guide",Rejection Rationale,Reason not explicitly stated,,,,fallback_default
[112],"Finland - Jyväskylä, Laukaa, Muurame, Toivakka - Mustankorkea (composting facility) - Biohajoava, kompostoituva vai biopohjainen?"" (blog/guidance)",Source Authority,Waste operator or treatment-facility rule,,,"Finland - Jyväskylä, Laukaa, Muurame, Toivakka - Mustankorkea (composting facility) - Biohajoava, kompostoituva vai biopohjainen?"" (blog/guidance) | Blogit | https://www.mustankorkea.fi/blogit/biohajoavat-tuotteet/",source_label_priority
[112],"Finland - Jyväskylä, Laukaa, Muurame, Toivakka - Mustankorkea (composting facility) - Biohajoava, kompostoituva vai biopohjainen?"" (blog/guidance)",Stated Organic-waste Treatment Route,Composting,\b(composting|compost\s+facility|industrial\s+compost|in[- ]?vessel\s+compost|IVC|compostage|compostaggio|compostaje|compostagem|kompostierung|kompostering|kompostointi|kompostiranje|composteerinstallatie|composteerbaar|kompostownia|κομποστοποίηση|κομπόστ|堆肥化|堆肥|퇴비화|퇴비|kompostitav\w*)\b,composting,"Finland - Jyväskylä, Laukaa, Muurame, Toivakka - Mustankorkea (composting facility) - Biohajoava, kompostoituva vai biopohjainen?"" (blog/guidance) | Blogit | https://www.mustankorkea.fi/blogit/biohajoavat-tuotteet",regex_include_exclude
[112],"Finland - Jyväskylä, Laukaa, Muurame, Toivakka - Mustankorkea (composting facility) - Biohajoava, kompostoituva vai biopohjainen?"" (blog/guidance)",Acceptance,Rejected,"(ikke|inte|må\s+ikke|skal\s+ikke|ei|ei\s+saa|ei\s+kuulu).{0,180}(komposterbar\w*|bioposer|bioplast|plast|biohajoava\w*|kompostoituva\w*|muovipakkauk\w*|kertak[äa]ytt[öo]astia)",eillä tarkoitetaan ja miten erilaiset tuotteet hajoavat luonnossa tai biojätteen joukossa. termit tutuksi biohajoavat,"ssi tai biohajoava kahvimuki tai siivousliina kuuluu kierrättää? Entä mitä tarkoittaa biopohjainen? Kysyimme asiantuntijoilta, mitä eri termeillä tarkoitetaan ja miten erilaiset tuotteet hajoavat luonnossa tai biojätteen joukossa. Termit tutuksi Biohajoavat muovit Biohajoavien tuotteiden lajittelu Esimerkkejä tuotteista Standardit ja sertifikaatit Luonnossa hajoaminen Mikromuovit Biohajoavia ja",regex_include_exclude
[112],"Finland - Jyväskylä, Laukaa, Muurame, Toivakka - Mustankorkea (composting facility) - Biohajoava, kompostoituva vai biopohjainen?"" (blog/guidance)",Certification and Approval Basis,OK compost HOME / NF T 51-800 / AS 5810,\bok\s*compost\s*home\b,ok compost home,"eissa riittävän nopeasti. Tämän vuoksi puhdistusliinat kannattaa kierrättää sekajätteenä ja pakkaus muovina. Standardeja ja sertifikaatteja OK Compost Home -sertifikaatti takaa, että tuotteen voi laittaa kotikompostiin tai biojätteeseen. Tuotteen kompostoituvuus on varmistettu kolmannen osapuol",regex_include_exclude
[112],"Finland - Jyväskylä, Laukaa, Muurame, Toivakka - Mustankorkea (composting facility) - Biohajoava, kompostoituva vai biopohjainen?"" (blog/guidance)",Rejection Rationale,Pre-treatment/screening/equipment constraint,(voorbehandeling|esik[äa]sittely|murskain|siebung|seulage|tamisage|시설|설비\s*고장|처리시설|분쇄|기계\s*부품|엉킴|纏繞後端處理設施|缠绕后端处理设施),esikäsittely,"kylässä, Laukaassa, Muuramessa tai Toivakassa biojätteen joukkoon ja ne ovat yli 2 millimetriä suurempia, niin ne poistetaan prosessista jo esikäsittelyn aikana biokaasulaitoksessa . Mustankorkean biojätelaitoksen laitospäällikkö Timo Kauton mukaan biojätteen joukkoon päätyykin todella paljo",regex_include_exclude
[113],"Ireland - National - MyWaste.ie (national waste guidance portal — government funded, operated by Regional Waste Management Planning Offices) - Brown bin collection service",Source Authority,National rule or policy,,,"Ireland - National - MyWaste.ie (national waste guidance portal — government funded, operated by Regional Waste Management Planning Offices) - Brown bin collection service | Brown bin collection service | https://mywaste.ie/dispose-waste/at-home/three-bin-system/brown-bin/brown-bin-collection-service/",source_label_priority
[113],"Ireland - National - MyWaste.ie (national waste guidance portal — government funded, operated by Regional Waste Management Planning Offices) - Brown bin collection service",Stated Organic-waste Treatment Route,AD/biogas + composting,"\b(compost|composting|kompost|compostaggio|compostaje|compostagem|kompostering|kompostointi|kompostiranje|κομποστοποίηση|堆肥|퇴비)\b.{0,180}\b(anaerobic\s+digestion|\bAD\b|biogas|biomethane|methani[sz]ation|m[ée]thanisation|biom[ée]thanisation|verg[äa]rung|vergisting|r[öo]tning|digestate|biog[öo]dsel|biog[øo]dning)\b",composting or anaerobic digestion (ad) here on the island of ireland. anaerobic digestion,ing to EN 13432. 6 – What happens to the food and garden waste from a brown bin once it is collected? The material from the brown bin is sent for composting or anaerobic digestion (AD) here on the island of Ireland. Anaerobic digestion processes food waste into a bio-gas – which in turn is used to generate electricity. 7 – When will brown bins be available for all ho,regex_include_exclude
[113],"Ireland - National - MyWaste.ie (national waste guidance portal — government funded, operated by Regional Waste Management Planning Offices) - Brown bin collection service",Acceptance,Accepted broadly,"\bcompostable\s+packaging\b.{0,180}\b(accepted|allowed|permitted|can\s+(?:also\s+)?be\s+placed|can\s+go|may\s+go|put\s+in|place\s+in)\b.{0,120}\b(brown\s+bin|green\s+bin|organic\s+waste|organics|biowaste|food\s+waste|compost(?:ing)?\s+bin)","compostable packaging and take away items such as cups, bowls and cutlery can also be placed in the brown bin. other items that can go into the brown bin","rapings, along with fruit and vegetable peelings. Out of date foods can also be placed in brown bin, remember all packaging must be removed. Compostable packaging and take away items such as cups, bowls and cutlery can also be placed in the brown bin. Other items that can go into the brown bin include food-soiled paper napkins, food soiled paper towels, pizza boxes as well as grass clippings and light garden waste i.e. clipping",regex_include_exclude_context_checked
[113],"Ireland - National - MyWaste.ie (national waste guidance portal — government funded, operated by Regional Waste Management Planning Offices) - Brown bin collection service",Certification and Approval Basis,EN 13432 / OK compost / Seedling,\b(en|din\s*en|uni\s*en|bs\s*en|nf\s*en)?\s*13432\b,en 13432,"s as well as grass clippings and light garden waste i.e. clippings, twigs and small branches. 5 – How can I check if packaging is compostable? EN 13432 is a European standard that specifies the requirements for packaging materials and products to be considered biodegradable and composta",regex_include_exclude
[113],"Ireland - National - MyWaste.ie (national waste guidance portal — government funded, operated by Regional Waste Management Planning Offices) - Brown bin collection service",Rejection Rationale,Not applicable - not a rejection/restriction case,,,,derived_from_acceptance
[114],"Ireland - Dún Laoghaire-Rathdown County - Dún Laoghaire-Rathdown County Council - Food Waste"" (waste guidance page)",Source Authority,"State, provincial, regional, or canton rule",,,"Ireland - Dún Laoghaire-Rathdown County - Dún Laoghaire-Rathdown County Council - Food Waste"" (waste guidance page) | Waste | https://www.dlrcoco.ie/recycling-waste/waste/food-waste",source_label_priority
[114],"Ireland - Dún Laoghaire-Rathdown County - Dún Laoghaire-Rathdown County Council - Food Waste"" (waste guidance page)",Stated Organic-waste Treatment Route,Composting,\b(composting|compost\s+facility|industrial\s+compost|in[- ]?vessel\s+compost|IVC|compostage|compostaggio|compostaje|compostagem|kompostierung|kompostering|kompostointi|kompostiranje|composteerinstallatie|composteerbaar|kompostownia|κομποστοποίηση|κομπόστ|堆肥化|堆肥|퇴비화|퇴비|kompostitav\w*)\b,composting,"icated on the packaging) should be used to line food waste bins (brown bin). Plastic bin liners/bags cannot be used as they contaminate the composting process. There are many ways to reduce food waste and save money, for example by carefully planning menus and sticking to a shopping list,",regex_include_exclude
[114],"Ireland - Dún Laoghaire-Rathdown County - Dún Laoghaire-Rathdown County Council - Food Waste"" (waste guidance page)",Acceptance,No clear organics route,"\b(no|not|without|lack(?:ing)?)\b.{0,120}\b(organic\s*waste|food\s*waste|biowaste|bio[- ]?waste|organics)\b.{0,120}\b(collection|route|service|infrastructure|facility|treatment|system)\b",no. 294 of 2024) impose a broad obligation on commercial premises where food waste arises to segregate this waste at source. all commercial premises must have a separate food waste collection service,"here . Commercial Food Waste: Current Obligations As of July 1, 2024, the Waste Management (Food Waste) (Amendment) Regulations 2024 (S.I. No. 294 of 2024) impose a broad obligation on commercial premises where food waste arises to segregate this waste at source. All commercial premises must have a separate food waste collection service from an authorised waste collector unless specifically exempted (see below). This robust framework ensures Ireland's compliance with the Eu",regex_include_exclude
[114],"Ireland - Dún Laoghaire-Rathdown County - Dún Laoghaire-Rathdown County Council - Food Waste"" (waste guidance page)",Certification and Approval Basis,EN 13432 / OK compost / Seedling,\b(en|din\s*en|uni\s*en|bs\s*en|nf\s*en)?\s*13432\b,en 13432,orised collector or compost it at home. Householders Must Not Put Food Waste In Their General Waste Bin. Only compostable bags certified to EN 13432 (indicated on the packaging) should be used to line food waste bins (brown bin). Plastic bin liners/bags cannot be used as they contaminate,regex_include_exclude
[114],"Ireland - Dún Laoghaire-Rathdown County - Dún Laoghaire-Rathdown County Council - Food Waste"" (waste guidance page)",Rejection Rationale,No compatible organic-treatment route,"\b(no|not|without|lack(?:ing)?)\b.{0,120}\b(organic\s*waste|food\s*waste|biowaste|bio[- ]?waste|organics)\b.{0,120}\b(collection|route|service|infrastructure|facility|treatment|system)\b",no. 294 of 2024) impose a broad obligation on commercial premises where food waste arises to segregate this waste at source. all commercial premises must have a separate food waste collection service,"here . Commercial Food Waste: Current Obligations As of July 1, 2024, the Waste Management (Food Waste) (Amendment) Regulations 2024 (S.I. No. 294 of 2024) impose a broad obligation on commercial premises where food waste arises to segregate this waste at source. All commercial premises must have a separate food waste collection service from an authorised waste collector unless specifically exempted (see below). This robust framework ensures Ireland's compliance with the Eu",regex_include_exclude
[115],"Mexico - Mexico City (CDMX) - Secretaría del Medio Ambiente, Ciudad de México (via Ley de Residuos Sólidos del CDMX and Reglamento) - Reglamento de la Ley de Residuos Sólidos del Distrito Federal"" (Artículo 32 Bis)",Source Authority,National rule or policy,,,"Mexico - Mexico City (CDMX) - Secretaría del Medio Ambiente, Ciudad de México (via Ley de Residuos Sólidos del CDMX and Reglamento) - Reglamento de la Ley de Residuos Sólidos del Distrito Federal"" (Artículo 32 Bis) | REGLAMENTO DE LA LEY DE RESIDUOS SÓLIDOS | https://paot.org.mx/centro/leyes-normas-htmls/reglamento-de-la-1054.html",source_label_priority
[115],"Mexico - Mexico City (CDMX) - Secretaría del Medio Ambiente, Ciudad de México (via Ley de Residuos Sólidos del CDMX and Reglamento) - Reglamento de la Ley de Residuos Sólidos del Distrito Federal"" (Artículo 32 Bis)",Stated Organic-waste Treatment Route,Treatment route not stated,,,,fallback_default
[115],"Mexico - Mexico City (CDMX) - Secretaría del Medio Ambiente, Ciudad de México (via Ley de Residuos Sólidos del CDMX and Reglamento) - Reglamento de la Ley de Residuos Sólidos del Distrito Federal"" (Artículo 32 Bis)",Acceptance,Collection liners only,"bolsas?\s+compostables?.{0,160}(?:permitidas?|autorizadas?|listado|planta\s+de\s+disposici[oó]n|residuos?\s+org[áa]nicos|materia\s+org[áa]nica)","bolsas compostables, evitando en todo momento su mezcla con los residuos inorgánicos. en aquellos casos que los residuos orgánicos",asificarse en: [99] I. Vidrio; II. Papel y cartón; III. Plásticos; IV. Aluminio y otros metales no peligrosos y laminados de materiales reciclables; V. Cerámicas; VI. Artículos de oficina y utensilios de cocina; VII. Derogado. [100] VIII. Ropa y textiles; IX. Sanitarios y pañales desechables; X. Otros no considerados como de manejo especial; y XI. Los demás que establezcan en forma conjunta la Secretaría y,regex_include_exclude_context_checked
[115],"Mexico - Mexico City (CDMX) - Secretaría del Medio Ambiente, Ciudad de México (via Ley de Residuos Sólidos del CDMX and Reglamento) - Reglamento de la Ley de Residuos Sólidos del Distrito Federal"" (Artículo 32 Bis)",Certification and Approval Basis,Generic compostable/biodegradable wording only,\b(compostable|biodegradable|industrially\s+compostable|certified\s+compostable|composteerbaar\w*|kompostierbar\w*|compostabil\w*|biod[ée]gradable\w*|biohajoava|kompostoituva|biolagunev\w*|biolo[šs]ko\s+razgradljiv\w*|kompostowaln\w*|biodegradowaln\w*)\b,compostable,"y desarrollo de las plantas, animales y seres humanos; [5] XXI Bis. Organismos Certificadores: Personas morales que tengan por objeto realizar funciones de certificación. [6] XXII. Plástico Compostable: Plástico susceptible a degradarse biológicamente produciendo dióxido de carbono, agu",regex_include_exclude
[115],"Mexico - Mexico City (CDMX) - Secretaría del Medio Ambiente, Ciudad de México (via Ley de Residuos Sólidos del CDMX and Reglamento) - Reglamento de la Ley de Residuos Sólidos del Distrito Federal"" (Artículo 32 Bis)",Rejection Rationale,Explicit no-packaging / positive-list restriction,(verbot|vietat|interdit|prohibid|positive\s+list|non\s+list[ée]s|ne\s+sont\s+pas\s+accept[ée]s|hors\s+sacs),prohibid,"as estaciones de transferencia. [104] Además, la Secretaría de Obras deberá contar con la infraestructura necesaria para la recepción de residuos de manejo especial que determine, conforme a lo establecido en la normatividad vigente. [105] Artículo 35 Bis. Se considerarán plásticos de",regex_include_exclude
[116],Chile - National (proposed framework) - Ministerio del Medio Ambiente — Estrategia Nacional de Residuos Orgánicos (ENRO) / Proyecto de Ley - Proyecto de Ley de Residuos Orgánicos en Chile,Source Authority,National rule or policy,,,Chile - National (proposed framework) - Ministerio del Medio Ambiente — Estrategia Nacional de Residuos Orgánicos (ENRO) / Proyecto de Ley - Proyecto de Ley de Residuos Orgánicos en Chile | Agroalimentación | https://greennetwork.cl/medioambiente/proyecto-de-ley-de-residuos-organicos-en-chile-un-paso-mas-hacia-la-sostenibilidad/,source_label_priority
[116],Chile - National (proposed framework) - Ministerio del Medio Ambiente — Estrategia Nacional de Residuos Orgánicos (ENRO) / Proyecto de Ley - Proyecto de Ley de Residuos Orgánicos en Chile,Stated Organic-waste Treatment Route,Composting,\b(composting|compost\s+facility|industrial\s+compost|in[- ]?vessel\s+compost|IVC|compostage|compostaggio|compostaje|compostagem|kompostierung|kompostering|kompostointi|kompostiranje|composteerinstallatie|composteerbaar|kompostownia|κομποστοποίηση|κομπόστ|堆肥化|堆肥|퇴비화|퇴비|kompostitav\w*)\b,compostaje,"n puerta a puerta de los restos vegetales, incorporar camiones especializados en el reciclaje de orgánicos, junto con promover proyectos de compostaje comunitario, entre otros. De acuerdo con datos del Ministerio del Medioambiente, se calcula que aproximadamente el 58% de los desechos domé",regex_include_exclude
[116],Chile - National (proposed framework) - Ministerio del Medio Ambiente — Estrategia Nacional de Residuos Orgánicos (ENRO) / Proyecto de Ley - Proyecto de Ley de Residuos Orgánicos en Chile,Acceptance,No explicit compostable-packaging rule,,,,fallback_default
[116],Chile - National (proposed framework) - Ministerio del Medio Ambiente — Estrategia Nacional de Residuos Orgánicos (ENRO) / Proyecto de Ley - Proyecto de Ley de Residuos Orgánicos en Chile,Certification and Approval Basis,No named standard/approval stated,,,,fallback_default
[116],Chile - National (proposed framework) - Ministerio del Medio Ambiente — Estrategia Nacional de Residuos Orgánicos (ENRO) / Proyecto de Ley - Proyecto de Ley de Residuos Orgánicos en Chile,Rejection Rationale,Not applicable - not a rejection/restriction case,,,,derived_from_acceptance
[117],"Israel - National - Ministry of Environmental Protection - In new push, government hopes to get Israelis to sort food waste"" (Times of Israel reporting on new draft regulations)",Source Authority,National rule or policy,,,"Israel - National - Ministry of Environmental Protection - In new push, government hopes to get Israelis to sort food waste"" (Times of Israel reporting on new draft regulations) | Advertisement | https://www.timesofisrael.com/in-new-push-government-hopes-to-get-israelis-to-sort-food-waste-from-other-trash/",source_label_priority
[117],"Israel - National - Ministry of Environmental Protection - In new push, government hopes to get Israelis to sort food waste"" (Times of Israel reporting on new draft regulations)",Stated Organic-waste Treatment Route,Composting,\b(composting|compost\s+facility|industrial\s+compost|in[- ]?vessel\s+compost|IVC|compostage|compostaggio|compostaje|compostagem|kompostierung|kompostering|kompostointi|kompostiranje|composteerinstallatie|composteerbaar|kompostownia|κομποστοποίηση|κομπόστ|堆肥化|堆肥|퇴비화|퇴비|kompostitav\w*)\b,composting,hatsapp Telegram Bluesky Reddit Print 1 Sue Surkes is The Times of Israel's environment reporter An illustrative photo of organic waste for composting. (Maerzkind via iStock by Getty Images) The Environmental Protection Ministry plans to begin pushing for organic waste to be separated from,regex_include_exclude
[117],"Israel - National - Ministry of Environmental Protection - In new push, government hopes to get Israelis to sort food waste"" (Times of Israel reporting on new draft regulations)",Acceptance,No clear organics route,"large[- ]?scale\s+composting\s+facilities.{0,120}do\s+not\s+yet\s+exist",large-scale composting facilities that meet international standards do not yet exist,"d, would ban landfill companies from burying organic matter that has not been treated for methane emissions beforehand (via different forms of composting). Because large-scale composting facilities that meet international standards do not yet exist in Israel, the ministry is inviting local authorities to bid for some of the NIS 600 million ($170 million) it has",regex_include_exclude
[117],"Israel - National - Ministry of Environmental Protection - In new push, government hopes to get Israelis to sort food waste"" (Times of Israel reporting on new draft regulations)",Certification and Approval Basis,No named standard/approval stated,,,,fallback_default
[117],"Israel - National - Ministry of Environmental Protection - In new push, government hopes to get Israelis to sort food waste"" (Times of Israel reporting on new draft regulations)",Rejection Rationale,No compatible organic-treatment route,"large[- ]?scale\s+composting\s+facilities.{0,120}do\s+not\s+yet\s+exist",large-scale composting facilities that meet international standards do not yet exist,"d, would ban landfill companies from burying organic matter that has not been treated for methane emissions beforehand (via different forms of composting). Because large-scale composting facilities that meet international standards do not yet exist in Israel, the ministry is inviting local authorities to bid for some of the NIS 600 million ($170 million) it has",regex_include_exclude
[118],Germany - Braunschweig - Stadt Braunschweig / Kompostierbare Kunststoffe in Biotonne,Source Authority,Municipal sorting rule,\b(city|municipal|municipality|commune|gemeente|gemeinde|borough|district|council|town|ville|stadt|ayuntamiento|comune|cidade|municipio|município|municipalidad|ciudad|miasto|urząd|alcald[ií]a|oslo|berlin|munich|hamburg|cologne|amsterdam|vienna|milan|barcelona|vigo|toronto|seattle|austin|san francisco|tokyo|seoul|prague|alimos|riga|krak[oó]w|toru[nń]|warsaw|bratislava|vilnius|ljubljana|maribor|christchurch|auckland|vitacura|las\s+palmas|brno|copenhagen|reykjav[ií]k|portland|new\s+york\s+city|minamata|zushi|providencia|santa\s+juana|wrocław|wroclaw)\b,stadt,Germany - Braunschweig - Stadt Braunschweig / Kompostierbare Kunststoffe in Biotonne | Zur Startseite springen | https://www.braunschweig.de/leben/wohnen_energie_abfall/u,metadata_regex + fallback_from_source_label
[118],Germany - Braunschweig - Stadt Braunschweig / Kompostierbare Kunststoffe in Biotonne,Stated Organic-waste Treatment Route,Composting,\b(composting|compost\s+facility|industrial\s+compost|in[- ]?vessel\s+compost|IVC|compostage|compostaggio|compostaje|compostagem|kompostierung|kompostering|kompostointi|kompostiranje|composteerinstallatie|composteerbaar|kompostownia|κομποστοποίηση|κομπόστ|堆肥化|堆肥|퇴비화|퇴비|kompostitav\w*)\b,kompostierung,"en in Norddeutschland): Unsere Braunschweiger Behandlungsanlage ist eine Biovergärungsanlage. Sie hat den enormen Vorteil, dass die bei der Kompostierung entstehenden Klimagase (Methan und CO2) aufgefangen und verwertet werden. Damit dieser Prozess funktioniert, muss er ""anaerob"", d.h. unter",regex_include_exclude
[118],Germany - Braunschweig - Stadt Braunschweig / Kompostierbare Kunststoffe in Biotonne,Acceptance,Rejected,"(plastik|kunststoff|bioplastik|biokunststoff|kompostierbare?\w*\s+(biobeutel|beutel|t[üu]ten)|verpackungen|folien|t[üu]ten).{0,180}(d[üu]rfen\s+nicht|geh[öo]ren\s+nicht|nicht\s+in\s+(die\s+)?biotonne|darf\s+nicht\s+rein|kein\s+plastik|verboten|nicht\s+ausreichend)",biokunststofftüten in der biotonne in braunschweig und im ganzen norden verboten,"Warum die für die Entsorgung in der Biotonne zertifizieren und von der Bioabfallverordnung [unter Vorbehalt!] zugelassenen kompostierbaren Biokunststofftüten in der Biotonne in Braunschweig und im ganzen Norden verboten sind: Es gibt unzählige Arten von biologisch abbaubaren/kompostierbaren Kunststoffbeuteln. Die ""beste"" verfügbare Zertifizierung stellt das",regex_include_exclude
[118],Germany - Braunschweig - Stadt Braunschweig / Kompostierbare Kunststoffe in Biotonne,Certification and Approval Basis,EN 13432 / OK compost / Seedling,\bseedling\b|\bkeimling\b|\bkiemplant(?:logo)?\b,keimling,"sind: Es gibt unzählige Arten von biologisch abbaubaren/kompostierbaren Kunststoffbeuteln. Die ""beste"" verfügbare Zertifizierung stellt das Keimlingssymbol in Kombination mit DINplus dar und wird häufig auch auch ""Zertifizierung nach der Bioabfallverordnung"" genannt: Und auch diese Zerti",regex_include_exclude
[118],Germany - Braunschweig - Stadt Braunschweig / Kompostierbare Kunststoffe in Biotonne,Rejection Rationale,Compost/digestate quality or contamination concern,\b(pfas|additive|chemical|toxic|toxicity|heavy\s+metal|fluorinated|substance|contaminant\s+chemicals?|harmful\s+substances?)\b,additive,"sogar nicht reguliert. Letztlich kann man derzeit keinen Kunststoff aus reinen organischen Anteilen herstellen. Es benötigt immer auch sog. Additive, so die Auskunft der ambitioniertesten Hersteller auf nachfrage durch die Stadt. [Weiter zu kompostierbaren Kaffeekapseln unter den folgend",regex_include_exclude
[119],Costa Rica - Alvarado - Municipalidad de Alvarado / Gestión Ambiental,Source Authority,Municipal sorting rule,,,Costa Rica - Alvarado - Municipalidad de Alvarado / Gestión Ambiental | Gestión Ambiental | Municipalidad de Alvarado | https://munialvarado.go.cr/index.php?id=33&option=com_content&view=article,source_label_priority
[119],Costa Rica - Alvarado - Municipalidad de Alvarado / Gestión Ambiental,Stated Organic-waste Treatment Route,Composting,\b(composting|compost\s+facility|industrial\s+compost|in[- ]?vessel\s+compost|IVC|compostage|compostaggio|compostaje|compostagem|kompostierung|kompostering|kompostointi|kompostiranje|composteerinstallatie|composteerbaar|kompostownia|κομποστοποίηση|κομπόστ|堆肥化|堆肥|퇴비화|퇴비|kompostitav\w*)\b,compostaje,"a hasta el Río Turrialba, Buena Vista hasta la casa de Rigoberto Serrano. Días de recolección Lunes Residuos orgánicos: Van para la planta de Compostaje. Residuos de jardín Residuos de Frutas y Vegetales Cáscaras de huevo, frutas y verduras. Filtros de café y té. Martes Residuos ordinarios",regex_include_exclude
[119],Costa Rica - Alvarado - Municipalidad de Alvarado / Gestión Ambiental,Acceptance,No explicit compostable-packaging rule,,,,fallback_default
[119],Costa Rica - Alvarado - Municipalidad de Alvarado / Gestión Ambiental,Certification and Approval Basis,No named standard/approval stated,,,,fallback_default
[119],Costa Rica - Alvarado - Municipalidad de Alvarado / Gestión Ambiental,Rejection Rationale,Not applicable - not a rejection/restriction case,,,,derived_from_acceptance
[120],Costa Rica - municipal composting guide / REPIC-SKAT municipal source,Source Authority,Municipal sorting rule,\b(city|municipal|municipality|commune|gemeente|gemeinde|borough|district|council|town|ville|stadt|ayuntamiento|comune|cidade|municipio|município|municipalidad|ciudad|miasto|urząd|alcald[ií]a|oslo|berlin|munich|hamburg|cologne|amsterdam|vienna|milan|barcelona|vigo|toronto|seattle|austin|san francisco|tokyo|seoul|prague|alimos|riga|krak[oó]w|toru[nń]|warsaw|bratislava|vilnius|ljubljana|maribor|christchurch|auckland|vitacura|las\s+palmas|brno|copenhagen|reykjav[ií]k|portland|new\s+york\s+city|minamata|zushi|providencia|santa\s+juana|wrocław|wroclaw)\b,municipal,Costa Rica - municipal composting guide / REPIC-SKAT municipal source | Guía para el compostaje de residuos orgánicos procedentes de la recolección municipal | ht,metadata_regex + fallback_from_source_label
[120],Costa Rica - municipal composting guide / REPIC-SKAT municipal source,Stated Organic-waste Treatment Route,Composting,\b(composting|compost\s+facility|industrial\s+compost|in[- ]?vessel\s+compost|IVC|compostage|compostaggio|compostaje|compostagem|kompostierung|kompostering|kompostointi|kompostiranje|composteerinstallatie|composteerbaar|kompostownia|κομποστοποίηση|κομπόστ|堆肥化|堆肥|퇴비화|퇴비|kompostitav\w*)\b,composting,Costa Rica - municipal composting guide / REPIC-SKAT municipal source | Guía para el compostaje de residuos orgánicos procedentes de la recolección municipal | https://skat.,regex_include_exclude
[120],Costa Rica - municipal composting guide / REPIC-SKAT municipal source,Acceptance,Rejected,"(?:bolsas\s+pl[áa]sticas).{0,120}(?:deben\s+abrirse|vaciarse|retirar\s+el\s+pl[áa]stico)","bolsas plásticas, éstas deben abrirse con un cuchillo inmediatamente después de la entrega, vaciarse y retirar el plástico","que se sugiere que sean descarga- dos en un área cubierta y encerrada, para evitar que ingresen a la planta. Si el material es entregado en bolsas plásticas, éstas deben abrirse con un cuchillo inmediatamente después de la entrega, vaciarse y retirar el plástico. 8 Guía para el compostaje de residuos orgánicos procedentes de la recolección municipal --- Page 9 --- 2.3. Mezcla inicial y material de",regex_include_exclude
[120],Costa Rica - municipal composting guide / REPIC-SKAT municipal source,Certification and Approval Basis,No named standard/approval stated,,,,fallback_default
[120],Costa Rica - municipal composting guide / REPIC-SKAT municipal source,Rejection Rationale,Reason not explicitly stated,,,,fallback_default
[121],Estonia - Tallinn - City of Tallinn / Bio-waste,Source Authority,Municipal sorting rule,\b(city|municipal|municipality|commune|gemeente|gemeinde|borough|district|council|town|ville|stadt|ayuntamiento|comune|cidade|municipio|município|municipalidad|ciudad|miasto|urząd|alcald[ií]a|oslo|berlin|munich|hamburg|cologne|amsterdam|vienna|milan|barcelona|vigo|toronto|seattle|austin|san francisco|tokyo|seoul|prague|alimos|riga|krak[oó]w|toru[nń]|warsaw|bratislava|vilnius|ljubljana|maribor|christchurch|auckland|vitacura|las\s+palmas|brno|copenhagen|reykjav[ií]k|portland|new\s+york\s+city|minamata|zushi|providencia|santa\s+juana|wrocław|wroclaw)\b,city,Estonia - Tallinn - City of Tallinn / Bio-waste | Bio-waste | Tallinn | https://www.tallinn.ee/en/keskkond/bio-waste,metadata_regex + fallback_from_source_label
[121],Estonia - Tallinn - City of Tallinn / Bio-waste,Stated Organic-waste Treatment Route,Composting,\b(composting|compost\s+facility|industrial\s+compost|in[- ]?vessel\s+compost|IVC|compostage|compostaggio|compostaje|compostagem|kompostierung|kompostering|kompostointi|kompostiranje|composteerinstallatie|composteerbaar|kompostownia|κομποστοποίηση|κομπόστ|堆肥化|堆肥|퇴비화|퇴비|kompostitav\w*)\b,composting,"kitchen and canteen waste on-site in a closed composter (a box closed on all sides, suitable for year-round use) and receive permission for composting from their distri",regex_include_exclude
[121],Estonia - Tallinn - City of Tallinn / Bio-waste,Acceptance,No clear organics route,"\b(no|not|without|lack(?:ing)?)\b.{0,120}\b(organic\s*waste|food\s*waste|biowaste|bio[- ]?waste|organics)\b.{0,120}\b(collection|route|service|infrastructure|facility|treatment|system)\b",not throw a plastic bag into the bio-waste container. to prevent soiling of the collection,"in the bio-waste container, i.e. bio-waste may only be thrown into the container in a bag made of paper or other biodegradable material. Do not throw a plastic bag into the bio-waste container. To prevent soiling of the collection bin, it is possible to order a lining bag made of biodegradable material from the hauler, which is installed after each emptying. Compost m",regex_include_exclude
[121],Estonia - Tallinn - City of Tallinn / Bio-waste,Certification and Approval Basis,Generic compostable/biodegradable wording only,\b(compostable|biodegradable|industrially\s+compostable|certified\s+compostable|composteerbaar\w*|kompostierbar\w*|compostabil\w*|biod[ée]gradable\w*|biohajoava|kompostoituva|biolagunev\w*|biolo[šs]ko\s+razgradljiv\w*|kompostowaln\w*|biodegradowaln\w*)\b,biodegradable,"industry that is similar in composition and nature to bio-waste generated in households; Garden and landscape waste (waste code 20 02 01) – biodegradable waste such as grass, leaves, fine branches, etc., generated during the maintenance of gardens and green areas. Bio-waste must be collected",regex_include_exclude
[121],Estonia - Tallinn - City of Tallinn / Bio-waste,Rejection Rationale,No compatible organic-treatment route,"\b(no|not|without|lack(?:ing)?)\b.{0,120}\b(organic\s*waste|food\s*waste|biowaste|bio[- ]?waste|organics)\b.{0,120}\b(collection|route|service|infrastructure|facility|treatment|system)\b",not throw a plastic bag into the bio-waste container. to prevent soiling of the collection,"in the bio-waste container, i.e. bio-waste may only be thrown into the container in a bag made of paper or other biodegradable material. Do not throw a plastic bag into the bio-waste container. To prevent soiling of the collection bin, it is possible to order a lining bag made of biodegradable material from the hauler, which is installed after each emptying. Compost m",regex_include_exclude
[122],Estonia - Tartu - Tartu City Government / organised municipal waste transport,Source Authority,Municipal sorting rule,,,Estonia - Tartu - Tartu City Government / organised municipal waste transport | Korraldatud jäätmevedu | Tartu linn | https://tartu.ee/et/korraldatud-olmejaatmevedu,source_label_priority
[122],Estonia - Tartu - Tartu City Government / organised municipal waste transport,Stated Organic-waste Treatment Route,Treatment route not stated,,,,fallback_default
[122],Estonia - Tartu - Tartu City Government / organised municipal waste transport,Acceptance,Rejected,"(förpackningar|emballasje|emballage|pakkaukset|pakend|maisto\s+pakuot\w*).{0,180}(inte|ikke|må\s+ikke|ei|ei\s+saa|ei\s+kuulu|not\s+allowed)",pakendikeskuse asi poes ning erinevates e-poodides. nei,"iki jäätmeid panna ei tohi, vastasel juhul jäätmevedaja kotti kaasa ei võta. Aiajäätmete kogumiseks sobivaid läbipaistvaid kilekotte müüakse Pakendikeskuse ASi poes ning erinevates e-poodides. Neid pakub müügiks ka AS Eesti Keskkonnateenused oma kontorist Tähe 108, E-R kl 9-17 (150liitrised kotid, 10 tükki rullis, hind 2,50€ + käibem",regex_include_exclude
[122],Estonia - Tartu - Tartu City Government / organised municipal waste transport,Certification and Approval Basis,Generic compostable/biodegradable wording only,\b(compostable|biodegradable|industrially\s+compostable|certified\s+compostable|composteerbaar\w*|kompostierbar\w*|compostabil\w*|biod[ée]gradable\w*|biohajoava|kompostoituva|biolagunev\w*|biolo[šs]ko\s+razgradljiv\w*|kompostowaln\w*|biodegradowaln\w*)\b,biolagunevaid,"ning jäätmevedajatel on oma piirkondades ainuõigus vedada segaolmejäätmeid, vanapaberit ja pappi (alates viie korteriga majade juurest) ning biolagunevaid köögi- ja sööklajäätmeid (alates kümne korteriga majade juurest). Jäätmeseaduse järgi on korraldatud jäätmevedu kõigile kohustuslik. Jäätm",regex_include_exclude
[122],Estonia - Tartu - Tartu City Government / organised municipal waste transport,Rejection Rationale,Reason not explicitly stated,,,,fallback_default
[123],Estonia - Rakvere - Rakvere City / waste sorting guidance,Source Authority,Municipal sorting rule,\b(city|municipal|municipality|commune|gemeente|gemeinde|borough|district|council|town|ville|stadt|ayuntamiento|comune|cidade|municipio|município|municipalidad|ciudad|miasto|urząd|alcald[ií]a|oslo|berlin|munich|hamburg|cologne|amsterdam|vienna|milan|barcelona|vigo|toronto|seattle|austin|san francisco|tokyo|seoul|prague|alimos|riga|krak[oó]w|toru[nń]|warsaw|bratislava|vilnius|ljubljana|maribor|christchurch|auckland|vitacura|las\s+palmas|brno|copenhagen|reykjav[ií]k|portland|new\s+york\s+city|minamata|zushi|providencia|santa\s+juana|wrocław|wroclaw)\b,city,Estonia - Rakvere - Rakvere City / waste sorting guidance | Jäätmete liigiti kogumine | Rakvere Linnavalitsus | https://rakvere.ee/jaatmete-sorteerimine,metadata_regex + fallback_from_source_label
[123],Estonia - Rakvere - Rakvere City / waste sorting guidance,Stated Organic-waste Treatment Route,Treatment route not stated,,,,fallback_default
[123],Estonia - Rakvere - Rakvere City / waste sorting guidance,Acceptance,Rejected,"(ikke|inte|må\s+ikke|skal\s+ikke|ei|ei\s+saa|ei\s+kuulu).{0,180}(komposterbar\w*|bioposer|bioplast|plast|biohajoava\w*|kompostoituva\w*|muovipakkauk\w*|kertak[äa]ytt[öo]astia)","ei sobi: plasttooted hügieenisidemed ja mähkmed mänguasjad kummitooted riided, kingad ehitusmaterjal põllumajanduslik plast","suitsupakid tühjad kodukemikaalide pudelid ja värvipurgid (pesuvahendite pudelid ja -kotid jmt) pudelid ilma tagatise märgistuseta Pakendisse ei sobi: plasttooted hügieenisidemed ja mähkmed mänguasjad kummitooted riided, kingad ehitusmaterjal põllumajanduslik plast ohtlikke aineid sisaldavad pakendid ohtlike ainetega saastunud pakendid (näiteks liim, värv, lahusti) pakendid, mis sisaldsid toodet, mis",regex_include_exclude
[123],Estonia - Rakvere - Rakvere City / waste sorting guidance,Certification and Approval Basis,Generic compostable/biodegradable wording only,\b(compostable|biodegradable|industrially\s+compostable|certified\s+compostable|composteerbaar\w*|kompostierbar\w*|compostabil\w*|biod[ée]gradable\w*|biohajoava|kompostoituva|biolagunev\w*|biolo[šs]ko\s+razgradljiv\w*|kompostowaln\w*|biodegradowaln\w*)\b,biolaguneva,"mõõtmete või kuju tõttu võivad ohustada mahutit, veokit või vedajat Biojäätmed Biojäätmed tuleb panna konteinerisse lahtiselt, paberkotis või biolaguneva ja komposteeruva kotiga. Biojäätmetesse sobivad: riknenud toit ja toidujäätmed (sh kartulikoored, pagari- ja kondiitritooted, piimatooted",regex_include_exclude
[123],Estonia - Rakvere - Rakvere City / waste sorting guidance,Rejection Rationale,Reason not explicitly stated,,,,fallback_default
[124],Slovenia - Ljubljana - JP VOKA SNAGA / biodegradable bio-organic waste guidance,Source Authority,Waste operator or treatment-facility rule,\b(facility|plant|operator|hauler|collector|processor|composter|composting facility|anaerobic|biogas|waste[- ]company|waste company|public utility|recology|wm\b|awm\b|awb\b|bsr\b|stadtreinigung|milieu|hvc|rd4|gesenu|contarina|salerno pulita|mohu|tratolixo|mustankorkea|biorepack|suez|veolia|envar|mywaste|pražské\s+služby|mpo\b|olo\s+a\.s\.|jp\s+voka\s+snaga|vasa\b|getliņi|getlini|voka\s+snaga|intradel|hygea|komunala\s+kranj|minett\s+kompost|calgary|halifax|reykjav[ií]k)\b,jp voka snaga,Slovenia - Ljubljana - JP VOKA SNAGA / biodegradable bio-organic waste guidance | Biowaste | JP VOKA SNAGA | https://www.vokasnaga.si/en/separating-and-collecting-waste/biodegr,metadata_regex + fallback_from_source_label
[124],Slovenia - Ljubljana - JP VOKA SNAGA / biodegradable bio-organic waste guidance,Stated Organic-waste Treatment Route,AD/biogas + composting,"\b(anaerobic\s+digestion|\bAD\b|biogas|biomethane|methani[sz]ation|m[ée]thanisation|biom[ée]thanisation|verg[äa]rung|vergisting|r[öo]tning|digestate|biog[öo]dsel|biog[øo]dning)\b.{0,180}\b(compost|composting|kompost|compostaggio|compostaje|compostagem|kompostering|kompostointi|kompostiranje|κομποστοποίηση|堆肥|퇴비)",biogas and compost,"tion schedule Rights and obligations of the users Ljubljana Regional Waste Management Centre Mixed municipal waste Converting biowaste into biogas and compost Public space management Cleaning public areas Green areas Public restrooms Tivoli, Rožnik and Šiška hill Landscape park Zero Waste Waste pr",regex_include_exclude
[124],Slovenia - Ljubljana - JP VOKA SNAGA / biodegradable bio-organic waste guidance,Acceptance,Collection liners only,"\b(compostable|biodegradable|paper)\s+(bag|liner|sack)s?\b.{0,160}\b(food[- ]?waste|bio[- ]?waste|organic\s*waste|kitchen\s*caddy|brown\s+bin)","paper bags; cut greenery, grass and leaves; old spent potting soil, flowers and weeds; litter of small plant-eating animals; and wood ashes. it is best to collect biowaste","ble and fruit waste; eggshells; coffee dregs and filter bags; spoiled food; cooked food remains and rotten fruit; tissues, paper towels and paper bags; cut greenery, grass and leaves; old spent potting soil, flowers and weeds; litter of small plant-eating animals; and wood ashes. It is best to collect biowaste in paper, biodegradable polyethylene or biodegradable corn (or other plant) starch bags. Since these are 100% degradable under the effects",regex_include_exclude_context_checked
[124],Slovenia - Ljubljana - JP VOKA SNAGA / biodegradable bio-organic waste guidance,Certification and Approval Basis,Generic compostable/biodegradable wording only,\b(compostable|biodegradable|industrially\s+compostable|certified\s+compostable|composteerbaar\w*|kompostierbar\w*|compostabil\w*|biod[ée]gradable\w*|biohajoava|kompostoituva|biolagunev\w*|biolo[šs]ko\s+razgradljiv\w*|kompostowaln\w*|biodegradowaln\w*)\b,biodegradable,Slovenia - Ljubljana - JP VOKA SNAGA / biodegradable bio-organic waste guidance | Biowaste | JP VOKA SNAGA | https://www.vokasnaga.si/en/separating-and-collecting-waste/biodegradable-bio-organ,regex_include_exclude
[124],Slovenia - Ljubljana - JP VOKA SNAGA / biodegradable bio-organic waste guidance,Rejection Rationale,Compost/digestate quality or contamination concern,\b(compost\s+quality|digestate\s+quality|microplastic|microplastics|contamination|contaminant|foreign\s+matter|residue|pollutant|clean\s+compost|soil|agricultural\s+use|quality\s+standard|fertiliser|fertilizer|impurity|physical\s+contamination|quality\s+control|nutrient|nutritional\s+value|soil\s+amendment)\b,soil,"spoiled food; cooked food remains and rotten fruit; tissues, paper towels and paper bags; cut greenery, grass and leaves; old spent potting soil, flowers and weeds; litter of small plant-eating animals; and wood ashes. It is best to collect biowaste in paper, biodegradable polyethyle",regex_include_exclude
[125],"South Korea - Dobong-gu, Seoul - household waste disposal guide",Source Authority,Municipal sorting rule,\b(city|municipal|municipality|commune|gemeente|gemeinde|borough|district|council|town|ville|stadt|ayuntamiento|comune|cidade|municipio|município|municipalidad|ciudad|miasto|urząd|alcald[ií]a|oslo|berlin|munich|hamburg|cologne|amsterdam|vienna|milan|barcelona|vigo|toronto|seattle|austin|san francisco|tokyo|seoul|prague|alimos|riga|krak[oó]w|toru[nń]|warsaw|bratislava|vilnius|ljubljana|maribor|christchurch|auckland|vitacura|las\s+palmas|brno|copenhagen|reykjav[ií]k|portland|new\s+york\s+city|minamata|zushi|providencia|santa\s+juana|wrocław|wroclaw)\b,seoul,"South Korea - Dobong-gu, Seoul - household waste disposal guide | 생활폐기물 배출안내 | 도봉구 | https://www.dobong.go.kr/subsite/waste/Contents.asp?code=10007358",metadata_regex + fallback_from_source_label
[125],"South Korea - Dobong-gu, Seoul - household waste disposal guide",Stated Organic-waste Treatment Route,Other organic recovery,\b(animal\s+feed|feedstock|valorisation|valorization|rendering|black\s+soldier\s+fly|insect|food\s+waste\s+recycling|resource\s+recovery|자원화|사료화)\b,자원화,리 일회용품 규제 안내 빈용기보증금제도 안내 공동주택 재활용품 표준계약서 재활용품 무인회수기 이용안내 재활용품 보상교환 사업 음식물쓰레기처리 음식물쓰레기 배출 안내 음식물쓰레기 다량배출사업장 음식물쓰레기 세대별 종량제(RFID) 시행 안내 음식물쓰레기 자원화 안내 음식물쓰레기 줄이기 대형폐기물배출 배출안내/신청 공지사항 소형폐가전 배출 신청안내 배출신청 소형폐가전배출 품목 FAQ 정화조 정화조 청소 안내 정화조 청소 수수료 지원 공기공급장치 설치의무 안내 정화조 청소기간 연장 신청 정화조 설치(변경)신,regex_include_exclude
[125],"South Korea - Dobong-gu, Seoul - household waste disposal guide",Acceptance,Rejected,"(可堆肥|可降解|生分解|塑料|塑膠|プラスチック|생분해|플라스틱|비닐).{0,100}(不(?:可|能|得)|不能|不可|請勿|不要|禁止|一般ごみ|燃えるごみ|종량제|일반쓰레기|배출불가)","비닐봉투 사용) 종이류 신문지, 종이컵, 책자, 노투, 종이쇼핑백, 달력, 상자류(골판지, 과자 포장상자), 종이봉투, 포장재 등(비닐코팅된 종이는 종량제","(은박지, 티백, 박스에 붙인 테이프, 뼈·껍데기, 나무젓가락, 이쑤시개, 카드영수증, 분리배출 표시없는 의약품 포장대 등) 특수규격봉투 (PP마대) 태우면 안되는 쓰레기 종류 (파손된 형광등, 깨진 유리·병·사기·도자기·화분·변기 등) 재활용품 (투명비닐봉투 사용) 종이류 신문지, 종이컵, 책자, 노투, 종이쇼핑백, 달력, 상자류(골판지, 과자 포장상자), 종이봉투, 포장재 등(비닐코팅된 종이는 종량제봉투에 담아 배출, 노트의 스프링, 박스에 붙은 테이프, 철핀 등은 제거) 비닐류 포장재(커피믹스, 과자, 빵, 라면, 세제, 의약품류)봉지. 한약팩, 1회용 비닐봉투, 위생장갑 등 깨끗한 비닐) (철)캔류 부탄가스, 살충제용기, 식료품캔, 고철류(",regex_include_exclude
[125],"South Korea - Dobong-gu, Seoul - household waste disposal guide",Certification and Approval Basis,Government/programme approval,(専用袋|指定袋|市が回収|전용봉투|종량제봉투|专用袋|專用袋|orange\s+bag|oranžin\w*\s+maišel\w*),종량제봉투,"te/Contents.asp?code=10007358 Text extraction: from raw HTML/PDF archive file, rebuilt 2026-05-26 생활쓰레기처리 > 생활폐기물 배출안내 본문바로가기 로그인 도봉구청 사이트맵 종량제봉투 생활쓰레기처리 생활폐기물 배출안내 청소대행업체 현황 청소시설 현황 환경공무관이 하는일 쓰레기줄이기 바로알기 재활용하기 재활용품 배출방법 폐형광등/폐건전지 배출안내 의무사업장 재활용품 처리 일회용품 규제 안내 빈용기보증금제도 안내 공동주택 재활용품",regex_include_exclude
[125],"South Korea - Dobong-gu, Seoul - household waste disposal guide",Rejection Rationale,Pre-treatment/screening/equipment constraint,(voorbehandeling|esik[äa]sittely|murskain|siebung|seulage|tamisage|시설|설비\s*고장|처리시설|분쇄|기계\s*부품|엉킴|纏繞後端處理設施|缠绕后端处理设施),시설,"traction: from raw HTML/PDF archive file, rebuilt 2026-05-26 생활쓰레기처리 > 생활폐기물 배출안내 본문바로가기 로그인 도봉구청 사이트맵 종량제봉투 생활쓰레기처리 생활폐기물 배출안내 청소대행업체 현황 청소시설 현황 환경공무관이 하는일 쓰레기줄이기 바로알기 재활용하기 재활용품 배출방법 폐형광등/폐건전지 배출안내 의무사업장 재활용품 처리 일회용품 규제 안내 빈용기보증금제도 안내 공동주택 재활용품 표준계약서 재활용품 무인회수기 이용안내 재활용품 보상교환 사업",regex_include_exclude
[126],South Korea - Busan Metropolitan City - recycling/separation public guidance,Source Authority,Intermunicipal or regional waste authority,,,South Korea - Busan Metropolitan City - recycling/separation public guidance | 생활쓰레기 줄이기 홍보관 | 부산광역시 | https://www.busan.go.kr/depart/ahwasteinfo01,source_label_priority
[126],South Korea - Busan Metropolitan City - recycling/separation public guidance,Stated Organic-waste Treatment Route,Treatment route not stated,,,,fallback_default
[126],South Korea - Busan Metropolitan City - recycling/separation public guidance,Acceptance,Rejected,"(可堆肥|可降解|生分解|塑料|塑膠|プラスチック|생분해|플라스틱|비닐).{0,100}(不(?:可|能|得)|不能|不可|請勿|不要|禁止|一般ごみ|燃えるごみ|종량제|일반쓰레기|배출불가)",비닐봉지는 종량제,"주각식단표를 짜고, 메모해서 장을 보면 버리는 식재료가 줄어듭니다. 딱딱딱 음식은 딱 맞게 조리하세요 먹을만큼 조리하고 필요한만큼 덜어먹으면 버리는 음식이 줄어듭니다. 꾹꾹꾹 젖은 음식쓰레기는 꾹 짜서 버려주세요 동물뼈, 조개껍질 이물질 등과 오염된 비닐봉지는 종량제 봉투에 버려 주세요 꼭딱꾹 이면 음식쓰레기 고민 싹~ 음식물쓰레기 줄이기 캠페인(2편) 자막 음식물쓰레기 줄이기 캠페인(2편) 모두가 부러워 하는 대한민국의 1위들.. 그러나 진정으로 자랑스러운 1위는.. 음식물쓰레기 배출량 ""최소 1위""입니다.",regex_include_exclude
[126],South Korea - Busan Metropolitan City - recycling/separation public guidance,Certification and Approval Basis,No named standard/approval stated,,,,fallback_default
[126],South Korea - Busan Metropolitan City - recycling/separation public guidance,Rejection Rationale,Slow degradation / residence-time mismatch,"(rottezeit|zersetzungszeit|nicht\s+sicher\s+vollst[äa]ndig\s+biologisch\s+abgebaut|langer\s+dan\s+het\s+proces|proces\s+te\s+kort|te\s+langzaam\s+af|breekt\s+te\s+langzaam|langzaam\s+afbre|biohajoava.{0,80}hidas|hitaan\s+maatumis|ikke\s+brytes\s+ned|brytes\s+ikke\s+ned|inte\s+bryts\s+ner|för\s+långsamt|nedbrytning|분해|퇴비화할|可降解塑料袋.{0,80}降解的速度比厨余垃圾慢)",분해,"니다. 과자나 포장 상자 등의 상자류는 표면에 붙어있는 테이프, 철핀 등을 제거한 후 압착해 배출합니다. 종이팩은 신문이나 잡지 등의 일반 종이와는 반드시 따로 분리배출 해야 합니다. 재질이 다른 비닐 등이 코팅된 종이팩을 종이와 함께 배출했을 경우, 분해시간이 달라 재활용 공정 중 다시 쓰레기가 되어 버려집니다. 우유팩이나 음료수팩, 종이컵은 내용물을 비운 뒤 물로 헹군 뒤 말려 가능하면 압축해서 배출합니다. 종이팩은 미국 캐나다 등 대부분 외국에서 수입한 자원으로 재활용 되어지며, 고급화장지, 냅",regex_include_exclude
[127],"Canada - Halifax, Nova Scotia - Green carts, leaf and yard material",Source Authority,"State, provincial, regional, or canton rule",\b(state|province|provincial|regional|region|canton|county|prefecture|autonomous|landkreis|d[ée]partement|departement|flanders|wallonia|catalonia|california|ontario|quebec|québec|nova\s+scotia|alberta|busan\s+metropolitan|kumamoto\s+prefecture|kanagawa\s+prefecture)\b,nova scotia,"Canada - Halifax, Nova Scotia - Green carts, leaf and yard material | Green carts, leaf and yard material | https://www.halifax.ca/home-property/garbage-recycling-green-",metadata_regex + fallback_from_source_label
[127],"Canada - Halifax, Nova Scotia - Green carts, leaf and yard material",Stated Organic-waste Treatment Route,Composting,\b(composting|compost\s+facility|industrial\s+compost|in[- ]?vessel\s+compost|IVC|compostage|compostaggio|compostaje|compostagem|kompostierung|kompostering|kompostointi|kompostiranje|composteerinstallatie|composteerbaar|kompostownia|κομποστοποίηση|κομπόστ|堆肥化|堆肥|퇴비화|퇴비|kompostitav\w*)\b,composting,"Christmas trees will be collected on your regular green cart collection day. Remove all wires, nails, and stands. Trees cannot be in a bag. Composting at home: Backyard composting is an easy way to return nutrients to your gardens and doesn’t require a special container to start. Vermicom",regex_include_exclude
[127],"Canada - Halifax, Nova Scotia - Green carts, leaf and yard material",Acceptance,Collection liners only,"\b(use|can\s+use|may\s+use|allowed\s+to\s+use|line|pack|collect|wrap)\b.{0,160}\b(compostable|bioplastic|biodegradable|paper)\s+(bag|liner|sack)s?",line your green cart with a yard waste paper bag,"ttention of wildlife. Follow these tips to help reduce the chance a green cart is one of them. Place wet food waste in boxboard or newspaper Line your green cart with a yard waste paper bag to help absorb moisture Place the green cart curbside each collection day, even if it isn’t full Store cart in a ventilated, shady locatio",regex_include_exclude_context_checked
[127],"Canada - Halifax, Nova Scotia - Green carts, leaf and yard material",Certification and Approval Basis,Generic compostable/biodegradable wording only,\b(compostable|biodegradable|industrially\s+compostable|certified\s+compostable|composteerbaar\w*|kompostierbar\w*|compostabil\w*|biod[ée]gradable\w*|biohajoava|kompostoituva|biolagunev\w*|biolo[šs]ko\s+razgradljiv\w*|kompostowaln\w*|biodegradowaln\w*)\b,compostable,"stic coating) Tip: Use boxboard or one sheet of newspaper to wrap wet food waste. What doesn't belong in the green cart: NO plastic bags or 'compostable' or 'biodegradable' plastic products No ""biodegradable"" coffee cups No paper coffee cups No ""biodegradable"" plastic cups or packaging NO p",regex_include_exclude
[127],"Canada - Halifax, Nova Scotia - Green carts, leaf and yard material",Rejection Rationale,Compost/digestate quality or contamination concern,\b(compost\s+quality|digestate\s+quality|microplastic|microplastics|contamination|contaminant|foreign\s+matter|residue|pollutant|clean\s+compost|soil|agricultural\s+use|quality\s+standard|fertiliser|fertilizer|impurity|physical\s+contamination|quality\s+control|nutrient|nutritional\s+value|soil\s+amendment)\b,soil,"y products fat, cooking oil, and grease bread, rice, pasta coffee grounds, filters, tea bags eggshells food napkins kitchen paper towels and soiled paper wooden cutlery (100% wood, no coating) paper plates (no plastic coating) Tip: Use boxboard or one sheet of newspaper to wrap wet f",regex_include_exclude
[128],"Canada - Calgary, Alberta - What can go in your green cart",Source Authority,"State, provincial, regional, or canton rule",,,"Canada - Calgary, Alberta - What can go in your green cart | What can go in your green cart | https://www.calgary.ca/waste/residential/what-can-go-in-green-cart.html",source_label_priority
[128],"Canada - Calgary, Alberta - What can go in your green cart",Stated Organic-waste Treatment Route,Composting,\b(composting|compost\s+facility|industrial\s+compost|in[- ]?vessel\s+compost|IVC|compostage|compostaggio|compostaje|compostagem|kompostierung|kompostering|kompostointi|kompostiranje|composteerinstallatie|composteerbaar|kompostownia|κομποστοποίηση|κομπόστ|堆肥化|堆肥|퇴비화|퇴비|kompostitav\w*)\b,composting,at can go in your green cart What can't go in your green cart Preparing your food and yard waste Compostable bag liners Compost giveaway How composting works Reducing food waste Cart schedule and customer service What Goes Where search tool Programs and services Properties and neighbourhoo,regex_include_exclude
[128],"Canada - Calgary, Alberta - What can go in your green cart",Acceptance,Collection liners only,"\b(use|can\s+use|may\s+use|allowed\s+to\s+use|line|pack|collect|wrap)\b.{0,160}\b(compostable|bioplastic|biodegradable|paper)\s+(bag|liner|sack)s?",can use certified compostable bags,"gshells Milk, cheese, sour cream and dairy products Condiments, sauces, gravy and jams Nuts, seeds, chips, popcorn and candy Preparation You can use certified compostable bags to hold all food scraps. All food must be separated from packaging. See our list of available bags brands and retailers Plate scrapings Mo",regex_include_exclude_context_checked
[128],"Canada - Calgary, Alberta - What can go in your green cart",Certification and Approval Basis,Generic compostable/biodegradable wording only,\b(compostable|biodegradable|industrially\s+compostable|certified\s+compostable|composteerbaar\w*|kompostierbar\w*|compostabil\w*|biod[ée]gradable\w*|biohajoava|kompostoituva|biolagunev\w*|biolo[šs]ko\s+razgradljiv\w*|kompostowaln\w*|biodegradowaln\w*)\b,compostable,st pickup Green cart Menu Menu Green cart What can go in your green cart What can't go in your green cart Preparing your food and yard waste Compostable bag liners Compost giveaway How composting works Reducing food waste Cart schedule and customer service What Goes Where search tool Progra,regex_include_exclude
[128],"Canada - Calgary, Alberta - What can go in your green cart",Rejection Rationale,Compost/digestate quality or contamination concern,\b(compost\s+quality|digestate\s+quality|microplastic|microplastics|contamination|contaminant|foreign\s+matter|residue|pollutant|clean\s+compost|soil|agricultural\s+use|quality\s+standard|fertiliser|fertilizer|impurity|physical\s+contamination|quality\s+control|nutrient|nutritional\s+value|soil\s+amendment)\b,residue,"grease and fat with paper towel, sawdust or kitty litter (two litres maximum). All types of cooking oil (empty out of container) Cooking fat residue e.g. bacon fat Liquid and solidified grease Do not pour oils and fats down the drain. Leftover cooking oil and grease Scrape or pour out o",regex_include_exclude
[129],"Canada - Montréal, Québec - Get details about food waste collections",Source Authority,"State, provincial, regional, or canton rule",,,"Canada - Montréal, Québec - Get details about food waste collections | Get details about food waste collections | https://montreal.ca/en/how-to/get-details-about-food-waste-collections",source_label_priority
[129],"Canada - Montréal, Québec - Get details about food waste collections",Stated Organic-waste Treatment Route,Composting,\b(composting|compost\s+facility|industrial\s+compost|in[- ]?vessel\s+compost|IVC|compostage|compostaggio|compostaje|compostagem|kompostierung|kompostering|kompostointi|kompostiranje|composteerinstallatie|composteerbaar|kompostownia|κομποστοποίηση|κομπόστ|堆肥化|堆肥|퇴비화|퇴비|kompostitav\w*)\b,composting,"epted materials, materials that are not accepted and types of bins that are allowed. Find out how to put out table scraps for collection and composting. Food waste is collected in 14 boroughs. In 5 boroughs (Lachine, Le Plateau-Mont-Royal, L’Île-Bizard-Sainte-Geneviève, Pierrefonds-Roxboro",regex_include_exclude
[129],"Canada - Montréal, Québec - Get details about food waste collections",Acceptance,No clear organics route,"\b(no|not|without|lack(?:ing)?)\b.{0,120}\b(organic\s*waste|food\s*waste|biowaste|bio[- ]?waste|organics)\b.{0,120}\b(collection|route|service|infrastructure|facility|treatment|system)\b","not exceed 25 kg (55 lb). otherwise, it will not be picked up during the food waste collection","bin Paper bags placed inside your brown bin Acceptable weight Small 45-litre brown bin Once filled and placed in the curbspace, the bin must not exceed 25 kg (55 lb). Otherwise, it will not be picked up during the food waste collection. In case of construction If bins are not accessible to garbage collectors, the construction company may move them to facilitate pickup. Co",regex_include_exclude
[129],"Canada - Montréal, Québec - Get details about food waste collections",Certification and Approval Basis,Government/programme approval,"\b(official|approved|designated|provided|supplied|distributed|council[- ]?supplied|municipal[- ]?supplied|city[- ]?supplied|programme[- ]?approved|program[- ]?approved)\b.{0,120}\b(bag|liner|sack|item|product)s?\b",provided by the borough compostable plastic bags,s now offered in all the districts. You must participate. Acceptable materials in the brown bin See the list Acceptable containers Brown bin provided by the borough Compostable plastic bags certified by the Bureau de normalisation du Québec (the Québec standards organization) placed inside your brown bin Paper bags placed insi,regex_include_exclude
[129],"Canada - Montréal, Québec - Get details about food waste collections",Rejection Rationale,No compatible organic-treatment route,"\b(no|not|without|lack(?:ing)?)\b.{0,120}\b(organic\s*waste|food\s*waste|biowaste|bio[- ]?waste|organics)\b.{0,120}\b(collection|route|service|infrastructure|facility|treatment|system)\b","not exceed 25 kg (55 lb). otherwise, it will not be picked up during the food waste collection","bin Paper bags placed inside your brown bin Acceptable weight Small 45-litre brown bin Once filled and placed in the curbspace, the bin must not exceed 25 kg (55 lb). Otherwise, it will not be picked up during the food waste collection. In case of construction If bins are not accessible to garbage collectors, the construction company may move them to facilitate pickup. Co",regex_include_exclude
[130],"Portugal - LIPOR service area / Greater Porto - Os sacos compostáveis podem ser colocados no Contentor Castanho, dos Resíduos Alimentares?",Source Authority,Waste operator or treatment-facility rule,,,"Portugal - LIPOR service area / Greater Porto - Os sacos compostáveis podem ser colocados no Contentor Castanho, dos Resíduos Alimentares? | Os sacos compostáveis podem ser colocados no Contentor Castanho, dos Resíduos Alimentares? | https://www.lipor.pt/pt/perguntas-frequentes/tratamento-centralizado-recolha-seletiva-de-biorresiduos/faq-221/",source_label_priority
[130],"Portugal - LIPOR service area / Greater Porto - Os sacos compostáveis podem ser colocados no Contentor Castanho, dos Resíduos Alimentares?",Stated Organic-waste Treatment Route,Composting,\b(composting|compost\s+facility|industrial\s+compost|in[- ]?vessel\s+compost|IVC|compostage|compostaggio|compostaje|compostagem|kompostierung|kompostering|kompostointi|kompostiranje|composteerinstallatie|composteerbaar|kompostownia|κομποστοποίηση|κομπόστ|堆肥化|堆肥|퇴비화|퇴비|kompostitav\w*)\b,compostagem,"Alimentares? A ausência de contaminantes nos resíduos recolhidos é um aspeto fundamental para a viabilidade e sucesso de todo o processo de compostagem. A Central de Valorização Orgânica da LIPOR, recebe, valoriza e transforma os resíduos alimentares e verdes recolhidos num Composto de ele",regex_include_exclude
[130],"Portugal - LIPOR service area / Greater Porto - Os sacos compostáveis podem ser colocados no Contentor Castanho, dos Resíduos Alimentares?",Acceptance,Collection liners only,"sacos?\s+compost[áa]veis.{0,120}\b(?:podem\s+ser|devem\s+ser|aceites?|utilizados?)\b.{0,140}(res[íi]duos?\s+alimentares|org[âa]nicos|contentor\s+castanho)","sacos compostáveis podem ser colocados no contentor castanho, dos resíduos alimentares? | os sacos compostáveis podem ser colocados no contentor castanho, dos resíduos alimentares","Portugal - LIPOR service area / Greater Porto - Os sacos compostáveis podem ser colocados no Contentor Castanho, dos Resíduos Alimentares? | Os sacos compostáveis podem ser colocados no Contentor Castanho, dos Resíduos Alimentares? | https://www.lipor.pt/pt/perguntas-frequentes/tratamento-centralizado-recolha-seletiva-de-biorresiduos/faq-221/ Perguntas Frequentes - Li",regex_include_exclude_context_checked
[130],"Portugal - LIPOR service area / Greater Porto - Os sacos compostáveis podem ser colocados no Contentor Castanho, dos Resíduos Alimentares?",Certification and Approval Basis,No named standard/approval stated,,,,fallback_default
[130],"Portugal - LIPOR service area / Greater Porto - Os sacos compostáveis podem ser colocados no Contentor Castanho, dos Resíduos Alimentares?",Rejection Rationale,Reason not explicitly stated,,,,fallback_default
[131],Portugal - Cascais / Mafra / Oeiras / Sintra (Tratolixo) - Biorresíduos e saco verde da Tratolixo,Source Authority,Waste operator or treatment-facility rule,,,Portugal - Cascais / Mafra / Oeiras / Sintra (Tratolixo) - Biorresíduos e saco verde da Tratolixo | Biorresíduos e saco verde da Tratolixo | https://www.tratolixo.pt/biorresiduos/,source_label_priority
[131],Portugal - Cascais / Mafra / Oeiras / Sintra (Tratolixo) - Biorresíduos e saco verde da Tratolixo,Stated Organic-waste Treatment Route,Composting,\b(composting|compost\s+facility|industrial\s+compost|in[- ]?vessel\s+compost|IVC|compostage|compostaggio|compostaje|compostagem|kompostierung|kompostering|kompostointi|kompostiranje|composteerinstallatie|composteerbaar|kompostownia|κομποστοποίηση|κομπόστ|堆肥化|堆肥|퇴비화|퇴비|kompostitav\w*)\b,compostagem,"pós a sua utilização, os sacos são reciclados? Não, contudo, estamos atualmente a estudar outra solução com sacos biodegradáveis. Eu já faço compostagem doméstica, mesmo assim devo participar? Sim, deve participar porque há biorresíduos que não podem ser colocados no compostor (comida cozin",regex_include_exclude
[131],Portugal - Cascais / Mafra / Oeiras / Sintra (Tratolixo) - Biorresíduos e saco verde da Tratolixo,Acceptance,Rejected,"(?:biorres[íi]duos|sacos?\s+verdes?|contentor(?:es)?\s+(?:castanho|marr[oó]n)|contenedor(?:es)?\s+marr[oó]n).{0,260}(?:embalagens?\s+alimentares|envases?\s+de\s+(?:papel|cart[óo]n|vidrio|pl[áa]stico)|pl[áa]sticos?|metais|copos?,\s*talheres\s+e\s+loi[çc]as)","saco verde e fechá-lo com dois nós, depositando-o no contentor de rua para os resíduos indiferenciados, o mesmo onde coloca o saco doméstico. mas sempre fora do saco doméstico! o que não devo colocar nos sacos verdes? resíduos não orgânicos, como embalagens alimentares","o saco verde dentro de outro saco! Que resíduos posso colocar dentro dos sacos verdes? Deve colocar todos os seus restos de comida dentro do saco verde e fechá-lo com dois nós, depositando-o no contentor de rua para os resíduos indiferenciados, o mesmo onde coloca o saco doméstico. Mas sempre fora do saco doméstico! O que não devo colocar nos sacos verdes? Resíduos não orgânicos, como embalagens alimentares, têxteis sanitários, vidros, porcelanas, plásticos, metais, têxteis, lâmpadas, beatas, excrementos de animais, copos, talheres e loiças, m",regex_include_exclude
[131],Portugal - Cascais / Mafra / Oeiras / Sintra (Tratolixo) - Biorresíduos e saco verde da Tratolixo,Certification and Approval Basis,No named standard/approval stated,,,,fallback_default
[131],Portugal - Cascais / Mafra / Oeiras / Sintra (Tratolixo) - Biorresíduos e saco verde da Tratolixo,Rejection Rationale,Reason not explicitly stated,,,,fallback_default
[132],Spain - Las Palmas de Gran Canaria - El contenedor MARRÓN: residuos orgánicos,Source Authority,Municipal sorting rule,\b(city|municipal|municipality|commune|gemeente|gemeinde|borough|district|council|town|ville|stadt|ayuntamiento|comune|cidade|municipio|município|municipalidad|ciudad|miasto|urząd|alcald[ií]a|oslo|berlin|munich|hamburg|cologne|amsterdam|vienna|milan|barcelona|vigo|toronto|seattle|austin|san francisco|tokyo|seoul|prague|alimos|riga|krak[oó]w|toru[nń]|warsaw|bratislava|vilnius|ljubljana|maribor|christchurch|auckland|vitacura|las\s+palmas|brno|copenhagen|reykjav[ií]k|portland|new\s+york\s+city|minamata|zushi|providencia|santa\s+juana|wrocław|wroclaw)\b,las palmas,Spain - Las Palmas de Gran Canaria - El contenedor MARRÓN: residuos orgánicos | El contenedor MARRÓN: residuos orgánicos | https://www.laspalmasgc.es/es/areas,metadata_regex + fallback_from_source_label
[132],Spain - Las Palmas de Gran Canaria - El contenedor MARRÓN: residuos orgánicos,Stated Organic-waste Treatment Route,Composting,\b(composting|compost\s+facility|industrial\s+compost|in[- ]?vessel\s+compost|IVC|compostage|compostaggio|compostaje|compostagem|kompostierung|kompostering|kompostointi|kompostiranje|composteerinstallatie|composteerbaar|kompostownia|κομποστοποίηση|κομπόστ|堆肥化|堆肥|퇴비화|퇴비|kompostitav\w*)\b,compostaje,"contenedor). Debido a su rápida descomposición, se emplean para enriquecer el suelo y abonar la tierra. Para ello se someten a un proceso de compostaje controlado que da como resultado una sustancia similar a la tierra, libre de patógenos y malos olores que se utiliza como abono o como ree",regex_include_exclude
[132],Spain - Las Palmas de Gran Canaria - El contenedor MARRÓN: residuos orgánicos,Acceptance,Collection liners only,"residuos\s+(?:org[áa]nicos|de\s+procedencia\s+dom[ée]stica).{0,180}deben\s+depositarse\s+en\s+bolsas\s+(?:de\s+basura\s+)?compostables",residuos orgánicos de procedencia doméstica ('fracción orgánica'). este contenedor puede ser de apertura manual o mediante pedal y los residuos deben depositarse en bolsas de basura compostables,"BeautifulSoup visible text, rebuilt 2026-05-28T13:31:04Z El contenedor MARRÓN: residuos orgánicos El contenedor MARRÓN está destinado a los residuos orgánicos de procedencia doméstica ('fracción orgánica'). Este contenedor puede ser de apertura manual o mediante pedal y los residuos deben depositarse en bolsas de basura compostables. En la actualidad está en proceso de implantación y aún no se encuentran en todo el municipio. En aquellos barrios en los que se ha implan",regex_include_exclude_context_checked
[132],Spain - Las Palmas de Gran Canaria - El contenedor MARRÓN: residuos orgánicos,Certification and Approval Basis,Generic compostable/biodegradable wording only,\b(compostable|biodegradable|industrially\s+compostable|certified\s+compostable|composteerbaar\w*|kompostierbar\w*|compostabil\w*|biod[ée]gradable\w*|biohajoava|kompostoituva|biolagunev\w*|biolo[šs]ko\s+razgradljiv\w*|kompostowaln\w*|biodegradowaln\w*)\b,biodegradables,el Proyecto de implantación del contenedor marrón de residuos orgánicos . Qué son los residuos orgánicos Los residuos orgánicos son desechos biodegradables de origen vegetal o animal que pueden descomponerse en la naturaleza sin demasiada dificultad y transformarse en otro tipo de materia orgá,regex_include_exclude
[132],Spain - Las Palmas de Gran Canaria - El contenedor MARRÓN: residuos orgánicos,Rejection Rationale,Reason not explicitly stated,,,,fallback_default
[133],Czechia - Brno-Chrlice - Třídění odpadů,Source Authority,Municipal sorting rule,\b(city|municipal|municipality|commune|gemeente|gemeinde|borough|district|council|town|ville|stadt|ayuntamiento|comune|cidade|municipio|município|municipalidad|ciudad|miasto|urząd|alcald[ií]a|oslo|berlin|munich|hamburg|cologne|amsterdam|vienna|milan|barcelona|vigo|toronto|seattle|austin|san francisco|tokyo|seoul|prague|alimos|riga|krak[oó]w|toru[nń]|warsaw|bratislava|vilnius|ljubljana|maribor|christchurch|auckland|vitacura|las\s+palmas|brno|copenhagen|reykjav[ií]k|portland|new\s+york\s+city|minamata|zushi|providencia|santa\s+juana|wrocław|wroclaw)\b,brno,Czechia - Brno-Chrlice - Třídění odpadů | Třídění odpadů | https://www.mcchrlice.brno.cz/trideni-odpadu/ms-11715,metadata_regex + fallback_from_source_label
[133],Czechia - Brno-Chrlice - Třídění odpadů,Stated Organic-waste Treatment Route,Treatment route not stated,\b(brown\s*bin|green\s*cart|organic\s*waste\s*collection|food\s*waste\s*collection|food\s*scraps?\s*(?:bin|collection)|bio[- ]?waste\s*collection|biowaste\s*collection|FOGO|GFT|biotonne|bioabfall|contenedor\s+marr[oó]n|contentor\s+castanho|bac\s+brun|rifiut[io]\s+organic[io]|umido|maisto\s+atliek|bioj[äa]te|madaffald|matavfall|bioodpad|pojemnik\s+bio|kitchen\s*waste\s*collection)\b,bioodpad,"ářivky, výbojky a žárovky, sklo znečištěné chemickými látkami, zlacená a pokovená skla Tabulové sklo z oken a dveří patří do barevného skla. Bioodpad Bioodpad (biologicky rozložitelný odpad rostlinného původu) pocházející především z kuchyně patří do hnědé popelnice. Patří sem: kuchyňské",regex_include_exclude
[133],Czechia - Brno-Chrlice - Třídění odpadů,Acceptance,Rejected,"(opakowania|embala[žz]a|obaly|foli[oó]wki|plastikow\w*|plastov\w*).{0,220}(nie|ne|niso|nepat[řr][íi]|prepoved|zakaz)","obaly od kávy či čaje, obaly od trvanlivých potravin, obaly od krmiv pro zvířata, víčka od jogurtů, alobal, potravinové tácky, víčka od sterilovaných potravin, drobné kovové obaly) ne","menší kousky polystyrenu, nápojové kartony od mléčných výrobků, polotovarů a džusů, kovové obaly od potravin (nápojové plechovky, konzervy, obaly od kávy či čaje, obaly od trvanlivých potravin, obaly od krmiv pro zvířata, víčka od jogurtů, alobal, potravinové tácky, víčka od sterilovaných potravin, drobné kovové obaly) Nepatří sem: obaly se zbytky potravin, špinavé polystyrenové misky na přenos jídla, obaly od chemikálií a nebezpečných látek, novodurové trub",regex_include_exclude
[133],Czechia - Brno-Chrlice - Třídění odpadů,Certification and Approval Basis,No named standard/approval stated,,,,fallback_default
[133],Czechia - Brno-Chrlice - Třídění odpadů,Rejection Rationale,Reason not explicitly stated,,,,fallback_default
[134],Denmark - Copenhagen - Sådan sorterer du madaffald,Source Authority,Municipal sorting rule,\b(city|municipal|municipality|commune|gemeente|gemeinde|borough|district|council|town|ville|stadt|ayuntamiento|comune|cidade|municipio|município|municipalidad|ciudad|miasto|urząd|alcald[ií]a|oslo|berlin|munich|hamburg|cologne|amsterdam|vienna|milan|barcelona|vigo|toronto|seattle|austin|san francisco|tokyo|seoul|prague|alimos|riga|krak[oó]w|toru[nń]|warsaw|bratislava|vilnius|ljubljana|maribor|christchurch|auckland|vitacura|las\s+palmas|brno|copenhagen|reykjav[ií]k|portland|new\s+york\s+city|minamata|zushi|providencia|santa\s+juana|wrocław|wroclaw)\b,copenhagen,Denmark - Copenhagen - Sådan sorterer du madaffald | Sådan sorterer du madaffald | https://affald.kk.dk/affaldsfraktion/saadan-sorterer-du-madaffald,metadata_regex + fallback_from_source_label
[134],Denmark - Copenhagen - Sådan sorterer du madaffald,Stated Organic-waste Treatment Route,AD/biogas only,\b(anaerobic\s+digestion|\bAD\b|biogas|biomethane|methani[sz]ation|m[ée]thanisation|biom[ée]thanisation|verg[äa]rung|vergisting|biokaas|biogaz|biogass|biogasanlegg|r[öo]tning|biog[öo]dsel|biog[øo]dning|digestate|厌氧|厭氧|沼气|沼氣)\b,biogas,rebuilt 2026-05-28T13:31:05Z Sådan sorterer du madaffald Madaffald skal sorteres i de grønne bioposer. Det indsamlede madaffald bliver til biogas og økologisk gødning. Sortering af Madaffald Dette skal sorteres som Madaffald Al madaffald – råt og tilberedt Sovs og fedt Æg og æggeskal,regex_include_exclude
[134],Denmark - Copenhagen - Sådan sorterer du madaffald,Acceptance,Collection liners only,"(?:matavfall|madaffald|bioaffald|bioavfall|bioj[äa]te|ruokaj[äa]te).{0,100}(?:bioposer|matavfallsp[åa]sar|bioavfallsp[åa]sar|bioj[äa]tepussi|bioj[äa]tepussit|paperipussi).{0,120}(?:skal|kan|må|saa|accepted|sorteres|anv[aä]ndas|bruges|käyttää)",madaffald madaffald skal sorteres i de grønne bioposer. det indsamlede madaffald bliver til biogas og økologisk gødning. sortering af madaffald dette skal sorteres,"dk/affaldsfraktion/saadan-sorterer-du-madaffald Text extraction: BeautifulSoup visible text, rebuilt 2026-05-28T13:31:05Z Sådan sorterer du madaffald Madaffald skal sorteres i de grønne bioposer. Det indsamlede madaffald bliver til biogas og økologisk gødning. Sortering af Madaffald Dette skal sorteres som Madaffald Al madaffald – råt og tilberedt Sovs og fedt Æg og æggeskaller Nødder og nøddeskaller Kaffegrums og kaffefiltre Teblade og t",regex_include_exclude_context_checked
[134],Denmark - Copenhagen - Sådan sorterer du madaffald,Certification and Approval Basis,No named standard/approval stated,,,,fallback_default
[134],Denmark - Copenhagen - Sådan sorterer du madaffald,Rejection Rationale,Reason not explicitly stated,,,,fallback_default
[135],Iceland - Reykjavík - Our bins,Source Authority,Waste operator or treatment-facility rule,\b(facility|plant|operator|hauler|collector|processor|composter|composting facility|anaerobic|biogas|waste[- ]company|waste company|public utility|recology|wm\b|awm\b|awb\b|bsr\b|stadtreinigung|milieu|hvc|rd4|gesenu|contarina|salerno pulita|mohu|tratolixo|mustankorkea|biorepack|suez|veolia|envar|mywaste|pražské\s+služby|mpo\b|olo\s+a\.s\.|jp\s+voka\s+snaga|vasa\b|getliņi|getlini|voka\s+snaga|intradel|hygea|komunala\s+kranj|minett\s+kompost|calgary|halifax|reykjav[ií]k)\b,reykjavík,Iceland - Reykjavík - Our bins | Our bins | https://reykjavik.is/en/sorphirda/tunnur,metadata_regex + fallback_from_source_label
[135],Iceland - Reykjavík - Our bins,Stated Organic-waste Treatment Route,Treatment route not stated,\b(brown\s*bin|green\s*cart|organic\s*waste\s*collection|food\s*waste\s*collection|food\s*scraps?\s*(?:bin|collection)|bio[- ]?waste\s*collection|biowaste\s*collection|FOGO|GFT|biotonne|bioabfall|contenedor\s+marr[oó]n|contentor\s+castanho|bac\s+brun|rifiut[io]\s+organic[io]|umido|maisto\s+atliek|bioj[äa]te|madaffald|matavfall|bioodpad|pojemnik\s+bio|kitchen\s*waste\s*collection)\b,brown bin,"e Act on the Circular Economy requires household waste to be sorted into four categories at home. Blue bin for paper, green bin for plastic, brown bin for food waste, and gray bin for mixed household waste. Order/return bins More about sorting on the SORPA website Brown bin for food waste",regex_include_exclude
[135],Iceland - Reykjavík - Our bins,Acceptance,Rejected,"\b(not\s+accepted|not\s+allowed|do\s+not\s+put|don't\s+put|must\s+not|should\s+not|prohibited|rejected|not\s+permitted|not\s+suitable|cannot|can\s*not|can’t|can't|contamination|contaminant)\b.{0,180}\b(compostable|biodegradable|bioplastic|bio[- ]?plastic|compostable\s+packag|biodegradable\s+packag|serviceware|cup|cutlery)","can not go in the brown bin? plastic and plastic bags recyclable paper or cardboard refundable beverage containers garden waste biodegradable packaging (for example, labeled ""compostable","ad and cakes Coffee grounds and paper tea bags (paper filters are acceptable) Paper towels and uncolored napkins Cut flowers and plants What can NOT go in the brown bin? Plastic and plastic bags Recyclable paper or cardboard Refundable beverage containers Garden Waste Biodegradable packaging (for example, labeled ""compostable"") Excessive waste Cat litter and animal waste Chewing gum Metals Batteries Toxic waste Glass Garments Medicines Gray bin for mixed waste A",regex_include_exclude
[135],Iceland - Reykjavík - Our bins,Certification and Approval Basis,Generic compostable/biodegradable wording only,\b(compostable|biodegradable|industrially\s+compostable|certified\s+compostable|composteerbaar\w*|kompostierbar\w*|compostabil\w*|biod[ée]gradable\w*|biohajoava|kompostoituva|biolagunev\w*|biolo[šs]ko\s+razgradljiv\w*|kompostowaln\w*|biodegradowaln\w*)\b,compostable,"aste from mixed waste. The brown bin is intended for food waste and other organic kitchen waste. Waste should be in paper bags, not plastic, compostable, or bioplastic bags. You can also wrap waste in a newspaper and place it in the bin. If waste is not contained in the bin, it becomes dirt",regex_include_exclude
[135],Iceland - Reykjavík - Our bins,Rejection Rationale,Compost/digestate quality or contamination concern,\b(compost\s+quality|digestate\s+quality|microplastic|microplastics|contamination|contaminant|foreign\s+matter|residue|pollutant|clean\s+compost|soil|agricultural\s+use|quality\s+standard|fertiliser|fertilizer|impurity|physical\s+contamination|quality\s+control|nutrient|nutritional\s+value|soil\s+amendment)\b,residue,paper The blue bin is intended for paper and cardboard. The paper and cardboard should not be in a plastic bag when it goes in the bin. Food residues of the paper materials must be cleaned before placing them in the bin. What can go in the blue bin? Pizza boxes Cardboard boxes Beverage,regex_include_exclude
[136],"United States - New York City, NY - Curbside Composting",Source Authority,Municipal sorting rule,\b(city|municipal|municipality|commune|gemeente|gemeinde|borough|district|council|town|ville|stadt|ayuntamiento|comune|cidade|municipio|município|municipalidad|ciudad|miasto|urząd|alcald[ií]a|oslo|berlin|munich|hamburg|cologne|amsterdam|vienna|milan|barcelona|vigo|toronto|seattle|austin|san francisco|tokyo|seoul|prague|alimos|riga|krak[oó]w|toru[nń]|warsaw|bratislava|vilnius|ljubljana|maribor|christchurch|auckland|vitacura|las\s+palmas|brno|copenhagen|reykjav[ií]k|portland|new\s+york\s+city|minamata|zushi|providencia|santa\s+juana|wrocław|wroclaw)\b,new york city,"United States - New York City, NY - Curbside Composting | Curbside Composting | https://www.nyc.gov/site/dsny/collection/residents/curbside-composting.page",metadata_regex + fallback_from_source_label
[136],"United States - New York City, NY - Curbside Composting",Stated Organic-waste Treatment Route,Composting,\b(composting|compost\s+facility|industrial\s+compost|in[- ]?vessel\s+compost|IVC|compostage|compostaggio|compostaje|compostagem|kompostierung|kompostering|kompostointi|kompostiranje|composteerinstallatie|composteerbaar|kompostownia|κομποστοποίηση|κομπόστ|堆肥化|堆肥|퇴비화|퇴비|kompostitav\w*)\b,composting,"United States - New York City, NY - Curbside Composting | Curbside Composting | https://www.nyc.gov/site/dsny/collection/residents/curbside-composting.page oliday Schedule Collection Laws for Res",regex_include_exclude
[136],"United States - New York City, NY - Curbside Composting",Acceptance,Collection liners only,"\b(use|can\s+use|may\s+use|allowed\s+to\s+use|line|pack|collect|wrap)\b.{0,160}\b(compostable|bioplastic|biodegradable|paper)\s+(bag|liner|sack)s?","line with a clear plastic, paper, or compostable bag","raps, and food-soiled paper in a labeled bin with a secure lid or in your DSNY brown bin. Bins must be 55 gallons or less with a secure lid. Line with a clear plastic, paper, or compostable bag to help keep it clean. Extra leaf and yard waste can be put in a paper lawn and leaf bag or clear plastic bag. Twigs and branches can be b",regex_include_exclude_context_checked
[136],"United States - New York City, NY - Curbside Composting",Certification and Approval Basis,Generic compostable/biodegradable wording only,\b(compostable|biodegradable|industrially\s+compostable|certified\s+compostable|composteerbaar\w*|kompostierbar\w*|compostabil\w*|biod[ée]gradable\w*|biohajoava|kompostoituva|biolagunev\w*|biolo[šs]ko\s+razgradljiv\w*|kompostowaln\w*|biodegradowaln\w*)\b,compostable,"ncluding meat, bones, shells, and dairy Prepared and cooked foods Greasy uncoated paper plates and pizza boxes Products certified or labeled compostable. DO NOT compost trash such as wrappers, pet waste, medical waste, diapers, foam, personal, or hygiene products. DO NOT compost metal glass",regex_include_exclude
[136],"United States - New York City, NY - Curbside Composting",Rejection Rationale,Reason not explicitly stated,,,,fallback_default
[137],"United States - Austin, Texas - Rule Amendments: Drop Off & Curbside Services",Source Authority,Municipal sorting rule,\b(city|municipal|municipality|commune|gemeente|gemeinde|borough|district|council|town|ville|stadt|ayuntamiento|comune|cidade|municipio|município|municipalidad|ciudad|miasto|urząd|alcald[ií]a|oslo|berlin|munich|hamburg|cologne|amsterdam|vienna|milan|barcelona|vigo|toronto|seattle|austin|san francisco|tokyo|seoul|prague|alimos|riga|krak[oó]w|toru[nń]|warsaw|bratislava|vilnius|ljubljana|maribor|christchurch|auckland|vitacura|las\s+palmas|brno|copenhagen|reykjav[ií]k|portland|new\s+york\s+city|minamata|zushi|providencia|santa\s+juana|wrocław|wroclaw)\b,austin,"United States - Austin, Texas - Rule Amendments: Drop Off & Curbside Services | Rule Amendments: Drop Off & Curbside Services | https://services.austintexas.gov/e",metadata_regex + fallback_from_source_label
[137],"United States - Austin, Texas - Rule Amendments: Drop Off & Curbside Services",Stated Organic-waste Treatment Route,Composting,\b(composting|compost\s+facility|industrial\s+compost|in[- ]?vessel\s+compost|IVC|compostage|compostaggio|compostaje|compostagem|kompostierung|kompostering|kompostointi|kompostiranje|composteerinstallatie|composteerbaar|kompostownia|κομποστοποίηση|κομπόστ|堆肥化|堆肥|퇴비화|퇴비|kompostitav\w*)\b,composting,"residents and non-residents - All brush drop off users will be charged a fee at the site, starting October 2026 6.3 Extra Trash, Recycling, and Composting - Clarifies extra trash rules and extra trash fees - Extra Recycling collection at no cost - Sets15 bag limit for yard trimmings 7.1 C",regex_include_exclude
[137],"United States - Austin, Texas - Rule Amendments: Drop Off & Curbside Services",Acceptance,Collection liners only,"\b(can|may|must|should|accepted|allowed|permitted|collected|used|use)\b.{0,120}\b(compostable|biodegradable|paper|kraft)\s+(food[- ]?waste\s+)?(bag|liner|sack)s?\b.{0,120}\b(food[- ]?waste|organic\s*waste|organics?|biowaste|green\s*cart|green\s*bin|brown\s*bin|caddy)\b","must be placed in the composting cart, a compostable paper bag(s), a third-party certified compostable bag, a compostable cardboard box(es), or in a personal reusable container(s), unless a city of austin organics","sted as compostable on the Department’s website which are not biodegradable plant materials. 7.4.8 7.6.8 Organic materials such as grass clippings, leaves, weeds and small twigs, Compostable material must be placed in the composting cart, a compostable paper bag(s), a third-party certified compostable bag, a compostable cardboard box(es), or in a personal reusable container(s), unless a City of Austin organics cart is provided. Thorny plants, including cacti that can easily injure employe",regex_include_exclude_context_checked
[137],"United States - Austin, Texas - Rule Amendments: Drop Off & Curbside Services",Certification and Approval Basis,BPI / ASTM / CMA,\bbpi\b|\bbiodegradable\s+products\s+institute\b,bpi,"ment Staff Response Clarify if compostable bags are allowed in the compost cart. [Reference 7.4.8] Third-party certiﬁed compostable bags such as those certiﬁed by BPI and TUV Austria are allowed in ARR's compost cart. To clarify, staff added ""third-party certiﬁed compostable bag"" t",regex_include_exclude
[137],"United States - Austin, Texas - Rule Amendments: Drop Off & Curbside Services",Rejection Rationale,No compatible organic-treatment route,"\b(no|not|without|lack(?:ing)?)\b.{0,120}\b(organic\s*waste|food\s*waste|biowaste|bio[- ]?waste|organics)\b.{0,120}\b(collection|route|service|infrastructure|facility|treatment|system)\b","not attract flies, fire ants or other pests or cause a health concern. 6.2.5 customers without organics collection","and bin(s) on the property in a secure place. All carts will be removed by the City when the utilities are disconnected. 6.2.4 Customers shall keep carts reasonably clean so they will not attract flies, fire ants or other pests or cause a health concern. 6.2.5 Customers without organics collection shall bag materials that may attract pests or cause health concerns (i.e. food waste, animal w",regex_include_exclude
[138],"United States - King County, Washington - How to compost right",Source Authority,"State, provincial, regional, or canton rule",,,"United States - King County, Washington - How to compost right | How to compost right | https://kingcounty.gov/en/dept/dnrp/waste-services/garbage-recycling-compost/services/food-yard-waste/how-to-compost",source_label_priority
[138],"United States - King County, Washington - How to compost right",Stated Organic-waste Treatment Route,Composting,\b(composting|compost\s+facility|industrial\s+compost|in[- ]?vessel\s+compost|IVC|compostage|compostaggio|compostaje|compostagem|kompostierung|kompostering|kompostointi|kompostiranje|composteerinstallatie|composteerbaar|kompostownia|κομποστοποίηση|κομπόστ|堆肥化|堆肥|퇴비화|퇴비|kompostitav\w*)\b,composting,"Resources & Parks Garbage, recycling & compost services Food & yard waste How to compost right How to compost right Learn best practices for composting food scraps in King County. In this section expand_more Food & yard waste Residential collection How to compost right Commercial organics",regex_include_exclude
[138],"United States - King County, Washington - How to compost right",Acceptance,Collection liners only,"\b(use|can\s+use|may\s+use|allowed\s+to\s+use|line|pack|collect|wrap)\b.{0,160}\b(compostable|bioplastic|biodegradable|paper)\s+(bag|liner|sack)s?","line the container with a certified compostable bag, paper bag","offee cans, ice cream tubs, and plastic pitchers work well. You can also purchase containers made from plastic, stainless steel, or ceramic. Line the container with a certified compostable bag, paper bag, or newspaper. Store your container in a convenient location, such as on a countertop, in the refrigerator, or even in the freezer to redu",regex_include_exclude_context_checked
[138],"United States - King County, Washington - How to compost right",Certification and Approval Basis,Generic compostable/biodegradable wording only,\b(compostable|biodegradable|industrially\s+compostable|certified\s+compostable|composteerbaar\w*|kompostierbar\w*|compostabil\w*|biod[ée]gradable\w*|biohajoava|kompostoituva|biolagunev\w*|biolo[šs]ko\s+razgradljiv\w*|kompostowaln\w*|biodegradowaln\w*)\b,certified compostable,", and plastic pitchers work well. You can also purchase containers made from plastic, stainless steel, or ceramic. Line the container with a certified compostable bag, paper bag, or newspaper. Store your container in a convenient location, such as on a countertop, in the refrigerator, or even in the",regex_include_exclude
[138],"United States - King County, Washington - How to compost right",Rejection Rationale,Slow degradation / residence-time mismatch,\b(residence\s*time|retention\s*time|process\s*time|degradation\s+time|decompose\s+in\s+time|break\s+down\s+in\s+time|too\s+slow|slow\s+decomposition|does\s+not\s+break\s+down|not\s+break\s+down|incomplete\s+(breakdown|degradation)|not\s+fully\s+(degrade|decompose)|6[- ]?week|12[- ]?week|longer\s+than\s+the\s+process)\b,not break down,"-soiled paper in the compost bin and keep plastic out. Plastic bags, containers, and packaging do not belong in your compost because they do not break down. Food scraps can always be composted even when they’re moldy or rotten. Food-soiled paper like pizza boxes can also be composted, but card",regex_include_exclude
[139],"United States - Portland, Oregon - Compost – what goes in the bin",Source Authority,Municipal sorting rule,\b(city|municipal|municipality|commune|gemeente|gemeinde|borough|district|council|town|ville|stadt|ayuntamiento|comune|cidade|municipio|município|municipalidad|ciudad|miasto|urząd|alcald[ií]a|oslo|berlin|munich|hamburg|cologne|amsterdam|vienna|milan|barcelona|vigo|toronto|seattle|austin|san francisco|tokyo|seoul|prague|alimos|riga|krak[oó]w|toru[nń]|warsaw|bratislava|vilnius|ljubljana|maribor|christchurch|auckland|vitacura|las\s+palmas|brno|copenhagen|reykjav[ií]k|portland|new\s+york\s+city|minamata|zushi|providencia|santa\s+juana|wrocław|wroclaw)\b,portland,"United States - Portland, Oregon - Compost – what goes in the bin | Compost – what goes in the bin | https://www.portland.gov/bps/garbage-recycling/compost",metadata_regex + fallback_from_source_label
[139],"United States - Portland, Oregon - Compost – what goes in the bin",Stated Organic-waste Treatment Route,Composting,\b(composting|compost\s+facility|industrial\s+compost|in[- ]?vessel\s+compost|IVC|compostage|compostaggio|compostaje|compostagem|kompostierung|kompostering|kompostointi|kompostiranje|composteerinstallatie|composteerbaar|kompostownia|κομποστοποίηση|κομπόστ|堆肥化|堆肥|퇴비화|퇴비|kompostitav\w*)\b,堆肥,en el bote (Spanish) Что можно класть в контейнер для компоста? (Russian) Vật liệu ủ phân vi sinh – những thứ bỏ vào thùng rác (Vietnamese) 堆肥—什么可以放入桶内 (Chinese) See something we could improve on this page? Give website feedback .,regex_include_exclude
[139],"United States - Portland, Oregon - Compost – what goes in the bin",Acceptance,Rejected,"\b(not\s+accepted|not\s+allowed|do\s+not\s+put|don't\s+put|must\s+not|should\s+not|prohibited|rejected|not\s+permitted|not\s+suitable|cannot|can\s*not|can’t|can't|contamination|contaminant)\b.{0,180}\b(compostable|biodegradable|bioplastic|bio[- ]?plastic|compostable\s+packag|biodegradable\s+packag|serviceware|cup|cutlery)","not allowed view full size image of red line over images of a ""compostable"" clear plastic drink cup with green markings, a red paper soda cup","bags Allowed bin liners Homes: Paper, paper bag, or BPI-certified compostable bag . Businesses: BPI-certified compostable bags only. What’s NOT allowed View full size image of Red line over images of a ""compostable"" clear plastic drink cup with green markings, a red paper soda cup with clear plastic lid and red plastic straw, a black paper coffee cup with black plastic lid, a clear clamshell shaped take-out food cont",regex_include_exclude
[139],"United States - Portland, Oregon - Compost – what goes in the bin",Certification and Approval Basis,BPI / ASTM / CMA,\bbpi\b|\bbiodegradable\s+products\s+institute\b,bpi,"se, a pizza slice with a bite out of it, shrimp, salad with cucumbers and tomato, macaroni and cheese, chicken bones, and a green bag with a BPI logo filled with food scraps. All food is allowed Meat, poultry, fish, shellfish, eggs, cheese, dairy, bread, baked goods, pasta, rice, be",regex_include_exclude
[139],"United States - Portland, Oregon - Compost – what goes in the bin",Rejection Rationale,Compost/digestate quality or contamination concern,\b(compost\s+quality|digestate\s+quality|microplastic|microplastics|contamination|contaminant|foreign\s+matter|residue|pollutant|clean\s+compost|soil|agricultural\s+use|quality\s+standard|fertiliser|fertilizer|impurity|physical\s+contamination|quality\s+control|nutrient|nutritional\s+value|soil\s+amendment)\b,nutrient,"the stickers on the bin or ask the property manager. Learn why the guidelines are different and how your food and yard waste are turned into nutrient-rich fertilizers and renewable energy. Food View full size image of Photos of: a banana peel, toast, egg shells, coffee grounds in a paper",regex_include_exclude
[140],"United States - La Mesa, California - Organic Recycling - Residential",Source Authority,"State, provincial, regional, or canton rule",,,"United States - La Mesa, California - Organic Recycling - Residential | Organic Recycling - Residential | https://la-mesa-city.edcodisposal.com/residential-waste-services/curbside-pickup/organic-recycling/",source_label_priority
[140],"United States - La Mesa, California - Organic Recycling - Residential",Stated Organic-waste Treatment Route,AD/biogas only,\b(anaerobic\s+digestion|\bAD\b|biogas|biomethane|methani[sz]ation|m[ée]thanisation|biom[ée]thanisation|verg[äa]rung|vergisting|biokaas|biogaz|biogass|biogasanlegg|r[öo]tning|biog[öo]dsel|biog[øo]dning|digestate|厌氧|厭氧|沼气|沼氣)\b,ad,"on each week on your scheduled service day and set out by 6 a.m. or the night before. 64-Gallon Cart appx. 31.75"" x 24.25"" x 41.75"" Request Additional Carts Residents can have any combination of five trash and organics carts at no extra cost. Residents with carts beyond the combina",regex_include_exclude
[140],"United States - La Mesa, California - Organic Recycling - Residential",Acceptance,No clear organics route,"\b(no|not|without|lack(?:ing)?)\b.{0,120}\b(organic\s*waste|food\s*waste|biowaste|bio[- ]?waste|organics)\b.{0,120}\b(collection|route|service|infrastructure|facility|treatment|system)\b","not use any kind of plastic bags (including certified compostable or biodegradable bags) for any type of green waste, food waste, or other organics collection","kins Christmas trees (NO flocked trees) food scraps food-soiled paper Place recyclable organics directly into your designated green cart. Do not use any kind of plastic bags (including certified compostable or biodegradable bags) for any type of green waste, food waste, or other organics collection or disposal, as they contaminate the Anaerobic Digester! All organic material must be placed loosely inside the green cart for collection.",regex_include_exclude
[140],"United States - La Mesa, California - Organic Recycling - Residential",Certification and Approval Basis,Government/programme approval,"\b(official|approved|designated|provided|supplied|distributed|council[- ]?supplied|municipal[- ]?supplied|city[- ]?supplied|programme[- ]?approved|program[- ]?approved)\b.{0,120}\b(bag|liner|sack|item|product)s?\b",designated green cart. do not use any kind of plastic bags (including certified compostable or biodegradable bags,"ivy flowers Halloween pumpkins Christmas trees (NO flocked trees) food scraps food-soiled paper Place recyclable organics directly into your designated green cart. Do not use any kind of plastic bags (including certified compostable or biodegradable bags) for any type of green waste, food waste, or other organics collection or disposal, as they contaminate the Anaerobic Digester! All organi",regex_include_exclude
[140],"United States - La Mesa, California - Organic Recycling - Residential",Rejection Rationale,No compatible organic-treatment route,"\b(no|not|without|lack(?:ing)?)\b.{0,120}\b(organic\s*waste|food\s*waste|biowaste|bio[- ]?waste|organics)\b.{0,120}\b(collection|route|service|infrastructure|facility|treatment|system)\b","not use any kind of plastic bags (including certified compostable or biodegradable bags) for any type of green waste, food waste, or other organics collection","kins Christmas trees (NO flocked trees) food scraps food-soiled paper Place recyclable organics directly into your designated green cart. Do not use any kind of plastic bags (including certified compostable or biodegradable bags) for any type of green waste, food waste, or other organics collection or disposal, as they contaminate the Anaerobic Digester! All organic material must be placed loosely inside the green cart for collection.",regex_include_exclude
[141],United States - South San Francisco / San Mateo County service area - Residential Organics,Source Authority,"State, provincial, regional, or canton rule",,,United States - South San Francisco / San Mateo County service area - Residential Organics | Residential Organics | https://ssfscavenger.com/residential-organics/,source_label_priority
[141],United States - South San Francisco / San Mateo County service area - Residential Organics,Stated Organic-waste Treatment Route,AD/biogas + composting,"\b(anaerobic\s+digestion|\bAD\b|biogas|biomethane|methani[sz]ation|m[ée]thanisation|biom[ée]thanisation|verg[äa]rung|vergisting|r[öo]tning|digestate|biog[öo]dsel|biog[øo]dning)\b.{0,180}\b(compost|composting|kompost|compostaggio|compostaje|compostagem|kompostering|kompostointi|kompostiranje|κομποστοποίηση|堆肥|퇴비)",anaerobic digestion at our biogenic cng facility . the digestion process creates fuel for our collection vehicles and a pre-compost (or “digestate”) that will be hauled to a compost,"Paper liner bags may be used but “bio” or “compostable” plastic bags are prohibited. All, materials collected from green carts will undergo anaerobic digestion at our Biogenic CNG Facility . The digestion process creates fuel for our collection vehicles and a pre-compost (or “digestate”) that will be hauled to a composting facility and transformed into a nutrient-rich soil amendment. Plastic (including “bio” or compostable varieties) inhibit the digestion",regex_include_exclude
[141],United States - South San Francisco / San Mateo County service area - Residential Organics,Acceptance,Rejected,"\b(compostable|biodegradable|bioplastic|bio[- ]?plastic|compostable\s+packag|biodegradable\s+packag|serviceware|cup|cutlery)\w*\b.{0,200}\b(not\s+accepted|not\s+allowed|do\s+not\s+put|don't\s+put|must\s+not|should\s+not|prohibited|rejected|not\s+permitted|not\s+suitable|cannot|can\s*not|can’t|can't|contamination|contaminant)\b",compostable” plastic bags are prohibited,"ong in the grey cart), and yard trimmings (leaves, flowers, weeds, cut grass and small branches). Paper liner bags may be used but “bio” or “compostable” plastic bags are prohibited. All, materials collected from green carts will undergo anaerobic digestion at our Biogenic CNG Facility . The digestion process creates f",regex_include_exclude
[141],United States - South San Francisco / San Mateo County service area - Residential Organics,Certification and Approval Basis,Generic compostable/biodegradable wording only,\b(compostable|biodegradable|industrially\s+compostable|certified\s+compostable|composteerbaar\w*|kompostierbar\w*|compostabil\w*|biod[ée]gradable\w*|biohajoava|kompostoituva|biolagunev\w*|biolo[šs]ko\s+razgradljiv\w*|kompostowaln\w*|biodegradowaln\w*)\b,compostable,"ong in the grey cart), and yard trimmings (leaves, flowers, weeds, cut grass and small branches). Paper liner bags may be used but “bio” or “compostable” plastic bags are prohibited. All, materials collected from green carts will undergo anaerobic digestion at our Biogenic CNG Facility . Th",regex_include_exclude
[141],United States - South San Francisco / San Mateo County service area - Residential Organics,Rejection Rationale,AD/biogas incompatibility,"\b(anaerobic\s+digestion|\bAD\b|biogas|digest(?:ion|er)|m[ée]thanisation|methani[sz]ation|verg[äa]rung|biokaas|bioverg[äa]rungsanlage|biogass|biogasanlegg|biogödsel|biogødning)\b.{0,240}\b(compostable|biodegradable|bag|liner|plastic|packaging|break\s+down|clog|screen|reject|incompatib|problem)",anaerobic digestion at our biogenic cng facility . the digestion process creates fuel for our collection vehicles and a pre-compost (or “digestate”) that will be hauled to a composting facility and transformed into a nutrient-rich soil amendment. plastic,"Paper liner bags may be used but “bio” or “compostable” plastic bags are prohibited. All, materials collected from green carts will undergo anaerobic digestion at our Biogenic CNG Facility . The digestion process creates fuel for our collection vehicles and a pre-compost (or “digestate”) that will be hauled to a composting facility and transformed into a nutrient-rich soil amendment. Plastic (including “bio” or compostable varieties) inhibit the digestion process and can contaminate finished compost. For waste reduction and sor",regex_include_exclude
[142],United Kingdom - Greater Manchester - The truth about compostable packaging,Source Authority,Intermunicipal or regional waste authority,,,United Kingdom - Greater Manchester - The truth about compostable packaging | The truth about compostable packaging | https://recycleforgreatermanchester.com/blog/the-truth-about-compostable-packaging/,source_label_priority
[142],United Kingdom - Greater Manchester - The truth about compostable packaging,Stated Organic-waste Treatment Route,Treatment route not stated,,,,fallback_default
[142],United Kingdom - Greater Manchester - The truth about compostable packaging,Acceptance,Rejected,"\b(not\s+accepted|not\s+allowed|do\s+not\s+put|don't\s+put|must\s+not|should\s+not|prohibited|rejected|not\s+permitted|not\s+suitable|cannot|can\s*not|can’t|can't|contamination|contaminant)\b.{0,180}\b(compostable|biodegradable|bioplastic|bio[- ]?plastic|compostable\s+packag|biodegradable\s+packag|serviceware|cup|cutlery)","can't go in your food and garden bin. and here's why. first of all, let's clear something up. biodegradable and compostable do not mean the same thing. the terms biodegradable and compostable","he food and garden bin. Unfortunately, the answer is no. No matter what’s on the label, compostable or biodegradable cups, straws and plates can’t go in your food and garden bin. And here’s why. First of all, let’s clear something up. Biodegradable and compostable do not mean the same thing. The terms biodegradable and compostable are sometimes used interchangeably but they actually mean very different things. Let’s look at the dictionary definitions. biodegradable a",regex_include_exclude
[142],United Kingdom - Greater Manchester - The truth about compostable packaging,Certification and Approval Basis,EN 13432 / OK compost / Seedling,\b(en|din\s*en|uni\s*en|bs\s*en|nf\s*en)?\s*13432\b,en13432,sting facility. The only thing you can put in your food and garden bin (aside from food and garden waste) are compostable food bags with the EN13432 seedling logo on which are used to line the kitchen food caddy. These bags are made from potato starch so break down at the same rate as f,regex_include_exclude
[142],United Kingdom - Greater Manchester - The truth about compostable packaging,Rejection Rationale,Compost/digestate quality or contamination concern,\b(compost\s+quality|digestate\s+quality|microplastic|microplastics|contamination|contaminant|foreign\s+matter|residue|pollutant|clean\s+compost|soil|agricultural\s+use|quality\s+standard|fertiliser|fertilizer|impurity|physical\s+contamination|quality\s+control|nutrient|nutritional\s+value|soil\s+amendment)\b,nutrient,"l to the environment. Meanwhile, if something is compostable, it means it is made of organic matter and it can completely break down to make nutrient rich compost. So if all these things say they are compostable, why can’t I recycle them in my food and garden bin? They may be made from n",regex_include_exclude
[143],"Japan - Minamata City, Kumamoto Prefecture - Food-waste recycling / kitchen-garbage recycling page",Source Authority,"State, provincial, regional, or canton rule",,,"Japan - Minamata City, Kumamoto Prefecture - Food-waste recycling / kitchen-garbage recycling page | Food-waste recycling / kitchen-garbage recycling page | https://www.city.minamata.lg.jp/kankyo/kiji003458/index.html",source_label_priority
[143],"Japan - Minamata City, Kumamoto Prefecture - Food-waste recycling / kitchen-garbage recycling page",Stated Organic-waste Treatment Route,Treatment route not stated,,,,fallback_default
[143],"Japan - Minamata City, Kumamoto Prefecture - Food-waste recycling / kitchen-garbage recycling page",Acceptance,Collection liners only,"(?:生ごみ|食品廃棄物).{0,140}(?:生分\w{0,8}解性\w{0,12}(?:プラスチック)?\w{0,8}袋|堆肥化可能\w*袋)",生ごみリサイクルの取り組みの経緯 水俣市では、平成14年12月に生ごみの分別収集を開始しました。それまでの資源化率は20％程度でしたが、現在は40％前後で推移しております。 生ごみは、家庭から生分解性プラスチックの袋,本文へジャンプ 音声読み上げ 文字サイズ 背景色 行政トップページへ Foreign Language English 中文(简化字) 中文(繁體字) 한국어 日本語 生ごみリサイクルの推進及び食品ロスの削減に向けた取り組み 最終更新日： 2017年12月26日 1 本市における生ごみリサイクルの取り組みの経緯 水俣市では、平成14年12月に生ごみの分別収集を開始しました。それまでの資源化率は20％程度でしたが、現在は40％前後で推移しております。 生ごみは、家庭から生分解性プラスチックの袋に入れて出され、市が回収し、民間の堆肥工場で堆肥化しています。 2 生ごみ処理器キエーロの普及促進に向けた取り組み（無償貸与について） 水俣市では、生ごみの自家処理による排出量の抑制及び再資源化の推進を図るため、生ごみ処理器（キエーロ）の普及促進に取り組んでいます。 本年度のキ,regex_include_exclude_context_checked
[143],"Japan - Minamata City, Kumamoto Prefecture - Food-waste recycling / kitchen-garbage recycling page",Certification and Approval Basis,Government/programme approval,(専用袋|指定袋|市が回収|전용봉투|종량제봉투|专用袋|專用袋|orange\s+bag|oranžin\w*\s+maišel\w*),市が回収,更新日： 2017年12月26日 1 本市における生ごみリサイクルの取り組みの経緯 水俣市では、平成14年12月に生ごみの分別収集を開始しました。それまでの資源化率は20％程度でしたが、現在は40％前後で推移しております。 生ごみは、家庭から生分解性プラスチックの袋に入れて出され、市が回収し、民間の堆肥工場で堆肥化しています。 2 生ごみ処理器キエーロの普及促進に向けた取り組み（無償貸与について） 水俣市では、生ごみの自家処理による排出量の抑制及び再資源化の推進を図るため、生ごみ処理器（キエーロ）の普及促進に取り組んでいます。 本年度のキエーロ利用登録については,regex_include_exclude
[143],"Japan - Minamata City, Kumamoto Prefecture - Food-waste recycling / kitchen-garbage recycling page",Rejection Rationale,Reason not explicitly stated,,,,fallback_default
[144],"Japan - Zushi City, Kanagawa Prefecture - Zushi food-waste collection system-design PDF",Source Authority,"State, provincial, regional, or canton rule",,,"Japan - Zushi City, Kanagawa Prefecture - Zushi food-waste collection system-design PDF | Zushi food-waste collection system-design PDF | https://www.city.zushi.kanagawa.jp/_res/projects/default_project/_page_/001/002/133/namagomi_seidosekkei202302.pdf",source_label_priority
[144],"Japan - Zushi City, Kanagawa Prefecture - Zushi food-waste collection system-design PDF",Stated Organic-waste Treatment Route,Composting,\b(composting|compost\s+facility|industrial\s+compost|in[- ]?vessel\s+compost|IVC|compostage|compostaggio|compostaje|compostagem|kompostierung|kompostering|kompostointi|kompostiranje|composteerinstallatie|composteerbaar|kompostownia|κομποστοποίηση|κομπόστ|堆肥化|堆肥|퇴비화|퇴비|kompostitav\w*)\b,堆肥化,２）収集回数・・・・・・・・・・・・・・・・・・・・・・・・・・・・・・・・16 （３）生ごみの運搬・・・・・・・・・・・・・・・・・・・・・・・・・・・・・・18 ６ 生ごみの資源化・・・・・・・・・・・・・・・・・・・・・・・・・・・・・・・20 --- Page 3 --- （１）生ごみ堆肥化システムの概要・・・・・・・・・・・・・・・・・・・・・・・20 （２）計画施設規模・・・・・・・・・・・・・・・・・・・・・・・・・・・・・・21 （３）処理及び施設構造等・・・・・・・・・・・・・・・・・・・・・・・・・・・21 ７ 生ごみの分別資源化開始後,regex_include_exclude
[144],"Japan - Zushi City, Kanagawa Prefecture - Zushi food-waste collection system-design PDF",Acceptance,Collection liners only,"(?:生ごみ|食品廃棄物).{0,140}(?:生分\w{0,8}解性\w{0,12}(?:プラスチック)?\w{0,8}袋|堆肥化可能\w*袋)",生ごみ 用指定ごみ袋は、「３リットル袋」、「10 リットル袋」の２種類を採用することが適当と 考えます。 また、 指定ごみ袋の形状については、 市民にとって取り扱いやすく運びやすい形状で ある「持ち手付き袋（レジ袋タイプ） 」を採用することが適当と考えます。 なお、 生分解性プラスチックのごみ袋,数の指定ごみ袋を作製することが適当です。 容量の小 さいごみ袋を利用するほど費用負担が少な くなることから、ごみ減量化に対する動機 が働くよう、小さい袋も作製する必要があります。 現在、 「燃やすごみ用・不燃ごみ用指定ごみ袋」 で最も多く使われているのは20 リッ トル袋で、次いで10 リットル袋です。燃やすごみの中の生ごみの組成は４割程度であ ること、 また、 単身世帯等の使い勝手や、 ごみの減量化、 排出抑制の観点から、 生ごみ 用指定ごみ袋は、「３リットル袋」、「10 リットル袋」の２種類を採用することが適当と 考えます。 また、 指定ごみ袋の形状については、 市民にとって取り扱いやすく運びやすい形状で ある「持ち手付き袋（レジ袋タイプ） 」を採用することが適当と考えます。 なお、 生分解性プラスチックのごみ袋については、環境面で脱プラスチックに資する 面はあるものの、 分解するその性質から、生ごみを排出直前に入れる必要がある、 使用 期,regex_include_exclude_context_checked
[144],"Japan - Zushi City, Kanagawa Prefecture - Zushi food-waste collection system-design PDF",Certification and Approval Basis,Government/programme approval,(専用袋|指定袋|市が回収|전용봉투|종량제봉투|专用袋|專用袋|orange\s+bag|oranžin\w*\s+maišel\w*),専用袋,効率的 かつ適正な生ごみ処理システムの実現に向けた検討により、 生ごみの減量化 ・ 資源化に 向けた取組を推進し、2012 年度（平成24 年度）には、 夏から冬にかけて延べ３か月間、 逗子ハイランド地区において「生ごみ分別モデル事業」を実施しました。 モデル事業で収集した生ごみの 組成や有機物量等を分析した結果、生ごみ専用袋で 分別排出された生ごみの分別精度 が高いことから、分別収集による生ごみの資源化処 理は十分可能であると考えられます。 また、生ごみ資源化施設を建設する際の処理方式 は、 マテリアル利用 （堆肥化） を中心として検討することが適切であると,regex_include_exclude
[144],"Japan - Zushi City, Kanagawa Prefecture - Zushi food-waste collection system-design PDF",Rejection Rationale,Reason not explicitly stated,,,,fallback_default
[145],"Chile - Providencia, Santiago Metropolitan Region - Medioambiente - Reciclaje Orgánico",Source Authority,Intermunicipal or regional waste authority,,,"Chile - Providencia, Santiago Metropolitan Region - Medioambiente - Reciclaje Orgánico | Medioambiente - Reciclaje Orgánico | https://providencia.cl/provi/vive/medioambiente/reciclaje-organico",source_label_priority
[145],"Chile - Providencia, Santiago Metropolitan Region - Medioambiente - Reciclaje Orgánico",Stated Organic-waste Treatment Route,Treatment route not stated,,,,fallback_default
[145],"Chile - Providencia, Santiago Metropolitan Region - Medioambiente - Reciclaje Orgánico",Acceptance,Collection liners only,residuos\s+pueden\s+ir\s+en\s+bolsa\s+(?:pl[áa]stica\s+o\s+)?compostable,residuos pueden ir en bolsa plástica o compostable,Papel higiénico. Desechos sanitarios. Materiales reciclables (vidrios; metales; plásticos; tetrapak; aluminios) Importante destacar que los residuos pueden ir en bolsa plástica o compostable. TAMBIÉN TE PUEDE INTERESAR Noticias Providencia celebra el Día de los Patrimonios con visitas guiadas al Palacio Falabella Noticias Dulce,regex_include_exclude_context_checked
[145],"Chile - Providencia, Santiago Metropolitan Region - Medioambiente - Reciclaje Orgánico",Certification and Approval Basis,Generic compostable/biodegradable wording only,\b(compostable|biodegradable|industrially\s+compostable|certified\s+compostable|composteerbaar\w*|kompostierbar\w*|compostabil\w*|biod[ée]gradable\w*|biohajoava|kompostoituva|biolagunev\w*|biolo[šs]ko\s+razgradljiv\w*|kompostowaln\w*|biodegradowaln\w*)\b,biodegradables,ácteos. Aceite quemado. Elásticos. Químicos. Excremento de mascota. Toallas femeninas. Cotones de papel. Pañales. Papel brillante. Plásticos biodegradables. Bolsas caña de azúcar. Cubiertos metálicos o plásticos. Loza plástica o de cerámica. Vasos plásticos o de cartón. Papel higiénico. Desech,regex_include_exclude
[145],"Chile - Providencia, Santiago Metropolitan Region - Medioambiente - Reciclaje Orgánico",Rejection Rationale,Reason not explicitly stated,,,,fallback_default
[146],Chile - Santa Juana / national Reciclo Orgánicos programme - Reciclo Orgánicos composting manual / Santa Juana programme,Source Authority,National rule or policy,,,Chile - Santa Juana / national Reciclo Orgánicos programme - Reciclo Orgánicos composting manual / Santa Juana programme | Reciclo Orgánicos composting manual / Santa Juana programme | https://reciclorganicos.mma.gob.cl/wp-content/uploads/2022/06/Anexo-Manual-de-Compostaje.pdf,source_label_priority
[146],Chile - Santa Juana / national Reciclo Orgánicos programme - Reciclo Orgánicos composting manual / Santa Juana programme,Stated Organic-waste Treatment Route,Composting,\b(composting|compost\s+facility|industrial\s+compost|in[- ]?vessel\s+compost|IVC|compostage|compostaggio|compostaje|compostagem|kompostierung|kompostering|kompostointi|kompostiranje|composteerinstallatie|composteerbaar|kompostownia|κομποστοποίηση|κομπόστ|堆肥化|堆肥|퇴비화|퇴비|kompostitav\w*)\b,composting,Chile - Santa Juana / national Reciclo Orgánicos programme - Reciclo Orgánicos composting manual / Santa Juana programme | Reciclo Orgánicos composting manual / Santa Juana programme | https://reciclorganicos.mma.gob.cl/wp-conten,regex_include_exclude
[146],Chile - Santa Juana / national Reciclo Orgánicos programme - Reciclo Orgánicos composting manual / Santa Juana programme,Acceptance,Rejected,"(ikke|inte|må\s+ikke|skal\s+ikke|ei|ei\s+saa|ei\s+kuulu).{0,180}(komposterbar\w*|bioposer|bioplast|plast|biohajoava\w*|kompostoituva\w*|muovipakkauk\w*|kertak[äa]ytt[öo]astia)","inte - gral de residuos sólidos domiciliarios aprobado, b) enjuagado y escurrido, según corresponda, c) aplast","sus residuos, en su propios domicilios, debiendo preparar el material de la siguiente manera: a) Separación de los residuos, según Plan de Gestión Inte - gral de Residuos Sólidos Domiciliarios aprobado, b) Enjuagado y escurrido, según corresponda, c) Aplastar para disminuir el volumen, --- Page 6 --- 6 ANEXO MANUAL DE COMPOSTAJE d) Entregar al personal a cargo de la recolección.” (Muni",regex_include_exclude
[146],Chile - Santa Juana / national Reciclo Orgánicos programme - Reciclo Orgánicos composting manual / Santa Juana programme,Certification and Approval Basis,Generic compostable/biodegradable wording only,\b(compostable|biodegradable|industrially\s+compostable|certified\s+compostable|composteerbaar\w*|kompostierbar\w*|compostabil\w*|biod[ée]gradable\w*|biohajoava|kompostoituva|biolagunev\w*|biolo[šs]ko\s+razgradljiv\w*|kompostowaln\w*|biodegradowaln\w*)\b,compostable,"implementará, en el sector urbano, un sistema de recolección diferenciada de residuos, retirando en forma separada y puerta a puerta, los residuos compostables, los residuos reciclables y los residuos des - cartables. Se implementarán cuatro clasificaciónes: • Compostables • Envases recicl",regex_include_exclude
[146],Chile - Santa Juana / national Reciclo Orgánicos programme - Reciclo Orgánicos composting manual / Santa Juana programme,Rejection Rationale,Reason not explicitly stated,,,,fallback_default
[147],Poland - Kraków - MPO Kraków bio-waste page,Source Authority,Waste operator or treatment-facility rule,\b(facility|plant|operator|hauler|collector|processor|composter|composting facility|anaerobic|biogas|waste[- ]company|waste company|public utility|recology|wm\b|awm\b|awb\b|bsr\b|stadtreinigung|milieu|hvc|rd4|gesenu|contarina|salerno pulita|mohu|tratolixo|mustankorkea|biorepack|suez|veolia|envar|mywaste|pražské\s+služby|mpo\b|olo\s+a\.s\.|jp\s+voka\s+snaga|vasa\b|getliņi|getlini|voka\s+snaga|intradel|hygea|komunala\s+kranj|minett\s+kompost|calgary|halifax|reykjav[ií]k)\b,mpo,Poland - Kraków - MPO Kraków bio-waste page | MPO Kraków bio-waste page | https://mpo.krakow.pl/bio/,metadata_regex + fallback_from_source_label
[147],Poland - Kraków - MPO Kraków bio-waste page,Stated Organic-waste Treatment Route,Treatment route not stated,,,,fallback_default
[147],Poland - Kraków - MPO Kraków bio-waste page,Acceptance,Rejected,(no\s+packaging\s+of\s+any\s+kind|without\s+any\s+packaging|aucun\s+emballage|sans\s+emballage|sin\s+(?:ning[uú]n\s+tipo\s+de\s+)?envase|sem\s+embalagem|zonder\s+verpakking|uden\s+emballage|utan\s+förpackning|bez\s+opakowań|brez\s+embala[žz]e|bez\s+obalu),bez opakowań,"ru Wyszukiwarka odpadów Formularz zgłoszeń Odpady Oczyszczanie Odśnieżanie Wróć Bio BIO BRĄZOWY POJEMNIK/BRĄZOWY WOREK ODPADY NALEŻY WRZUCAĆ BEZ OPAKOWAŃ odpadki warzywne i owocowe skorupki z jajek ogryzki pestki łupiny z orzechów słonecznika itp. resztki jedzenia (bez mięsa, kości i ości) f",regex_include_exclude
[147],Poland - Kraków - MPO Kraków bio-waste page,Certification and Approval Basis,No named standard/approval stated,,,,fallback_default
[147],Poland - Kraków - MPO Kraków bio-waste page,Rejection Rationale,Explicit no-packaging / positive-list restriction,(no\s+packaging\s+of\s+any\s+kind|without\s+any\s+packaging|aucun\s+emballage|sans\s+emballage|sin\s+(?:ning[uú]n\s+tipo\s+de\s+)?envase|sem\s+embalagem|zonder\s+verpakking|uden\s+emballage|utan\s+förpackning|bez\s+opakowań|brez\s+embala[žz]e|bez\s+obalu),bez opakowań,"ru Wyszukiwarka odpadów Formularz zgłoszeń Odpady Oczyszczanie Odśnieżanie Wróć Bio BIO BRĄZOWY POJEMNIK/BRĄZOWY WOREK ODPADY NALEŻY WRZUCAĆ BEZ OPAKOWAŃ odpadki warzywne i owocowe skorupki z jajek ogryzki pestki łupiny z orzechów słonecznika itp. resztki jedzenia (bez mięsa, kości i ości) f",regex_include_exclude
[148],Poland - Wrocław - Wrocław bio-waste sorting page,Source Authority,Municipal sorting rule,\b(city|municipal|municipality|commune|gemeente|gemeinde|borough|district|council|town|ville|stadt|ayuntamiento|comune|cidade|municipio|município|municipalidad|ciudad|miasto|urząd|alcald[ií]a|oslo|berlin|munich|hamburg|cologne|amsterdam|vienna|milan|barcelona|vigo|toronto|seattle|austin|san francisco|tokyo|seoul|prague|alimos|riga|krak[oó]w|toru[nń]|warsaw|bratislava|vilnius|ljubljana|maribor|christchurch|auckland|vitacura|las\s+palmas|brno|copenhagen|reykjav[ií]k|portland|new\s+york\s+city|minamata|zushi|providencia|santa\s+juana|wrocław|wroclaw)\b,wrocław,Poland - Wrocław - Wrocław bio-waste sorting page | Wrocław bio-waste sorting page | https://www.wroclaw.pl/zielony-wroclaw/segregacja-gdzie-wyrzucac-bioodp,metadata_regex + fallback_from_source_label
[148],Poland - Wrocław - Wrocław bio-waste sorting page,Stated Organic-waste Treatment Route,AD/biogas only,\b(anaerobic\s+digestion|\bAD\b|biogas|biomethane|methani[sz]ation|m[ée]thanisation|biom[ée]thanisation|verg[äa]rung|vergisting|biokaas|biogaz|biogass|biogasanlegg|r[öo]tning|biog[öo]dsel|biog[øo]dning|digestate|厌氧|厭氧|沼气|沼氣)\b,biogaz,"się w nowej karcie Co więcej, z wybranych resztek odpadowych w procesie produkcyjnym można stworzyć także bioolej, jako składnik paliw, oraz biogaz. Patrząc na temat w przemysłowej skali, z biometanu możemy wytworzyć chociażby energię elektryczną dla tramwajów. Grzegorz Rajter / Ekosys",regex_include_exclude
[148],Poland - Wrocław - Wrocław bio-waste sorting page,Acceptance,Collection liners only,"wyj[ąa]tkiem\s+s[ąa]\s+tylko\s+te,?\s+kt[óo]re\s+oznaczono\s+symbolem\s+do\s+kompostowania","wyjątkiem są tylko te, które oznaczono symbolem do kompostowania","odpady powinniśmy umieszczać w pojemniku luzem i nie wyrzucać w torebkach lub workach foliowych. Nie sprawdzą się też worki biodegradowalne. Wyjątkiem są tylko te, które oznaczono symbolem do kompostowania. Fragmenty folii zanieczyszczają całą frakcję bio i mogą uniemożliwić jej kompostowanie, przetwarzanie. Do brązowych pojemników mogą trafi",regex_include_exclude_context_checked
[148],Poland - Wrocław - Wrocław bio-waste sorting page,Certification and Approval Basis,Generic compostable/biodegradable wording only,\b(compostable|biodegradable|industrially\s+compostable|certified\s+compostable|composteerbaar\w*|kompostierbar\w*|compostabil\w*|biod[ée]gradable\w*|biohajoava|kompostoituva|biolagunev\w*|biolo[šs]ko\s+razgradljiv\w*|kompostowaln\w*|biodegradowaln\w*)\b,biodegradowalne,"ej zasadzie – bioodpady powinniśmy umieszczać w pojemniku luzem i nie wyrzucać w torebkach lub workach foliowych. Nie sprawdzą się też worki biodegradowalne. Wyjątkiem są tylko te, które oznaczono symbolem do kompostowania. Fragmenty folii zanieczyszczają całą frakcję bio i mogą uniemożliwić je",regex_include_exclude
[148],Poland - Wrocław - Wrocław bio-waste sorting page,Rejection Rationale,Reason not explicitly stated,,,,fallback_default
[149],Hungary - National / MOHU system - Konyhai zöld- és élelmiszer hulladék,Source Authority,Waste operator or treatment-facility rule,,,Hungary - National / MOHU system - Konyhai zöld- és élelmiszer hulladék | MOHU | Konyhai zöld- és élelmiszer hulladék | https://mohu.hu/hu/biohulladek,source_label_priority
[149],Hungary - National / MOHU system - Konyhai zöld- és élelmiszer hulladék,Stated Organic-waste Treatment Route,Treatment route not stated,,,,fallback_default
[149],Hungary - National / MOHU system - Konyhai zöld- és élelmiszer hulladék,Acceptance,Rejected,komposzt[áa]lhat[óo]\s+vagy\s+leboml[óo]\s+zacsk[óo]k\s+nem\s+haszn[áa]lhat[óo]k,komposztálható vagy lebomló zacskók nem használhatók,"ábbra is az erre kijelölt gyűtőpontokon adja le. A konyhai hulladékot komposztálható szemeteszacskóba vagy lebomló zacskóba tehetem? Nem. A komposztálható vagy lebomló zacskók nem használhatók a gyűjtés során, mert akadályozzák a konyhai zöld- és élelmiszerhulladék újrahasznosítását a végpontokon. A hulladékot, kérjük, csomagolás",regex_include_exclude
[149],Hungary - National / MOHU system - Konyhai zöld- és élelmiszer hulladék,Certification and Approval Basis,No named standard/approval stated,,,,fallback_default
[149],Hungary - National / MOHU system - Konyhai zöld- és élelmiszer hulladék,Rejection Rationale,Reason not explicitly stated,,,,fallback_default
[150],Greece - National / municipalities - Biowaste Guide for Municipalities,Source Authority,National rule or policy,,,Greece - National / municipalities - Biowaste Guide for Municipalities | Biowaste Guide for Municipalities | https://www.giz.de/de/downloads/Biowaste%20Guide%20for%20municipalities%20EN.pdf,source_label_priority
[150],Greece - National / municipalities - Biowaste Guide for Municipalities,Stated Organic-waste Treatment Route,Composting,\b(composting|compost\s+facility|industrial\s+compost|in[- ]?vessel\s+compost|IVC|compostage|compostaggio|compostaje|compostagem|kompostierung|kompostering|kompostointi|kompostiranje|composteerinstallatie|composteerbaar|kompostownia|κομποστοποίηση|κομπόστ|堆肥化|堆肥|퇴비화|퇴비|kompostitav\w*)\b,composting,"tchen bins (10 l itres and 30 litres including free biodegradable / compostable bags) were distributed. The collected material is driven to composting facilities to produce high quality fertilizer (compost), which will then be used by the municipality and the citizens in parks, gard ---WIN",regex_include_exclude
[150],Greece - National / municipalities - Biowaste Guide for Municipalities,Acceptance,No clear organics route,"\b(no|not|without|lack(?:ing)?)\b.{0,120}\b(organic\s*waste|food\s*waste|biowaste|bio[- ]?waste|organics)\b.{0,120}\b(collection|route|service|infrastructure|facility|treatment|system)\b",without vat) of bins to be used in the separate bio-waste collection,"tudy entitled “Implementation of a pilot bio -waste separate collection and treatment scheme in 6 Municipalities of West Attica”, it was found that the ind icative type, size and market prices (without VAT) of bins to be used in the separate bio-waste collection schemes are as follows: Table 1: Indicative type, size and market prices of bins to b",regex_include_exclude
[150],Greece - National / municipalities - Biowaste Guide for Municipalities,Certification and Approval Basis,EN 13432 / OK compost / Seedling,\b(en|din\s*en|uni\s*en|bs\s*en|nf\s*en)?\s*13432\b,13432,"bin? Figure 1: waste that belong/not belong to the brown bin (BFS, 2020) Make sure that only appropriate biodegradable/compostable bags (meet the requirements of EN standard 13432) are used. 2.2 Success factors Optimal solutions for separate bio-waste collection depend on numerous f",regex_include_exclude
[150],Greece - National / municipalities - Biowaste Guide for Municipalities,Rejection Rationale,No compatible organic-treatment route,"\b(no|not|without|lack(?:ing)?)\b.{0,120}\b(organic\s*waste|food\s*waste|biowaste|bio[- ]?waste|organics)\b.{0,120}\b(collection|route|service|infrastructure|facility|treatment|system)\b",without vat) of bins to be used in the separate bio-waste collection,"tudy entitled “Implementation of a pilot bio -waste separate collection and treatment scheme in 6 Municipalities of West Attica”, it was found that the ind icative type, size and market prices (without VAT) of bins to be used in the separate bio-waste collection schemes are as follows: Table 1: Indicative type, size and market prices of bins to b",regex_include_exclude
[151],South Korea - Seoul - added municipal/authority operational source,Source Authority,Municipal sorting rule,\b(city|municipal|municipality|commune|gemeente|gemeinde|borough|district|council|town|ville|stadt|ayuntamiento|comune|cidade|municipio|município|municipalidad|ciudad|miasto|urząd|alcald[ií]a|oslo|berlin|munich|hamburg|cologne|amsterdam|vienna|milan|barcelona|vigo|toronto|seattle|austin|san francisco|tokyo|seoul|prague|alimos|riga|krak[oó]w|toru[nń]|warsaw|bratislava|vilnius|ljubljana|maribor|christchurch|auckland|vitacura|las\s+palmas|brno|copenhagen|reykjav[ií]k|portland|new\s+york\s+city|minamata|zushi|providencia|santa\s+juana|wrocław|wroclaw)\b,seoul,South Korea - Seoul - added municipal/authority operational source | null 상세 | | 씽글벙글 서울(서울 1인가구 포털) | https://1in.seoul.go.kr/front/board/boardContentsView.d,metadata_regex + fallback_from_source_label
[151],South Korea - Seoul - added municipal/authority operational source,Stated Organic-waste Treatment Route,Composting,\b(composting|compost\s+facility|industrial\s+compost|in[- ]?vessel\s+compost|IVC|compostage|compostaggio|compostaje|compostagem|kompostierung|kompostering|kompostointi|kompostiranje|composteerinstallatie|composteerbaar|kompostownia|κομποστοποίηση|κομπόστ|堆肥化|堆肥|퇴비화|퇴비|kompostitav\w*)\b,퇴비,"통일해 분리배출 표준안을 마련했다. 표준안에는 시설별 처리가 어려운 품목에 대한 사전 조사 결과를 반영했다. 먼저, 동물 뼈, 패각류 껍데기, 채소 뿌리와 대(마늘대, 고춧대 등) 등 재활용 공정상 설비 고장의 원인이 될 수 있는 것들과 최종 재활용제품(퇴비, 사료) 품질에 영향을 미칠 수 있는 비닐류, 고추씨(캡사이신 함유) 등은 일반쓰레기로 배출해야 한다. 대파, 미나리 등의 뿌리, 옥수수 껍질, 마늘대 등은 처리시설 기계 부품에 엉킴 현상을 일으킬 우려가 있어 일반쓰레기 로 배출해야 한다. 파",regex_include_exclude
[151],South Korea - Seoul - added municipal/authority operational source,Acceptance,Rejected,"(可堆肥|可降解|生分解|塑料|塑膠|プラスチック|생분해|플라스틱|비닐).{0,100}(不(?:可|能|得)|不能|不可|請勿|不要|禁止|一般ごみ|燃えるごみ|종량제|일반쓰레기|배출불가)","비닐류, 고추씨(캡사이신 함유) 등은 일반쓰레기로 배출해야 한다. 대파, 미나리 등의 뿌리, 옥수수 껍질, 마늘대 등은 처리시설 기계 부품에 엉킴 현상을 일으킬 우려가 있어 일반쓰레기","에는 시설별 처리가 어려운 품목에 대한 사전 조사 결과를 반영했다. 먼저, 동물 뼈, 패각류 껍데기, 채소 뿌리와 대(마늘대, 고춧대 등) 등 재활용 공정상 설비 고장의 원인이 될 수 있는 것들과 최종 재활용제품(퇴비, 사료) 품질에 영향을 미칠 수 있는 비닐류, 고추씨(캡사이신 함유) 등은 일반쓰레기로 배출해야 한다. 대파, 미나리 등의 뿌리, 옥수수 껍질, 마늘대 등은 처리시설 기계 부품에 엉킴 현상을 일으킬 우려가 있어 일반쓰레기 로 배출해야 한다. 파인애플 껍데기, 복숭아·감의 씨, 조개 같은 패류 껍데기, 육류 뼈 등 딱딱한 물질은 처리시설에서 분쇄할 때 설비 고장을 일으킬 수 있어 일반쓰레기 로 배출해야 한다. 고추씨 는 퇴비화할 경우 비료 내 캡사이신 기준에 대한",regex_include_exclude
[151],South Korea - Seoul - added municipal/authority operational source,Certification and Approval Basis,Government/programme approval,(専用袋|指定袋|市が回収|전용봉투|종량제봉투|专用袋|專用袋|orange\s+bag|oranžin\w*\s+maišel\w*),종량제봉투,"류 폐기물에 넣어서는 안 되는 물질을 음식물류 폐기물로 배출시 기계설비의 고장을 일으키거나 자원 재활용이 불가함 음식물류 폐기물 배출요령 ○ 흙 등 이물질과 물기 등 수분을 최대한 제거한 후 음식물 전용수거용기(대형감량기, RFID종량기 등) 또는 음식물 종량제봉투에 배출 ○ 소금 성분이 많은 김치·된장·고추장 등은 물에 헹구어 배출 ○ 통무, 통배추, 통호박 등 부피가 큰 채소 및 대파껍질의 경우 잘게 자른 후 배출(부피가 크거나 길이가 긴 상태로 배출시 기계설비 고장 발생) 목록 패스워드팝업 글 작성시",regex_include_exclude
[151],South Korea - Seoul - added municipal/authority operational source,Rejection Rationale,Slow degradation / residence-time mismatch,"(rottezeit|zersetzungszeit|nicht\s+sicher\s+vollst[äa]ndig\s+biologisch\s+abgebaut|langer\s+dan\s+het\s+proces|proces\s+te\s+kort|te\s+langzaam\s+af|breekt\s+te\s+langzaam|langzaam\s+afbre|biohajoava.{0,80}hidas|hitaan\s+maatumis|ikke\s+brytes\s+ned|brytes\s+ikke\s+ned|inte\s+bryts\s+ner|för\s+långsamt|nedbrytning|분해|퇴비화할|可降解塑料袋.{0,80}降解的速度比厨余垃圾慢)",퇴비화할,"기계 부품에 엉킴 현상을 일으킬 우려가 있어 일반쓰레기 로 배출해야 한다. 파인애플 껍데기, 복숭아·감의 씨, 조개 같은 패류 껍데기, 육류 뼈 등 딱딱한 물질은 처리시설에서 분쇄할 때 설비 고장을 일으킬 수 있어 일반쓰레기 로 배출해야 한다. 고추씨 는 퇴비화할 경우 비료 내 캡사이신 기준에 대한 우려 때문에 음식물쓰레기로 배출하면 안 된다. 서울시는 25개 자치구에 음식물쓰레기 분리배출 기준 홍보 내용을 정비하고 조례를 개정하도록 권고하여 올해 안으로 서울시 전체에 공통된 기준을 적용한다는 계획이다.",regex_include_exclude
[152],United Kingdom - Westminster - added municipal/authority operational source,Source Authority,Municipal sorting rule,\b(city|municipal|municipality|commune|gemeente|gemeinde|borough|district|council|town|ville|stadt|ayuntamiento|comune|cidade|municipio|município|municipalidad|ciudad|miasto|urząd|alcald[ií]a|oslo|berlin|munich|hamburg|cologne|amsterdam|vienna|milan|barcelona|vigo|toronto|seattle|austin|san francisco|tokyo|seoul|prague|alimos|riga|krak[oó]w|toru[nń]|warsaw|bratislava|vilnius|ljubljana|maribor|christchurch|auckland|vitacura|las\s+palmas|brno|copenhagen|reykjav[ií]k|portland|new\s+york\s+city|minamata|zushi|providencia|santa\s+juana|wrocław|wroclaw)\b,municipal,United Kingdom - Westminster - added municipal/authority operational source | Using the food waste service | https://www.westminster.gov.uk/food-waste-recycling-expansion/using-food-wast,metadata_regex + fallback_from_source_label
[152],United Kingdom - Westminster - added municipal/authority operational source,Stated Organic-waste Treatment Route,AD/biogas only,\b(anaerobic\s+digestion|\bAD\b|biogas|biomethane|methani[sz]ation|m[ée]thanisation|biom[ée]thanisation|verg[äa]rung|vergisting|biokaas|biogaz|biogass|biogasanlegg|r[öo]tning|biog[öo]dsel|biog[øo]dning|digestate|厌氧|厭氧|沼气|沼氣)\b,anaerobic digestion,"with 100% recycled plastic. They enable us to collect food waste hygienically and keep the food waste bins clean. Our food waste is sent for anaerobic digestion processing. The liners are removed before treatment and sent to an energy-from-waste facility, where they are used as fuel to generate ele",regex_include_exclude
[152],United Kingdom - Westminster - added municipal/authority operational source,Acceptance,Rejected,"\b(not\s+accepted|not\s+allowed|do\s+not\s+put|don't\s+put|must\s+not|should\s+not|prohibited|rejected|not\s+permitted|not\s+suitable|cannot|can\s*not|can’t|can't|contamination|contaminant)\b.{0,180}\b(compostable|biodegradable|bioplastic|bio[- ]?plastic|compostable\s+packag|biodegradable\s+packag|serviceware|cup|cutlery)","do not put these in your food bins: packaging of any kind, including compostable","cheese, yoghurt, eggs, including eggshells tea bags and coffee grounds rice, pasta and beans bread and pastries fruits and vegetables Please do not put these in your food bins: packaging of any kind, including compostable packaging black plastic bags liquids, such as milk flowers or garden waste - please check to see if your property is part of our garden wa",regex_include_exclude
[152],United Kingdom - Westminster - added municipal/authority operational source,Certification and Approval Basis,Generic compostable/biodegradable wording only,\b(compostable|biodegradable|industrially\s+compostable|certified\s+compostable|composteerbaar\w*|kompostierbar\w*|compostabil\w*|biod[ée]gradable\w*|biohajoava|kompostoituva|biolagunev\w*|biolo[šs]ko\s+razgradljiv\w*|kompostowaln\w*|biodegradowaln\w*)\b,compostable,"s rice, pasta and beans bread and pastries fruits and vegetables Please do not put these in your food bins: packaging of any kind, including compostable packaging black plastic bags liquids, such as milk flowers or garden waste - please check to see if your property is part of our garden wa",regex_include_exclude
[152],United Kingdom - Westminster - added municipal/authority operational source,Rejection Rationale,AD/biogas incompatibility,"\b(anaerobic\s+digestion|\bAD\b|biogas|digest(?:ion|er)|m[ée]thanisation|methani[sz]ation|verg[äa]rung|biokaas|bioverg[äa]rungsanlage|biogass|biogasanlegg|biogödsel|biogødning)\b.{0,240}\b(compostable|biodegradable|bag|liner|plastic|packaging|break\s+down|clog|screen|reject|incompatib|problem)",anaerobic digestion processing. the liner,"with 100% recycled plastic. They enable us to collect food waste hygienically and keep the food waste bins clean. Our food waste is sent for anaerobic digestion processing. The liners are removed before treatment and sent to an energy-from-waste facility, where they are used as fuel to generate electricity. Is there any",regex_include_exclude
[153],United Kingdom - Leeds - added municipal/authority operational source,Source Authority,Municipal sorting rule,\b(city|municipal|municipality|commune|gemeente|gemeinde|borough|district|council|town|ville|stadt|ayuntamiento|comune|cidade|municipio|município|municipalidad|ciudad|miasto|urząd|alcald[ií]a|oslo|berlin|munich|hamburg|cologne|amsterdam|vienna|milan|barcelona|vigo|toronto|seattle|austin|san francisco|tokyo|seoul|prague|alimos|riga|krak[oó]w|toru[nń]|warsaw|bratislava|vilnius|ljubljana|maribor|christchurch|auckland|vitacura|las\s+palmas|brno|copenhagen|reykjav[ií]k|portland|new\s+york\s+city|minamata|zushi|providencia|santa\s+juana|wrocław|wroclaw)\b,municipal,United Kingdom - Leeds - added municipal/authority operational source | Main navigation | https://www.leeds.gov.uk/bins-and-recycling/your-bins/food-waste-bin,metadata_regex + fallback_from_source_label
[153],United Kingdom - Leeds - added municipal/authority operational source,Stated Organic-waste Treatment Route,AD/biogas + composting,"\b(compost|composting|kompost|compostaggio|compostaje|compostagem|kompostering|kompostointi|kompostiranje|κομποστοποίηση|堆肥|퇴비)\b.{0,180}\b(anaerobic\s+digestion|\bAD\b|biogas|biomethane|methani[sz]ation|m[ée]thanisation|biom[ée]thanisation|verg[äa]rung|vergisting|r[öo]tning|digestate|biog[öo]dsel|biog[øo]dning)\b","composting (ivc) ivc is the best solution to turn combined food and garden waste in to compost. alternatives, like anaerobic digestion (ad","n used to make soil healthier for farming. You can find out more about this process online through Allium Energy . Alternatives to in-vessel composting (IVC) IVC is the best solution to turn combined food and garden waste in to compost. Alternatives, like Anaerobic Digestion (AD) are suited to processing food waste only. ID: 45279 Give feedback and let us know if this page was helpful Subscribe to our newsletters F",regex_include_exclude
[153],United Kingdom - Leeds - added municipal/authority operational source,Acceptance,Collection liners only,"\b(food[- ]?waste|bio[- ]?waste|organic\s*waste|kitchen\s*caddy)\b.{0,160}\b(compostable|biodegradable|paper)\s+(bag|liner|sack)s?","food waste, we will provide you with an initial roll of compostable liners","to the new kitchen caddy. When your caddy is full, empty it into your brown bin with any garden waste you may have. To help you recycle your food waste, we will provide you with an initial roll of compostable liners to line the food caddy. Once these have been used up, you can purchase some more from your local supermarket or online. Look for EN13432 c",regex_include_exclude_context_checked
[153],United Kingdom - Leeds - added municipal/authority operational source,Certification and Approval Basis,EN 13432 / OK compost / Seedling,\b(en|din\s*en|uni\s*en|bs\s*en|nf\s*en)?\s*13432\b,en13432,"able liners to line the food caddy. Once these have been used up, you can purchase some more from your local supermarket or online. Look for EN13432 certified compostable liners suitable for a 7 litre caddy. To avoid contamination, bags or liners that are not EN13432 certified should no",regex_include_exclude
[153],United Kingdom - Leeds - added municipal/authority operational source,Rejection Rationale,No compatible organic-treatment route,"\b(no|not|without|lack(?:ing)?)\b.{0,120}\b(organic\s*waste|food\s*waste|biowaste|bio[- ]?waste|organics)\b.{0,120}\b(collection|route|service|infrastructure|facility|treatment|system)\b",without the need for a fourth bin. this will begin with the organic waste collection trial in the wetherby area. this area has been selected for the trial because it is closest to the facility,"ling rules. We are exploring how we can make this happen whilst allowing residents to keep using their existing green, brown and black bins, without the need for a fourth bin. This will begin with the organic waste collection trial in the Wetherby area. This area has been selected for the trial because it is closest to the facility where the mixed food and garden waste will be tipped. The streets on the trial are based on the existing garden waste collection days and",regex_include_exclude
[154],Netherlands - The Hague - added municipal/authority operational source,Source Authority,Municipal sorting rule,\b(city|municipal|municipality|commune|gemeente|gemeinde|borough|district|council|town|ville|stadt|ayuntamiento|comune|cidade|municipio|município|municipalidad|ciudad|miasto|urząd|alcald[ií]a|oslo|berlin|munich|hamburg|cologne|amsterdam|vienna|milan|barcelona|vigo|toronto|seattle|austin|san francisco|tokyo|seoul|prague|alimos|riga|krak[oó]w|toru[nń]|warsaw|bratislava|vilnius|ljubljana|maribor|christchurch|auckland|vitacura|las\s+palmas|brno|copenhagen|reykjav[ií]k|portland|new\s+york\s+city|minamata|zushi|providencia|santa\s+juana|wrocław|wroclaw)\b,municipal,Netherlands - The Hague - added municipal/authority operational source | Separating waste: organic waste (GFT) | https://www.denhaag.nl/en/waste-and-recycling/separating-waste-and-r,metadata_regex + fallback_from_source_label
[154],Netherlands - The Hague - added municipal/authority operational source,Stated Organic-waste Treatment Route,AD/biogas + composting,"\b(anaerobic\s+digestion|\bAD\b|biogas|biomethane|methani[sz]ation|m[ée]thanisation|biom[ée]thanisation|verg[äa]rung|vergisting|r[öo]tning|digestate|biog[öo]dsel|biog[øo]dning)\b.{0,180}\b(compost|composting|kompost|compostaggio|compostaje|compostagem|kompostering|kompostointi|kompostiranje|κομποστοποίηση|堆肥|퇴비)",biogas and compost,"food and garden waste (GFT in Dutch). Read in which neighbourhoods organic waste is being collected. Your organic waste will be turned into biogas and compost for farming and gardening. By separating your organic waste from other waste, you are working towards a better environment. Organic waste",regex_include_exclude
[154],Netherlands - The Hague - added municipal/authority operational source,Acceptance,Rejected,"\b(not\s+accepted|not\s+allowed|do\s+not\s+put|don't\s+put|must\s+not|should\s+not|prohibited|rejected|not\s+permitted|not\s+suitable|cannot|can\s*not|can’t|can't|contamination|contaminant)\b.{0,180}\b(compostable|biodegradable|bioplastic|bio[- ]?plastic|compostable\s+packag|biodegradable\s+packag|serviceware|cup|cutlery)",not allowed in the gft bucket or container ash from ashtrays and the fireplace biodegradable,"unds Small garden and plant waste: leaves cut grass house plants garden clippings weeds cut flowers Other: manure from small pets with straw Not allowed in the GFT bucket or container ash from ashtrays and the fireplace biodegradable plastic (takes too long before it turns into compost) frying oil dog and cat hairs wood large garden waste, such as branches, Christmas tr",regex_include_exclude
[154],Netherlands - The Hague - added municipal/authority operational source,Certification and Approval Basis,Generic compostable/biodegradable wording only,\b(compostable|biodegradable|industrially\s+compostable|certified\s+compostable|composteerbaar\w*|kompostierbar\w*|compostabil\w*|biod[ée]gradable\w*|biohajoava|kompostoituva|biolagunev\w*|biolo[šs]ko\s+razgradljiv\w*|kompostowaln\w*|biodegradowaln\w*)\b,biodegradable,"gs weeds cut flowers Other: manure from small pets with straw Not allowed in the GFT bucket or container ash from ashtrays and the fireplace biodegradable plastic (takes too long before it turns into compost) frying oil dog and cat hairs wood large garden waste, such as branches, Christmas tr",regex_include_exclude
[154],Netherlands - The Hague - added municipal/authority operational source,Rejection Rationale,Compost/digestate quality or contamination concern,\b(compost\s+quality|digestate\s+quality|microplastic|microplastics|contamination|contaminant|foreign\s+matter|residue|pollutant|clean\s+compost|soil|agricultural\s+use|quality\s+standard|fertiliser|fertilizer|impurity|physical\s+contamination|quality\s+control|nutrient|nutritional\s+value|soil\s+amendment)\b,soil,st yourself from organic waste. This way you help to reduce the amount of waste. And you change your organic waste into a rich humus for the soil in your garden or flower boxes. You can make compost in a compost bin which you can buy at a home improvement store or garden centre. You,regex_include_exclude
[155],Netherlands - Maastricht - added municipal/authority operational source,Source Authority,Municipal sorting rule,\b(city|municipal|municipality|commune|gemeente|gemeinde|borough|district|council|town|ville|stadt|ayuntamiento|comune|cidade|municipio|município|municipalidad|ciudad|miasto|urząd|alcald[ií]a|oslo|berlin|munich|hamburg|cologne|amsterdam|vienna|milan|barcelona|vigo|toronto|seattle|austin|san francisco|tokyo|seoul|prague|alimos|riga|krak[oó]w|toru[nń]|warsaw|bratislava|vilnius|ljubljana|maribor|christchurch|auckland|vitacura|las\s+palmas|brno|copenhagen|reykjav[ií]k|portland|new\s+york\s+city|minamata|zushi|providencia|santa\s+juana|wrocław|wroclaw)\b,municipal,Netherlands - Maastricht - added municipal/authority operational source | Hoofdnavigatie Engels | https://www.gemeentemaastricht.nl/en/vegetable-fruit-garden-and-food-waste,metadata_regex + fallback_from_source_label
[155],Netherlands - Maastricht - added municipal/authority operational source,Stated Organic-waste Treatment Route,Composting,\b(composting|compost\s+facility|industrial\s+compost|in[- ]?vessel\s+compost|IVC|compostage|compostaggio|compostaje|compostagem|kompostierung|kompostering|kompostointi|kompostiranje|composteerinstallatie|composteerbaar|kompostownia|κομποστοποίηση|κομπόστ|堆肥化|堆肥|퇴비화|퇴비|kompostitav\w*)\b,composting,th a seedling logo or OK-compost logo. What happens to the waste from my gft+e container? We take the gft+e waste from your container to the composting facility at Maastricht Beatrixhaven. It is turned into compost and sent to local farmers or potting soil manufacturers. The potting soil m,regex_include_exclude
[155],Netherlands - Maastricht - added municipal/authority operational source,Acceptance,Collection liners only,"\b(use|can\s+use|may\s+use|allowed\s+to\s+use|line|pack|collect|wrap)\b.{0,160}\b(compostable|bioplastic|biodegradable|paper)\s+(bag|liner|sack)s?",can use a biodegradable liner,"contrary to popular belief). Biodegradable plastic does not compost fast enough to make compost, and contaminates the recycling process. You can use a biodegradable liner to keep your gft+e container clean. Please note: only use bags with a seedling logo or OK-compost logo. What happens to the waste from my",regex_include_exclude_context_checked
[155],Netherlands - Maastricht - added municipal/authority operational source,Certification and Approval Basis,EN 13432 / OK compost / Seedling,\bok\s*compost(?!\s*home)\b,ok compost,ain first. Wrap meat and fish leftovers in newspaper. This will keep flies away. Use a biodegradable bag (only those with a seedling logo or OK compost logo) . This ensures it can be properly composted at the facility. Are you bothered by smells? An occasional handful of sawdust can absorb,regex_include_exclude
[155],Netherlands - Maastricht - added municipal/authority operational source,Rejection Rationale,Compost/digestate quality or contamination concern,\b(compost\s+quality|digestate\s+quality|microplastic|microplastics|contamination|contaminant|foreign\s+matter|residue|pollutant|clean\s+compost|soil|agricultural\s+use|quality\s+standard|fertiliser|fertilizer|impurity|physical\s+contamination|quality\s+control|nutrient|nutritional\s+value|soil\s+amendment)\b,soil,"the green caddy or wheelie bin. We collect these gft+e-containers each week, free of charge and we turn your gft+e into compost for healthy soil. Here you can read tips about the gft+e container and gft+e waste. You can also request a gft+e container or report something on this page",regex_include_exclude
[156],Italy - Hera - added municipal/authority operational source,Source Authority,Municipal sorting rule,\b(city|municipal|municipality|commune|gemeente|gemeinde|borough|district|council|town|ville|stadt|ayuntamiento|comune|cidade|municipio|município|municipalidad|ciudad|miasto|urząd|alcald[ií]a|oslo|berlin|munich|hamburg|cologne|amsterdam|vienna|milan|barcelona|vigo|toronto|seattle|austin|san francisco|tokyo|seoul|prague|alimos|riga|krak[oó]w|toru[nń]|warsaw|bratislava|vilnius|ljubljana|maribor|christchurch|auckland|vitacura|las\s+palmas|brno|copenhagen|reykjav[ií]k|portland|new\s+york\s+city|minamata|zushi|providencia|santa\s+juana|wrocław|wroclaw)\b,municipal,Italy - Hera - added municipal/authority operational source | Menù di navigazione | https://www.gruppohera.it/-/raccolta-differenziata-dell-organico-una-risorsa-senza-lim,metadata_regex + fallback_from_source_label
[156],Italy - Hera - added municipal/authority operational source,Stated Organic-waste Treatment Route,Treatment route not stated,,,,fallback_default
[156],Italy - Hera - added municipal/authority operational source,Acceptance,Rejected,"(ikke|inte|må\s+ikke|skal\s+ikke|ei|ei\s+saa|ei\s+kuulu).{0,180}(komposterbar\w*|bioposer|bioplast|plast|biohajoava\w*|kompostoituva\w*|muovipakkauk\w*|kertak[äa]ytt[öo]astia)",ei rifiuti che produciamo ogni giorno. dopo il successo della campagna su come conferire correttamente la plast,"rifiuto in una risorsa dalle opportunità illimitate. Protagonista della nuova campagna è la frazione organica, che rappresenta circa il 10% dei rifiuti che produciamo ogni giorno. Dopo il successo della campagna su come conferire correttamente la plastica, Hera si dedica agli scarti alimentari per comunicare che differenziare le varie tipologie di rifiuti è semplice e contribuisce ad accr",regex_include_exclude
[156],Italy - Hera - added municipal/authority operational source,Certification and Approval Basis,No named standard/approval stated,,,,fallback_default
[156],Italy - Hera - added municipal/authority operational source,Rejection Rationale,AD/biogas incompatibility,"\b(anaerobic\s+digestion|\bAD\b|biogas|digest(?:ion|er)|m[ée]thanisation|methani[sz]ation|verg[äa]rung|biokaas|bioverg[äa]rungsanlage|biogass|biogasanlegg|biogödsel|biogødning)\b.{0,240}\b(compostable|biodegradable|bag|liner|plastic|packaging|break\s+down|clog|screen|reject|incompatib|problem)","ad aprile 2025 nell'area metropolitana di bologna, che intende sensibilizzare i cittadini sull'importanza di fare una raccolta plastic","xpando__keyword__custom_fields__SMARTSEARCH_KB=[false]} 12/05/2025 Trova l’intruso nella plastica È questo il titolo della campagna iniziata ad aprile 2025 nell’Area Metropolitana di Bologna, che intende sensibilizzare i cittadini sull'importanza di fare una raccolta plastica di qualità. Dopo aver effettuato una specifica formazione agli operatori delle stazioni ecologiche, la campagna ha previsto: Una cartello",regex_include_exclude
[157],Greece - Chania-DEDISA - added municipal/authority operational source,Source Authority,"State, provincial, regional, or canton rule",,,Greece - Chania-DEDISA - added municipal/authority operational source | Food waste separate collection - Chania Prefecture Biowaste | https://www.chania.gr/wp-content/uploads/2020/12/55/43694/8pages_16x16_dedisa_en_corrected.pdf,source_label_priority
[157],Greece - Chania-DEDISA - added municipal/authority operational source,Stated Organic-waste Treatment Route,Treatment route not stated,\b(brown\s*bin|green\s*cart|organic\s*waste\s*collection|food\s*waste\s*collection|food\s*scraps?\s*(?:bin|collection)|bio[- ]?waste\s*collection|biowaste\s*collection|FOGO|GFT|biotonne|bioabfall|contenedor\s+marr[oó]n|contentor\s+castanho|bac\s+brun|rifiut[io]\s+organic[io]|umido|maisto\s+atliek|bioj[äa]te|madaffald|matavfall|bioodpad|pojemnik\s+bio|kitchen\s*waste\s*collection)\b,brown bin,"tions in Chanea Municipality (excluding RECODE implementation area)"" with MIS code 5052164. --- Page 5 --- 02. What food can you put in the brown bin? Yes please! Raw and cooked food leftovers such as: - fruit and vegetables - meat and fish (including bones)* - bread, cakes and pastries -",regex_include_exclude
[157],Greece - Chania-DEDISA - added municipal/authority operational source,Acceptance,Collection liners only,"\b(use|can\s+use|may\s+use|allowed\s+to\s+use|line|pack|collect|wrap)\b.{0,160}\b(compostable|bioplastic|biodegradable|paper)\s+(bag|liner|sack)s?",use? - food waste caddy ~ 5-10 lt or/and paper bags such as grocery paper bags (for households) - kitchen pedal bin ~ 30-60 lt biodegradable or paper bags,"and help to change the way we manage our ""organic"" waste! Let's start! --- Page 4 --- 01. How to separate your food waste? What bin or bag can you use? - Food Waste Caddy ~ 5-10 LT or/and paper bags such as grocery paper bags (for households) - Kitchen Pedal Bin ~ 30-60 LT Biodegradable or paper bags can be used along (for hotels, restaurants, etc.) How to collect food waste? Place your leftover food in the paper bag/food wast",regex_include_exclude_context_checked
[157],Greece - Chania-DEDISA - added municipal/authority operational source,Certification and Approval Basis,EN 13432 / OK compost / Seedling,\bseedling\b|\bkeimling\b|\bkiemplant(?:logo)?\b,seedling,ct your municipality to find out which are the collection areas of the Food Waste Program. DEDISA --- Page 2 --- [Image page: child planting seedling. Municipality of Chania - Crete logo.] --- Page 3 --- We are starting to collect separately food waste... be apart of it! Apart from th,regex_include_exclude
[157],Greece - Chania-DEDISA - added municipal/authority operational source,Rejection Rationale,No compatible organic-treatment route,"\b(no|not|without|lack(?:ing)?)\b.{0,120}\b(organic\s*waste|food\s*waste|biowaste|bio[- ]?waste|organics)\b.{0,120}\b(collection|route|service|infrastructure|facility|treatment|system)\b",not be disposed of in this bin. for a successful food waste separate collection,"order to produce compost. This brochure provides instructions on the type of materials that the BROWN bin accepts and the materials that should not be disposed of in this bin. For a successful food waste separate collection programme, close cooperation with citizens and professionals is essential. Join us - Accept the challenge / invitation, get informed",regex_include_exclude
[158],Greece - Arta - added municipal/authority operational source,Source Authority,Municipal sorting rule,\b(city|municipal|municipality|commune|gemeente|gemeinde|borough|district|council|town|ville|stadt|ayuntamiento|comune|cidade|municipio|município|municipalidad|ciudad|miasto|urząd|alcald[ií]a|oslo|berlin|munich|hamburg|cologne|amsterdam|vienna|milan|barcelona|vigo|toronto|seattle|austin|san francisco|tokyo|seoul|prague|alimos|riga|krak[oó]w|toru[nń]|warsaw|bratislava|vilnius|ljubljana|maribor|christchurch|auckland|vitacura|las\s+palmas|brno|copenhagen|reykjav[ií]k|portland|new\s+york\s+city|minamata|zushi|providencia|santa\s+juana|wrocław|wroclaw)\b,municipal,Greece - Arta - added municipal/authority operational source | ΚΑΦΕ ΚΑΔΟΣ | https://kafekadoi.gr/ti-einai-o-kafe-kados/,metadata_regex + fallback_from_source_label
[158],Greece - Arta - added municipal/authority operational source,Stated Organic-waste Treatment Route,Composting,\b(composting|compost\s+facility|industrial\s+compost|in[- ]?vessel\s+compost|IVC|compostage|compostaggio|compostaje|compostagem|kompostierung|kompostering|kompostointi|kompostiranje|composteerinstallatie|composteerbaar|kompostownia|κομποστοποίηση|κομπόστ|堆肥化|堆肥|퇴비화|퇴비|kompostitav\w*)\b,κομπόστ,"αφέ κάδου συνήθως υποβάλλεται σε επεξεργασία μέσω της κομποστοποίησης ή άλλων μεθόδων διαχείρισης οργανικών αποβλήτων, με στόχο την παραγωγή κομπόστ ή εδαφοβελτιωτικού, το οποίο μπορεί να χρησιμοποιηθεί για τη βελτίωση της ποιότητας του εδάφους στη γεωργία ή τον κήπο. Οι καφέ κάδοι συνή",regex_include_exclude
[158],Greece - Arta - added municipal/authority operational source,Acceptance,Collection liners only,"(?:βιοαποδομήσιμες|κομποστοποιήσιμες).{0,80}σακούλες.{0,120}(?:καφέ\s+κάδ|υπολείμματα\s+τροφ|τροφών)",βιοαποδομήσιμες/ κομποστοποιήσιμες σακούλες (οι οποίες πληρούν τις απαιτήσεις του προτύπου en 13432) τι δεν βάζουμε στους καφέ κάδ,"ινα φακελάκια) Προϊόντα στερεών τροφίμων που έχουν λήξει ( χωρίς τη συσκευασία) *Πρέπει να διασφαλιστεί ότι χρησιμοποιούνται μόνο κατάλληλες βιοαποδομήσιμες/ κομποστοποιήσιμες σακούλες (οι οποίες πληρούν τις απαιτήσεις του προτύπου EN 13432) Τι δεν βάζουμε στους Καφέ Κάδους; Υγρά απόβλητα τροφίμων (γάλα, χυμός, ποτά) Κάψουλες καφέ πλαστικές/ αλουμινίου Σερβιέτες, πάνες Σακούλες ηλεκτρικής σκούπας Αποτσίγαρα",regex_include_exclude_context_checked
[158],Greece - Arta - added municipal/authority operational source,Certification and Approval Basis,EN 13432 / OK compost / Seedling,\b(en|din\s*en|uni\s*en|bs\s*en|nf\s*en)?\s*13432\b,en 13432,"διασφαλιστεί ότι χρησιμοποιούνται μόνο κατάλληλες βιοαποδομήσιμες/ κομποστοποιήσιμες σακούλες (οι οποίες πληρούν τις απαιτήσεις του προτύπου EN 13432) Τι δεν βάζουμε στους Καφέ Κάδους; Υγρά απόβλητα τροφίμων (γάλα, χυμός, ποτά) Κάψουλες καφέ πλαστικές/ αλουμινίου Σερβιέτες, πάνες Σακούλε",regex_include_exclude
[158],Greece - Arta - added municipal/authority operational source,Rejection Rationale,Reason not explicitly stated,,,,fallback_default
[159],France - Bordeaux Métropole - added municipal/authority operational source,Source Authority,Intermunicipal or regional waste authority,,,France - Bordeaux Métropole - added municipal/authority operational source | Navigation principale | https://www.bordeaux-metropole.fr/a-votre-service/services-aux-particuliers/dechets/je-trie-je-valorise/dechets-alimentaires,source_label_priority
[159],France - Bordeaux Métropole - added municipal/authority operational source,Stated Organic-waste Treatment Route,Composting,\b(composting|compost\s+facility|industrial\s+compost|in[- ]?vessel\s+compost|IVC|compostage|compostaggio|compostaje|compostagem|kompostierung|kompostering|kompostointi|kompostiranje|composteerinstallatie|composteerbaar|kompostownia|κομποστοποίηση|κομπόστ|堆肥化|堆肥|퇴비화|퇴비|kompostitav\w*)\b,compostage,"ipale | https://www.bordeaux-metropole.fr/a-votre-service/services-aux-particuliers/dechets/je-trie-je-valorise/dechets-alimentaires ons de compostage. Déposez vos déchets alimentaires dans une borne à déchets alimentaires proche de chez vous, le composteur collectif dont vous dépendez ou",regex_include_exclude
[159],France - Bordeaux Métropole - added municipal/authority operational source,Acceptance,Collection liners only,"(?:d[ée]chets?\s+alimentaires|biod[ée]chets?|d[ée]chets?\s+organiques|mati[èe]res?\s+organiques).{0,140}sacs?\s+(?:compostables?|biod[ée]gradables?|bio|en\s+papier|kraft)",déchets alimentaires en vrac ou dans un sac kraft,mortisseurs pour minimiser les nuisances sonores lors de son utilisation. Comment ça marche ? C'est simple et sans inscription : déposez vos déchets alimentaires en vrac ou dans un sac kraft directement dans la borne. Aucune démarche administrative n'est nécessaire. Ce qui va dans la borne : Épluchures de fruits et légumes Rest,regex_include_exclude_context_checked
[159],France - Bordeaux Métropole - added municipal/authority operational source,Certification and Approval Basis,Generic compostable/biodegradable wording only,\b(compostable|biodegradable|industrially\s+compostable|certified\s+compostable|composteerbaar\w*|kompostierbar\w*|compostabil\w*|biod[ée]gradable\w*|biohajoava|kompostoituva|biolagunev\w*|biolo[šs]ko\s+razgradljiv\w*|kompostowaln\w*|biodegradowaln\w*)\b,biodégradables,"ettes en papier Fleurs fanées Sacs kraft Ce qui ne va PAS dans la borne : Emballages (papier, plastique, aluminium...) Sacs plastiques (même biodégradables) Capsules de café (même compostables ou biodégradables) Objets (couverts, vaisselle...) Lingettes nettoyantes, mouchoirs en papier Coquill",regex_include_exclude
[159],France - Bordeaux Métropole - added municipal/authority operational source,Rejection Rationale,Compost/digestate quality or contamination concern,(mikroplastik|fremdstoff|st[öo]rstoff|vervuiling|verontreiniging|schone\s+compost|kwaliteit|schadelijke\s+stoffen|compostkwaliteit|bodem|meststof|fertilisant|engrais|qualit[ée]|inquinant|퇴비|비료|품질),engrais,"ères ou comme carburant (GNC) pour les véhicules Du CO₂ , injecté dans les boissons gazeuses ou les serres de culture Une sorte de compost , engrais naturel pour les plantations, issu des matières solides restantes. Dans les composteurs individuels ou collectifs : Vos déchets se transfo",regex_include_exclude
[160],France - Aix-Marseille-Provence - added municipal/authority operational source,Source Authority,Municipal sorting rule,\b(city|municipal|municipality|commune|gemeente|gemeinde|borough|district|council|town|ville|stadt|ayuntamiento|comune|cidade|municipio|município|municipalidad|ciudad|miasto|urząd|alcald[ií]a|oslo|berlin|munich|hamburg|cologne|amsterdam|vienna|milan|barcelona|vigo|toronto|seattle|austin|san francisco|tokyo|seoul|prague|alimos|riga|krak[oó]w|toru[nń]|warsaw|bratislava|vilnius|ljubljana|maribor|christchurch|auckland|vitacura|las\s+palmas|brno|copenhagen|reykjav[ií]k|portland|new\s+york\s+city|minamata|zushi|providencia|santa\s+juana|wrocław|wroclaw)\b,municipal,France - Aix-Marseille-Provence - added municipal/authority operational source | J’utilise les bornes de déchets alimentaires | https://dechets.ampmetropole.fr/particuliers/je-nourris-mon-j,metadata_regex + fallback_from_source_label
[160],France - Aix-Marseille-Provence - added municipal/authority operational source,Stated Organic-waste Treatment Route,Composting,\b(composting|compost\s+facility|industrial\s+compost|in[- ]?vessel\s+compost|IVC|compostage|compostaggio|compostaje|compostagem|kompostierung|kompostering|kompostointi|kompostiranje|composteerinstallatie|composteerbaar|kompostownia|κομποστοποίηση|κομπόστ|堆肥化|堆肥|퇴비화|퇴비|kompostitav\w*)\b,compostage,"ou dans un sac papier kraft . Mes déchets alimentaires sont collectés régulièrement par la Métropole pour être acheminés vers un centre de compostage industriel du territoire . Les déchets alimentaires triés, mélangés et fermentés sur place, subissent un processus de décomposition progres",regex_include_exclude
[160],France - Aix-Marseille-Provence - added municipal/authority operational source,Acceptance,Collection liners only,"(?:d[ée]chets?\s+alimentaires|biod[ée]chets?|d[ée]chets?\s+organiques|mati[èe]res?\s+organiques).{0,140}sacs?\s+(?:compostables?|biod[ée]gradables?|bio|en\s+papier|kraft)",déchets alimentaires dans une borne ? les déchets alimentaires sont à déposer exclusivement en vrac ou dans un sac kraft,"équence en été). Je le rince à chaque usage (il passe au lave-vaisselle). Est-ce que je peux utiliser des sacs compostables pour déposer mes déchets alimentaires dans une borne ? Les déchets alimentaires sont à déposer exclusivement EN VRAC ou dans un SAC KRAFT . Les sacs plastiques, les sacs de fruits et légumes du supermarché et autres sont interdits dans les bornes de déchets alimentaires. Pour",regex_include_exclude_context_checked
[160],France - Aix-Marseille-Provence - added municipal/authority operational source,Certification and Approval Basis,No named standard/approval stated,,,,fallback_default
[160],France - Aix-Marseille-Provence - added municipal/authority operational source,Rejection Rationale,Compost/digestate quality or contamination concern,(mikroplastik|fremdstoff|st[öo]rstoff|vervuiling|verontreiniging|schone\s+compost|kwaliteit|schadelijke\s+stoffen|compostkwaliteit|bodem|meststof|fertilisant|engrais|qualit[ée]|inquinant|퇴비|비료|품질),engrais,"ire . Les déchets alimentaires triés, mélangés et fermentés sur place, subissent un processus de décomposition progressif jusqu’à devenir un engrais naturel : du compost prêt à enrichir les sols agricoles locaux . Lorsque j’achète des produits locaux pour cuisiner, je boucle la boucle d",regex_include_exclude
[161],France - Grenoble Alpes Métropole - added municipal/authority operational source,Source Authority,Intermunicipal or regional waste authority,,,France - Grenoble Alpes Métropole - added municipal/authority operational source | Menu | https://www.grenoblealpesmetropole.fr/80-les-dechets-alimentaires.htm,source_label_priority
[161],France - Grenoble Alpes Métropole - added municipal/authority operational source,Stated Organic-waste Treatment Route,AD/biogas only,\b(anaerobic\s+digestion|\bAD\b|biogas|biomethane|methani[sz]ation|m[ée]thanisation|biom[ée]thanisation|verg[äa]rung|vergisting|biokaas|biogaz|biogass|biogasanlegg|r[öo]tning|biog[öo]dsel|biog[øo]dning|digestate|厌氧|厭氧|沼气|沼氣)\b,biogaz,"t, puis mis à disposition gratuitement des agriculteurs locaux pour enrichir leurs sols. À partir de 2024, ils seront également valorisés en biogaz grâce au nouveau méthaniseur , actuellement à l'étude. Le tri des déchets alimentaires en vidéo Quelques conseils pour éviter les odeurs a",regex_include_exclude
[161],France - Grenoble Alpes Métropole - added municipal/authority operational source,Acceptance,Collection liners only,"(?:d[ée]chets?\s+alimentaires|biod[ée]chets?|d[ée]chets?\s+organiques|mati[èe]res?\s+organiques).{0,140}sacs?\s+(?:compostables?|biod[ée]gradables?|bio|en\s+papier|kraft)",déchets alimentaires que vous jetez dans la poubelle marron doivent être déposés dans un sac biodégradable,"marron sont les coquillages (moules, huîtres...). En cas de doute, utilisez : Notre moteur de recherche sur le tri des déchets Rappel : les déchets alimentaires que vous jetez dans la poubelle marron doivent être déposés dans un sac biodégradable fourni gratuitement par la Métropole. Grenoble Alpes Métropole vous accompagne également dans la lutte contre le gaspillage alimentaire .",regex_include_exclude_context_checked
[161],France - Grenoble Alpes Métropole - added municipal/authority operational source,Certification and Approval Basis,Generic compostable/biodegradable wording only,\b(compostable|biodegradable|industrially\s+compostable|certified\s+compostable|composteerbaar\w*|kompostierbar\w*|compostabil\w*|biod[ée]gradable\w*|biohajoava|kompostoituva|biolagunev\w*|biolo[šs]ko\s+razgradljiv\w*|kompostowaln\w*|biodegradowaln\w*)\b,biodégradables,tre d’être compostés et réutilisés localement en engrais naturel plutôt que d’être incinérés. Accès rapides Où retirer des bio-seaux et sacs biodégradables ? L'essentiel à retenir Les déchets alimentaires se jettent dans votre composteur ou dans votre poubelle marron si votre commune est conce,regex_include_exclude
[161],France - Grenoble Alpes Métropole - added municipal/authority operational source,Rejection Rationale,Compost/digestate quality or contamination concern,(mikroplastik|fremdstoff|st[öo]rstoff|vervuiling|verontreiniging|schone\s+compost|kwaliteit|schadelijke\s+stoffen|compostkwaliteit|bodem|meststof|fertilisant|engrais|qualit[ée]|inquinant|퇴비|비료|품질),qualité,mon eau Me déplacer Me loger et améliorer mon logement Faire des économies d'énergie chez soi Connaitre les règles d'urbanisme Agir pour la qualité de l'air Découvrir et préserver la nature Consommer durable et local Sortir Participer à la vie citoyenne Être accompagné vers l'emploi Dé,regex_include_exclude
[162],Norway - BIR Bergen - added municipal/authority operational source,Source Authority,Municipal sorting rule,\b(city|municipal|municipality|commune|gemeente|gemeinde|borough|district|council|town|ville|stadt|ayuntamiento|comune|cidade|municipio|município|municipalidad|ciudad|miasto|urząd|alcald[ií]a|oslo|berlin|munich|hamburg|cologne|amsterdam|vienna|milan|barcelona|vigo|toronto|seattle|austin|san francisco|tokyo|seoul|prague|alimos|riga|krak[oó]w|toru[nń]|warsaw|bratislava|vilnius|ljubljana|maribor|christchurch|auckland|vitacura|las\s+palmas|brno|copenhagen|reykjav[ií]k|portland|new\s+york\s+city|minamata|zushi|providencia|santa\s+juana|wrocław|wroclaw)\b,municipal,Norway - BIR Bergen - added municipal/authority operational source | Råd for riktig bruk av papirposen til matavfall | https://bir.no/bli-kvitt-boss/matavfall/poser-til-matavfal,metadata_regex + fallback_from_source_label
[162],Norway - BIR Bergen - added municipal/authority operational source,Stated Organic-waste Treatment Route,Treatment route not stated,\b(brown\s*bin|green\s*cart|organic\s*waste\s*collection|food\s*waste\s*collection|food\s*scraps?\s*(?:bin|collection)|bio[- ]?waste\s*collection|biowaste\s*collection|FOGO|GFT|biotonne|bioabfall|contenedor\s+marr[oó]n|contentor\s+castanho|bac\s+brun|rifiut[io]\s+organic[io]|umido|maisto\s+atliek|bioj[äa]te|madaffald|matavfall|bioodpad|pojemnik\s+bio|kitchen\s*waste\s*collection)\b,matavfall,Norway - BIR Bergen - added municipal/authority operational source | Råd for riktig bruk av papirposen til matavfall | https://bir.no/bli-kvitt-boss/matavfall/poser-til-matavfall/ Råd for riktig bruk av papirposen til matavfall URL: https://bir.no/bli-kvit,regex_include_exclude
[162],Norway - BIR Bergen - added municipal/authority operational source,Acceptance,Rejected,"(ikke|inte|må\s+ikke|skal\s+ikke|ei|ei\s+saa|ei\s+kuulu).{0,180}(komposterbar\w*|bioposer|bioplast|plast|biohajoava\w*|kompostoituva\w*|muovipakkauk\w*|kertak[äa]ytt[öo]astia)",ikke tilfører mikroplast til biogjødselen som produseres i biogassanlegget vårt på voss. det gjør at gjødselen kan brukes trygt i matproduksjon hos lokale bønder. bioposer,miljøbussene . Derfor bruker vi papirposer til matavfall I BIR bruker vi papirposer til innsamling av matavfall fordi de brytes helt ned og ikke tilfører mikroplast til biogjødselen som produseres i biogassanlegget vårt på Voss. Det gjør at gjødselen kan brukes trygt i matproduksjon hos lokale bønder. Bioposer benyttes ikke fordi det fortsatt er usikkerhet knyttet til hvordan bioplast brytes ned i nordisk klima. Risikoen for at slike poser kan et,regex_include_exclude
[162],Norway - BIR Bergen - added municipal/authority operational source,Certification and Approval Basis,No named standard/approval stated,,,,fallback_default
[162],Norway - BIR Bergen - added municipal/authority operational source,Rejection Rationale,Reason not explicitly stated,,,,fallback_default
[163],Norway - MOVAR - added municipal/authority operational source,Source Authority,Municipal sorting rule,\b(city|municipal|municipality|commune|gemeente|gemeinde|borough|district|council|town|ville|stadt|ayuntamiento|comune|cidade|municipio|município|municipalidad|ciudad|miasto|urząd|alcald[ií]a|oslo|berlin|munich|hamburg|cologne|amsterdam|vienna|milan|barcelona|vigo|toronto|seattle|austin|san francisco|tokyo|seoul|prague|alimos|riga|krak[oó]w|toru[nń]|warsaw|bratislava|vilnius|ljubljana|maribor|christchurch|auckland|vitacura|las\s+palmas|brno|copenhagen|reykjav[ií]k|portland|new\s+york\s+city|minamata|zushi|providencia|santa\s+juana|wrocław|wroclaw)\b,municipal,Norway - MOVAR - added municipal/authority operational source | Bioposer | https://www.movar.no/bioposer-til-matavfall.html,metadata_regex + fallback_from_source_label
[163],Norway - MOVAR - added municipal/authority operational source,Stated Organic-waste Treatment Route,Treatment route not stated,\b(brown\s*bin|green\s*cart|organic\s*waste\s*collection|food\s*waste\s*collection|food\s*scraps?\s*(?:bin|collection)|bio[- ]?waste\s*collection|biowaste\s*collection|FOGO|GFT|biotonne|bioabfall|contenedor\s+marr[oó]n|contentor\s+castanho|bac\s+brun|rifiut[io]\s+organic[io]|umido|maisto\s+atliek|bioj[äa]te|madaffald|matavfall|bioodpad|pojemnik\s+bio|kitchen\s*waste\s*collection)\b,matavfall,"Norway - MOVAR - added municipal/authority operational source | Bioposer | https://www.movar.no/bioposer-til-matavfall.html Bioposer URL: https://www.movar.no/bioposer-til-matavfall.html Text extraction: BeautifulSoup visible text, added 2026-05-29T23:14:31Z",regex_include_exclude
[163],Norway - MOVAR - added municipal/authority operational source,Acceptance,Collection liners only,"(?:bioposer|matavfallsp[åa]sar|bioavfallsp[åa]sar|bioj[äa]tepussi|bioj[äa]tepussit).{0,120}(?:matavfall|madaffald|bioaffald|bioavfall|bioj[äa]te|ruokaj[äa]te)",bioposer | https://www.movar.no/bioposer-til-matavfall.html bioposer url: https://www.movar.no/bioposer-til-matavfall,"Norway - MOVAR - added municipal/authority operational source | Bioposer | https://www.movar.no/bioposer-til-matavfall.html Bioposer URL: https://www.movar.no/bioposer-til-matavfall.html Text extraction: BeautifulSoup visible text, added 2026-05-29T23:14:31Z Bioposer til matavfall - MOVAR IKS Søk Toggle navigation  MO",regex_include_exclude_context_checked
[163],Norway - MOVAR - added municipal/authority operational source,Certification and Approval Basis,No named standard/approval stated,,,,fallback_default
[163],Norway - MOVAR - added municipal/authority operational source,Rejection Rationale,Reason not explicitly stated,,,,fallback_default
[164],Norway - TRV Trondheim - added municipal/authority operational source,Source Authority,Municipal sorting rule,\b(city|municipal|municipality|commune|gemeente|gemeinde|borough|district|council|town|ville|stadt|ayuntamiento|comune|cidade|municipio|município|municipalidad|ciudad|miasto|urząd|alcald[ií]a|oslo|berlin|munich|hamburg|cologne|amsterdam|vienna|milan|barcelona|vigo|toronto|seattle|austin|san francisco|tokyo|seoul|prague|alimos|riga|krak[oó]w|toru[nń]|warsaw|bratislava|vilnius|ljubljana|maribor|christchurch|auckland|vitacura|las\s+palmas|brno|copenhagen|reykjav[ií]k|portland|new\s+york\s+city|minamata|zushi|providencia|santa\s+juana|wrocław|wroclaw)\b,municipal,Norway - TRV Trondheim - added municipal/authority operational source | Slik får du tak i bioposer til matavfall og plastsekker til plastemballasje | https://trv.no/bioposer-plasts,metadata_regex + fallback_from_source_label
[164],Norway - TRV Trondheim - added municipal/authority operational source,Stated Organic-waste Treatment Route,Treatment route not stated,\b(brown\s*bin|green\s*cart|organic\s*waste\s*collection|food\s*waste\s*collection|food\s*scraps?\s*(?:bin|collection)|bio[- ]?waste\s*collection|biowaste\s*collection|FOGO|GFT|biotonne|bioabfall|contenedor\s+marr[oó]n|contentor\s+castanho|bac\s+brun|rifiut[io]\s+organic[io]|umido|maisto\s+atliek|bioj[äa]te|madaffald|matavfall|bioodpad|pojemnik\s+bio|kitchen\s*waste\s*collection)\b,matavfall,Norway - TRV Trondheim - added municipal/authority operational source | Slik får du tak i bioposer til matavfall og plastsekker til plastemballasje | https://trv.no/bioposer-plastsekker/ Slik får du tak i bioposer til matavfall og plastsekker til plast,regex_include_exclude
[164],Norway - TRV Trondheim - added municipal/authority operational source,Acceptance,Collection liners only,"(?:matavfall|madaffald|bioaffald|bioavfall|bioj[äa]te|ruokaj[äa]te).{0,100}(?:bioposer|matavfallsp[åa]sar|bioavfallsp[åa]sar|bioj[äa]tepussi|bioj[äa]tepussit|paperipussi).{0,120}(?:skal|kan|må|saa|accepted|sorteres|anv[aä]ndas|bruges|käyttää)",matavfallsposer eller plastsekker til plastemballasje? bioposer til matavfall kan,"g plastsekker til plastemballasje Slik får du tak i bioposer til matavfall og plastsekker til plastemballasje Hva gjør du når du trenger nye matavfallsposer eller plastsekker til plastemballasje? Bioposer til matavfall kan du hente gratis på din nærbutikk. Spør betjeningen i kassen, så får du en rull. Plastsekker til plastemballasje kjøres ut til din adresse",regex_include_exclude_context_checked
[164],Norway - TRV Trondheim - added municipal/authority operational source,Certification and Approval Basis,No named standard/approval stated,,,,fallback_default
[164],Norway - TRV Trondheim - added municipal/authority operational source,Rejection Rationale,Reason not explicitly stated,,,,fallback_default
[165],Spain - Dénia - added municipal/authority operational source,Source Authority,Municipal sorting rule,,,Spain - Dénia - added municipal/authority operational source | Ayuntamiento de Dénia | https://denia.es/es/denia/actualitat/noticia.aspx?id=6498,source_label_priority
[165],Spain - Dénia - added municipal/authority operational source,Stated Organic-waste Treatment Route,Treatment route not stated,\b(brown\s*bin|green\s*cart|organic\s*waste\s*collection|food\s*waste\s*collection|food\s*scraps?\s*(?:bin|collection)|bio[- ]?waste\s*collection|biowaste\s*collection|FOGO|GFT|biotonne|bioabfall|contenedor\s+marr[oó]n|contentor\s+castanho|bac\s+brun|rifiut[io]\s+organic[io]|umido|maisto\s+atliek|bioj[äa]te|madaffald|matavfall|bioodpad|pojemnik\s+bio|kitchen\s*waste\s*collection)\b,contenedor marrón,"e día se pondrá en marcha también la recogida de materia orgánica en los cerca de 400 contenedores soterrados instalados en el municipio. El contenedor marrón Los restos orgánicos se deben depositar en los contenedores marrones, que cada persona podrá abrir con una tarjeta asociada a su vivienda.",regex_include_exclude
[165],Spain - Dénia - added municipal/authority operational source,Acceptance,Collection liners only,"bolsas\s+compostables.{0,100}(?:fracci[óo]n\s+org[áa]nica|contenedor(?:es)?\s+marr[oó]n(?:es)?)",bolsas compostables para que empiecen a reciclar la fracción orgánica,"rse de alta para obtener su tarjeta, presentando un recibo de pago de la tasa de basura. Recibirán, además, el obsequio de una papelera y 75 bolsas compostables para que empiecen a reciclar la fracción orgánica. La concejala ha recalcado que la finalidad última de la utilización de la tarjeta es “premiar a la ciudadanía”, ya que el objetivo es que",regex_include_exclude_context_checked
[165],Spain - Dénia - added municipal/authority operational source,Certification and Approval Basis,No named standard/approval stated,,,,fallback_default
[165],Spain - Dénia - added municipal/authority operational source,Rejection Rationale,Reason not explicitly stated,,,,fallback_default
[166],Spain - Zaragoza - added municipal/authority operational source,Source Authority,Municipal sorting rule,,,Spain - Zaragoza - added municipal/authority operational source | El Ayuntamiento repartirá 7.600 rollos de bolsas compostables y 6.000 cubos domésticos para residuos orgánicos a través de los Puntos Limpios Móviles | https://www.zaragoza.es/sede/servicio/noticia/338669,source_label_priority
[166],Spain - Zaragoza - added municipal/authority operational source,Stated Organic-waste Treatment Route,Treatment route not stated,\b(brown\s*bin|green\s*cart|organic\s*waste\s*collection|food\s*waste\s*collection|food\s*scraps?\s*(?:bin|collection)|bio[- ]?waste\s*collection|biowaste\s*collection|FOGO|GFT|biotonne|bioabfall|contenedor\s+marr[oó]n|contentor\s+castanho|bac\s+brun|rifiut[io]\s+organic[io]|umido|maisto\s+atliek|bioj[äa]te|madaffald|matavfall|bioodpad|pojemnik\s+bio|kitchen\s*waste\s*collection)\b,contenedor marrón,"able. Por su parte, el uso de bolsas compostables reduce el impacto ambiental y permite un total reciclaje del residuo que se deposita en el contenedor marrón, de modo que se mejora la calidad del compost que posteriormente se genera y se evita la generación de microplásticos y otros elementos co",regex_include_exclude
[166],Spain - Zaragoza - added municipal/authority operational source,Acceptance,Collection liners only,"(?:se\s+entregan|se\s+repartir[áa]n|repartir[áa]|entregar[áa]n).{0,120}bolsas?\s+compostables?.{0,160}(?:residuos?\s+org[áa]nicos|materia\s+org[áa]nica|contenedor\s+marr[oó]n)",repartirá 7.600 rollos de bolsas compostables y 6.000 cubos domésticos para residuos orgánicos,Spain - Zaragoza - added municipal/authority operational source | El Ayuntamiento repartirá 7.600 rollos de bolsas compostables y 6.000 cubos domésticos para residuos orgánicos a través de los Puntos Limpios Móviles | https://www.zaragoza.es/sede/servicio/noticia/338669 El Ayuntamiento repartirá 7.600 rollos de bol,regex_include_exclude_context_checked
[166],Spain - Zaragoza - added municipal/authority operational source,Certification and Approval Basis,Generic compostable/biodegradable wording only,\b(compostable|biodegradable|industrially\s+compostable|certified\s+compostable|composteerbaar\w*|kompostierbar\w*|compostabil\w*|biod[ée]gradable\w*|biohajoava|kompostoituva|biolagunev\w*|biolo[šs]ko\s+razgradljiv\w*|kompostowaln\w*|biodegradowaln\w*)\b,compostable,Spain - Zaragoza - added municipal/authority operational source | El Ayuntamiento repartirá 7.600 rollos de bolsas compostables y 6.000 cubos domésticos para residuos orgánicos a través de los Puntos Limpios Móviles | https://www.zaragoza.es/sede/servicio/noticia/33,regex_include_exclude
[166],Spain - Zaragoza - added municipal/authority operational source,Rejection Rationale,Reason not explicitly stated,,,,fallback_default
[167],Spain - Girona - added municipal/authority operational source,Source Authority,Municipal sorting rule,\b(city|municipal|municipality|commune|gemeente|gemeinde|borough|district|council|town|ville|stadt|ayuntamiento|comune|cidade|municipio|município|municipalidad|ciudad|miasto|urząd|alcald[ií]a|oslo|berlin|munich|hamburg|cologne|amsterdam|vienna|milan|barcelona|vigo|toronto|seattle|austin|san francisco|tokyo|seoul|prague|alimos|riga|krak[oó]w|toru[nń]|warsaw|bratislava|vilnius|ljubljana|maribor|christchurch|auckland|vitacura|las\s+palmas|brno|copenhagen|reykjav[ií]k|portland|new\s+york\s+city|minamata|zushi|providencia|santa\s+juana|wrocław|wroclaw)\b,municipal,Spain - Girona - added municipal/authority operational source | Navegació | https://web.girona.cat/netejairesidus/residus/organic,metadata_regex + fallback_from_source_label
[167],Spain - Girona - added municipal/authority operational source,Stated Organic-waste Treatment Route,Treatment route not stated,,,,fallback_default
[167],Spain - Girona - added municipal/authority operational source,Acceptance,Collection liners only,bosses\s+compostables\s+per\s+a\s+la\s+recollida\s+selectiva\s+de\s+residus\s+org[àa]nics,bosses compostables per a la recollida selectiva de residus orgànics,"suro - Serradures, estelles i encenalls de fusta - Excrements de gos o gat (sense la sorra) - Escuradents, pals de gelat o de menjar xinès - Bosses compostables per a la recollida selectiva de residus orgànics Més informació a ""Residus, on vas?"" Perquè serveix el reciclatge de l’orgànica En primer lloc, mencionar que s’hauria de reduir la seva ge",regex_include_exclude_context_checked
[167],Spain - Girona - added municipal/authority operational source,Certification and Approval Basis,No named standard/approval stated,,,,fallback_default
[167],Spain - Girona - added municipal/authority operational source,Rejection Rationale,Reason not explicitly stated,,,,fallback_default
[168],Sweden - Gothenburg - added municipal/authority operational source,Source Authority,Municipal sorting rule,\b(city|municipal|municipality|commune|gemeente|gemeinde|borough|district|council|town|ville|stadt|ayuntamiento|comune|cidade|municipio|município|municipalidad|ciudad|miasto|urząd|alcald[ií]a|oslo|berlin|munich|hamburg|cologne|amsterdam|vienna|milan|barcelona|vigo|toronto|seattle|austin|san francisco|tokyo|seoul|prague|alimos|riga|krak[oó]w|toru[nń]|warsaw|bratislava|vilnius|ljubljana|maribor|christchurch|auckland|vitacura|las\s+palmas|brno|copenhagen|reykjav[ií]k|portland|new\s+york\s+city|minamata|zushi|providencia|santa\s+juana|wrocław|wroclaw)\b,municipal,Sweden - Gothenburg - added municipal/authority operational source | Vanliga sökningar | https://goteborg.se/wps/portal?uri=gbglnk%3Agbg.page.86ec7f04-66b5-4ce7-9e46-5542060a756,metadata_regex + fallback_from_source_label
[168],Sweden - Gothenburg - added municipal/authority operational source,Stated Organic-waste Treatment Route,AD/biogas + composting,"\b(anaerobic\s+digestion|\bAD\b|biogas|biomethane|methani[sz]ation|m[ée]thanisation|biom[ée]thanisation|verg[äa]rung|vergisting|r[öo]tning|digestate|biog[öo]dsel|biog[øo]dning)\b.{0,180}\b(compost|composting|kompost|compostaggio|compostaje|compostagem|kompostering|kompostointi|kompostiranje|κομποστοποίηση|堆肥|퇴비)",biogas kattsand ska läggas i soppåsen även om det står på förpackningen att den är kompost,astpåsar på åkrarna med biogödslet. Papperspåsen är specialgjord av ett våtstarkt material som också är lätt nedbrytbart. Kattsand blir inte biogas Kattsand ska läggas i soppåsen även om det står på förpackningen att den är komposterbar. Kattsand går inte att omvandlas till biogas. Tips för bekväm och enkel sortering av matavfall Här är några bra tips för att göra det,regex_include_exclude
[168],Sweden - Gothenburg - added municipal/authority operational source,Acceptance,Collection liners only,"(?:bioposer|matavfallsp[åa]sar|bioavfallsp[åa]sar|bioj[äa]tepussi|bioj[äa]tepussit).{0,120}(?:matavfall|madaffald|bioaffald|bioavfall|bioj[äa]te|ruokaj[äa]te)",matavfallspåsarna till insamlingen av matavfall. information om hur du beställer bruna matavfall,påsar innan hämtningssäsongen börjar. För boende i flerbostadshus ska förvaltaren se till att det finns bruna påsar att hämta där du lämnar matavfallspåsarna till insamlingen av matavfall. Information om hur du beställer bruna matavfallspåsar och påshållaren Luftig Frukt- och grönsakspåsar från mataffärer. Om du saknar bruna matavfallspåsar från Kretslopp och vatten går de,regex_include_exclude_context_checked
[168],Sweden - Gothenburg - added municipal/authority operational source,Certification and Approval Basis,No named standard/approval stated,,,,fallback_default
[168],Sweden - Gothenburg - added municipal/authority operational source,Rejection Rationale,Slow degradation / residence-time mismatch,"(rottezeit|zersetzungszeit|nicht\s+sicher\s+vollst[äa]ndig\s+biologisch\s+abgebaut|langer\s+dan\s+het\s+proces|proces\s+te\s+kort|te\s+langzaam\s+af|breekt\s+te\s+langzaam|langzaam\s+afbre|biohajoava.{0,80}hidas|hitaan\s+maatumis|ikke\s+brytes\s+ned|brytes\s+ikke\s+ned|inte\s+bryts\s+ner|för\s+långsamt|nedbrytning|분해|퇴비화할|可降解塑料袋.{0,80}降解的速度比厨余垃圾慢)",inte bryts ner,"pån Sand, jord, lera och grus Glas och metallföremål Grillkol och vedaska Jord från krukväxter Tuggummi Plastfolie och annan plast Annat som inte bryts ner biologiskt Förpackningar som beskrivs som komposterbara Så hanterar du matavfall på sommaren När det är varmt ute lägger flugor gärna ägg",regex_include_exclude
[169],Sweden - Uppsala - added municipal/authority operational source,Source Authority,Municipal sorting rule,\b(city|municipal|municipality|commune|gemeente|gemeinde|borough|district|council|town|ville|stadt|ayuntamiento|comune|cidade|municipio|município|municipalidad|ciudad|miasto|urząd|alcald[ií]a|oslo|berlin|munich|hamburg|cologne|amsterdam|vienna|milan|barcelona|vigo|toronto|seattle|austin|san francisco|tokyo|seoul|prague|alimos|riga|krak[oó]w|toru[nń]|warsaw|bratislava|vilnius|ljubljana|maribor|christchurch|auckland|vitacura|las\s+palmas|brno|copenhagen|reykjav[ií]k|portland|new\s+york\s+city|minamata|zushi|providencia|santa\s+juana|wrocław|wroclaw)\b,municipal,Sweden - Uppsala - added municipal/authority operational source | Drick inte det kommunala dricksvattnet i Vänge | https://www.uppsalavatten.se/hushall/avfall-och-atervinning,metadata_regex + fallback_from_source_label
[169],Sweden - Uppsala - added municipal/authority operational source,Stated Organic-waste Treatment Route,AD/biogas + composting,"\b(compost|composting|kompost|compostaggio|compostaje|compostagem|kompostering|kompostointi|kompostiranje|κομποστοποίηση|堆肥|퇴비)\b.{0,180}\b(anaerobic\s+digestion|\bAD\b|biogas|biomethane|methani[sz]ation|m[ée]thanisation|biom[ée]thanisation|verg[äa]rung|vergisting|r[öo]tning|digestate|biog[öo]dsel|biog[øo]dning)\b","kompost"" ska varken jord, kvistar eller grenar slängas där. anledningen är att vi sedan 2008 gör biogas","nda papperspåsar för matavfallet . Släng matavfallet i avfallskärlet märkt matavfall. OBS! Även om du skulle råka ha ett gammalt kärl märkt ""kompost"" ska varken jord, kvistar eller grenar slängas där. Anledningen är att vi sedan 2008 gör biogas av matavfallet. Jord, kvistar och grenar skadar vår utrustning och skapar driftproblem. Dessutom blir biogasanläggningen effektivast och d",regex_include_exclude
[169],Sweden - Uppsala - added municipal/authority operational source,Acceptance,Rejected,"(ikke|inte|må\s+ikke|skal\s+ikke|ei|ei\s+saa|ei\s+kuulu).{0,180}(komposterbar\w*|bioposer|bioplast|plast|biohajoava\w*|kompostoituva\w*|muovipakkauk\w*|kertak[äa]ytt[öo]astia)",inte ens om den är nedbrytbar. bioplast ska i uppsala kommun sorteras som restavfall. den bryts nämligen inte ner när vi gör biogas och gödsel av matavfallet. om bioplast,"ingen effektivast och det blir mer biogas om vi bara får in rent matavfall i papperspåse. Bioplast Ingen bioplast får slängas i matavfallet, inte ens om den är nedbrytbar. Bioplast ska i Uppsala kommun sorteras som restavfall. Den bryts nämligen inte ner när vi gör biogas och gödsel av matavfallet. Om bioplasten är kvar i matavfallet måste vi sortera ut den från biogasprocessen. Det här händer sedan Matavfallet behandlas i vår biogasanläggning oc",regex_include_exclude
[169],Sweden - Uppsala - added municipal/authority operational source,Certification and Approval Basis,No named standard/approval stated,,,,fallback_default
[169],Sweden - Uppsala - added municipal/authority operational source,Rejection Rationale,Reason not explicitly stated,,,,fallback_default
[170],Iceland - Akureyri - Municipal/operator organic-waste sorting guidance,Source Authority,Waste operator or treatment-facility rule,,,Iceland - Akureyri - Municipal/operator organic-waste sorting guidance | Akureyri PDF source | https://gamli.akureyri.is/static/files/Umhverfismal-/aureyri-flokkunarleidbeiningar-en.pdf,source_label_priority
[170],Iceland - Akureyri - Municipal/operator organic-waste sorting guidance,Stated Organic-waste Treatment Route,Composting,\b(composting|compost\s+facility|industrial\s+compost|in[- ]?vessel\s+compost|IVC|compostage|compostaggio|compostaje|compostagem|kompostierung|kompostering|kompostointi|kompostiranje|composteerinstallatie|composteerbaar|kompostownia|κομποστοποίηση|κομπόστ|堆肥化|堆肥|퇴비화|퇴비|kompostitav\w*)\b,composting,"cardboard packaging, metal packaging, glass packaging, small batteries and used cooking oil (in a closed container). Organic waste is collected in Akureyri and a composting company converts it into soil for use as fertiliser. It is the property owner’s responsibility to facilitate the p",regex_include_exclude
[170],Iceland - Akureyri - Municipal/operator organic-waste sorting guidance,Acceptance,Rejected,"(ikke|inte|må\s+ikke|skal\s+ikke|ei|ei\s+saa|ei\s+kuulu).{0,180}(komposterbar\w*|bioposer|bioplast|plast|biohajoava\w*|kompostoituva\w*|muovipakkauk\w*|kertak[äa]ytt[öo]astia)","eislagata 9 and at terra's oﬃce. plastic packaging plastic packaging include: • plastic bags • plastic cups e.g. yogurt cups • plastic wrappings, clear and coloured • plast","king oil and fat into e.g. a plastic bottle and return it to the next recycling station where it will then be recycled and used to produce biodiesel. You can get the green funnel at Norðurorka’s service center, in the City Hall at Geislagata 9 and at Terra’s oﬃce. Plastic packaging Plastic packaging include: • Plastic bags • Plastic cups e.g. yogurt cups • Plastic wrappings, clear and coloured • Plastic wrappings e.g. wrappings f",regex_include_exclude
[170],Iceland - Akureyri - Municipal/operator organic-waste sorting guidance,Certification and Approval Basis,Generic compostable/biodegradable wording only,\b(compostable|biodegradable|industrially\s+compostable|certified\s+compostable|composteerbaar\w*|kompostierbar\w*|compostabil\w*|biod[ée]gradable\w*|biohajoava|kompostoituva|biolagunev\w*|biolo[šs]ko\s+razgradljiv\w*|kompostowaln\w*|biodegradowaln\w*)\b,compostable,"cts • Flowers • Toothpicks, icecream sticks and sushi sticks. In the organic bin, you can put all food leftovers and other organic waste from the household. The waste must be put in a special green biobag that is compostable. All households in Akureyri receive 150 biobags a yea",regex_include_exclude
[170],Iceland - Akureyri - Municipal/operator organic-waste sorting guidance,Rejection Rationale,Compost/digestate quality or contamination concern,\b(compost\s+quality|digestate\s+quality|microplastic|microplastics|contamination|contaminant|foreign\s+matter|residue|pollutant|clean\s+compost|soil|agricultural\s+use|quality\s+standard|fertiliser|fertilizer|impurity|physical\s+contamination|quality\s+control|nutrient|nutritional\s+value|soil\s+amendment)\b,soil,"g, glass packaging, small batteries and used cooking oil (in a closed container). Organic waste is collected in Akureyri and a composting company converts it into soil for use as fertiliser. It is the property owner’s responsibility to facilitate the possibility of recycling organi",regex_include_exclude
[171],Slovakia - Košice - Municipal/operator organic-waste sorting guidance,Source Authority,Waste operator or treatment-facility rule,,,Slovakia - Košice - Municipal/operator organic-waste sorting guidance | Kuchynský biologický odpad | https://www.kosice.sk/obcan/kuchynsky-biologicky-odpad,source_label_priority
[171],Slovakia - Košice - Municipal/operator organic-waste sorting guidance,Stated Organic-waste Treatment Route,Treatment route not stated,\b(brown\s*bin|green\s*cart|organic\s*waste\s*collection|food\s*waste\s*collection|food\s*scraps?\s*(?:bin|collection)|bio[- ]?waste\s*collection|biowaste\s*collection|FOGO|GFT|biotonne|bioabfall|contenedor\s+marr[oó]n|contentor\s+castanho|bac\s+brun|rifiut[io]\s+organic[io]|umido|maisto\s+atliek|bioj[äa]te|madaffald|matavfall|bioodpad|pojemnik\s+bio|kitchen\s*waste\s*collection)\b,bioodpad,"pred bytovkou / domom do čiernych nádob na zmesový komunálny odpad. V novom scenári je rovnaký odpad vkladaný do samostatnej nádoby na zber bioodpadu. Dostatočnou frekvenciou zberu a za predpokladu, že nádoby budú po použití zatvorené vekom, by zápach nemal byť výrazný. Patria do hnedej",regex_include_exclude
[171],Slovakia - Košice - Municipal/operator organic-waste sorting guidance,Acceptance,Rejected,"(opakowania|embala[žz]a|obaly|foli[oó]wki|plastikow\w*|plastov\w*).{0,220}(nie|ne|niso|nepat[řr][íi]|prepoved|zakaz)","plastových fliaš a tie následne vhodiť do oranžových čiernych nádob umiestnených vo vybraných stanovištiach kontajnerov, či v partne","nádoby na BIO odpad uložiť i jedlý tuk napríklad po vyprážaní? Jedlé oleje a tuky je v Košiciach možné zbierať samostatne do uzatvárateľných plastových fliaš a tie následne vhodiť do oranžových čiernych nádob umiestnených vo vybraných stanovištiach kontajnerov, či v partnerských predajniach s potravinami. Do takéhoto zberu sa zapojili i desiatky košických škôl, kde je možné využiť zbernú nádobu priamo v areál",regex_include_exclude
[171],Slovakia - Košice - Municipal/operator organic-waste sorting guidance,Certification and Approval Basis,No named standard/approval stated,,,,fallback_default
[171],Slovakia - Košice - Municipal/operator organic-waste sorting guidance,Rejection Rationale,Reason not explicitly stated,,,,fallback_default
[172],Slovakia - Trnava - Municipal/operator organic-waste sorting guidance,Source Authority,Waste operator or treatment-facility rule,,,Slovakia - Trnava - Municipal/operator organic-waste sorting guidance | Oficiálne stránky mesta Trnava | https://www.trnava.sk/zivotne-situacie/716/kompostovatelne-vrecka-na-rozlozitelny-kuchynsky-bioodpad,source_label_priority
[172],Slovakia - Trnava - Municipal/operator organic-waste sorting guidance,Stated Organic-waste Treatment Route,Treatment route not stated,\b(brown\s*bin|green\s*cart|organic\s*waste\s*collection|food\s*waste\s*collection|food\s*scraps?\s*(?:bin|collection)|bio[- ]?waste\s*collection|biowaste\s*collection|FOGO|GFT|biotonne|bioabfall|contenedor\s+marr[oó]n|contentor\s+castanho|bac\s+brun|rifiut[io]\s+organic[io]|umido|maisto\s+atliek|bioj[äa]te|madaffald|matavfall|bioodpad|pojemnik\s+bio|kitchen\s*waste\s*collection)\b,bioodpad,ing guidance | Oficiálne stránky mesta Trnava | https://www.trnava.sk/zivotne-situacie/716/kompostovatelne-vrecka-na-rozlozitelny-kuchynsky-bioodpad Oficiálne stránky mesta Trnava URL: https://www.trnava.sk/zivotne-situacie/716/kompostovatelne-vrecka-na-rozlozitelny-kuchynsky-bioodpad Te,regex_include_exclude
[172],Slovakia - Trnava - Municipal/operator organic-waste sorting guidance,Acceptance,Collection liners only,"(?:kompostovatel\w*|biolo[šs]ko\s+razgradljiv\w*|biologicky\s+rozlo[žz]iteln\w*|biodegradowaln\w*|kompostowaln\w*).{0,80}(?:vre[čc]k\w*|vrec[úu]ska|s[áa][čc]ky|worki).{0,140}(?:bioodpad|kuchynsk\w*\s+bioodpad|hned[áa]\s+n[áa]doba|rjavi\s+zabojnik|pojemnik\s+bio|bio)",kompostovatelne-vrecka-na-rozlozitelny-kuchynsky-bioodpad,- Trnava - Municipal/operator organic-waste sorting guidance | Oficiálne stránky mesta Trnava | https://www.trnava.sk/zivotne-situacie/716/kompostovatelne-vrecka-na-rozlozitelny-kuchynsky-bioodpad Oficiálne stránky mesta Trnava URL: https://www.trnava.sk/zivotne-situacie/716/kompostovatelne-vrecka-na-rozlozitelny-kuchynsky-bioodpad Te,regex_include_exclude_context_checked
[172],Slovakia - Trnava - Municipal/operator organic-waste sorting guidance,Certification and Approval Basis,No named standard/approval stated,,,,fallback_default
[172],Slovakia - Trnava - Municipal/operator organic-waste sorting guidance,Rejection Rationale,Reason not explicitly stated,,,,fallback_default
[173],Denmark - Odense - Municipal/operator organic-waste sorting guidance,Source Authority,Waste operator or treatment-facility rule,,,Denmark - Odense - Municipal/operator organic-waste sorting guidance | Komposterbareposer | https://www.odenserenovation.dk/sorteringsguide/affaldstype/komposterbareposer/,source_label_priority
[173],Denmark - Odense - Municipal/operator organic-waste sorting guidance,Stated Organic-waste Treatment Route,Treatment route not stated,\b(brown\s*bin|green\s*cart|organic\s*waste\s*collection|food\s*waste\s*collection|food\s*scraps?\s*(?:bin|collection)|bio[- ]?waste\s*collection|biowaste\s*collection|FOGO|GFT|biotonne|bioabfall|contenedor\s+marr[oó]n|contentor\s+castanho|bac\s+brun|rifiut[io]\s+organic[io]|umido|maisto\s+atliek|bioj[äa]te|madaffald|matavfall|bioodpad|pojemnik\s+bio|kitchen\s*waste\s*collection)\b,madaffald,ssug i centrum Batterier Beholder til papir & småt pap og glas & metal Beholder til plast og mad- & drikkekartoner Beholder til restaffald & madaffald Farligt affald og småt elektronik Flere muligheder for at se tømmedag Genbrugsstation Haveaffald og kompost Henteordning for stort genbrug,regex_include_exclude
[173],Denmark - Odense - Municipal/operator organic-waste sorting guidance,Acceptance,No explicit compostable-packaging rule,,,,fallback_default
[173],Denmark - Odense - Municipal/operator organic-waste sorting guidance,Certification and Approval Basis,No named standard/approval stated,,,,fallback_default
[173],Denmark - Odense - Municipal/operator organic-waste sorting guidance,Rejection Rationale,Not applicable - not a rejection/restriction case,,,,derived_from_acceptance
[174],Denmark - Aalborg - Municipal/operator organic-waste sorting guidance,Source Authority,Municipal sorting rule,,,Denmark - Aalborg - Municipal/operator organic-waste sorting guidance | Food waste in Aalborg Municipality | https://nordvaerk.dk/borger/aalborg-kommune-borger/affaldssortering/madaffald-i-aalborg-kommune/,source_label_priority
[174],Denmark - Aalborg - Municipal/operator organic-waste sorting guidance,Stated Organic-waste Treatment Route,AD/biogas only,\b(anaerobic\s+digestion|\bAD\b|biogas|biomethane|methani[sz]ation|m[ée]thanisation|biom[ée]thanisation|verg[äa]rung|vergisting|biokaas|biogaz|biogass|biogasanlegg|r[öo]tning|biog[öo]dsel|biog[øo]dning|digestate|厌氧|厭氧|沼气|沼氣)\b,biogas,"tes the green food waste bags from the black bags with residual waste. The food waste is finally processed and becomes, among other things, biogas (for the Danes' gas consumption) and fertilizer for agriculture. You have the option to get new green bags when you run out. Read more abou",regex_include_exclude
[174],Denmark - Aalborg - Municipal/operator organic-waste sorting guidance,Acceptance,Rejected,"\b(organic\s*waste|organics|food\s*waste|food\s*scraps?|biowaste|bio[- ]?waste|brown\s*bin|green\s*bin|compost(?:ing)?\s*(?:bin|cart)|gft|biotonne|bac\s+brun|contenedor\s+marr[oó]n|contentor\s+castanho)\b.{0,180}\b(no|not|without|remove|separate(?:d)?\s+from|must\s+be\s+separated\s+from|do\s+not)\b.{0,100}\b(packaging|package|container|wrapping|envase|embalaje|emballage|embalagem|verpakking|forpakning|pakend|pakuot|opakowania|embala[žz]a|obaly)\b","food waste, tie a solid double knot on the bag so that loose food waste does not fall out into the container. then you put the filled green food waste bag in the same container","ood waste into the green bags, while you continue to throw away residual waste into the black bags. Once you have filled the green bag with food waste, tie a solid double knot on the bag so that loose food waste does not fall out into the container. Then you put the filled green food waste bag in the same container that you use for the black residual waste bags. Next, both your green food waste bags and the black residual waste bags are taken to a new",regex_include_exclude
[174],Denmark - Aalborg - Municipal/operator organic-waste sorting guidance,Certification and Approval Basis,Government/programme approval,"\b(official|approved|designated|provided|supplied|distributed|council[- ]?supplied|municipal[- ]?supplied|city[- ]?supplied|programme[- ]?approved|program[- ]?approved)\b.{0,120}\b(bag|liner|sack|item|product)s?\b",provided by nordværk. these are recognized by the sensors at our sorting facility. see the options for getting bags,"et? Then contact our customer administration here. How does the food waste scheme work in Aalborg Municipality? You must use the green bags provided by Nordværk. These are recognized by the sensors at our sorting facility. See the options for getting bags here. You sort your food waste into the green bags, while you continue to throw away residual waste into the black bags. Once you have fill",regex_include_exclude
[174],Denmark - Aalborg - Municipal/operator organic-waste sorting guidance,Rejection Rationale,AD/biogas incompatibility,"\b(anaerobic\s+digestion|\bAD\b|biogas|digest(?:ion|er)|m[ée]thanisation|methani[sz]ation|verg[äa]rung|biokaas|bioverg[äa]rungsanlage|biogass|biogasanlegg|biogödsel|biogødning)\b.{0,240}\b(compostable|biodegradable|bag|liner|plastic|packaging|break\s+down|clog|screen|reject|incompatib|problem)",biogas (for the danes' gas consumption) and fertilizer for agriculture. you have the option to get new green bags when you run out. read more about the option to get green bag,"tes the green food waste bags from the black bags with residual waste. The food waste is finally processed and becomes, among other things, biogas (for the Danes' gas consumption) and fertilizer for agriculture. You have the option to get new green bags when you run out. Read more about the option to get green bags here. Note: If you have not yet received a green waste bin, please contact Nordværk at aalborg@nordvaerk.dk or tel. 9815 6566 and ask to h",regex_include_exclude
[175],Czechia - Plzeň - Municipal/operator organic-waste sorting guidance,Source Authority,Waste operator or treatment-facility rule,,,Czechia - Plzeň - Municipal/operator organic-waste sorting guidance | Typy odpadů a nakládání s nimi | https://odpady.plzen.eu/mesto-a-odpady/typy-odpadu/trideni-odpadu/biologicky-rozlozitelny-odpad/,source_label_priority
[175],Czechia - Plzeň - Municipal/operator organic-waste sorting guidance,Stated Organic-waste Treatment Route,Treatment route not stated,\b(brown\s*bin|green\s*cart|organic\s*waste\s*collection|food\s*waste\s*collection|food\s*scraps?\s*(?:bin|collection)|bio[- ]?waste\s*collection|biowaste\s*collection|FOGO|GFT|biotonne|bioabfall|contenedor\s+marr[oó]n|contentor\s+castanho|bac\s+brun|rifiut[io]\s+organic[io]|umido|maisto\s+atliek|bioj[äa]te|madaffald|matavfall|bioodpad|pojemnik\s+bio|kitchen\s*waste\s*collection)\b,bioodpad,"Objemný odpad Nebezpečný odpad Nápojové kartony Biologicky rozložitelný odpad Sklo Plast Papír Třídění odpadů Biologicky rozložitelný odpad Bioodpad je biologicky rozložitelný odpad rostlinného nebo živočišného původu, který vzniká především v domácnostech a zahradách. Patří sem napříkl",regex_include_exclude
[175],Czechia - Plzeň - Municipal/operator organic-waste sorting guidance,Acceptance,Rejected,"(opakowania|embala[žz]a|obaly|foli[oó]wki|plastikow\w*|plastov\w*).{0,220}(nie|ne|niso|nepat[řr][íi]|prepoved|zakaz)","plastových sáčků, včetně těch označených jako kompostovatelné, které se v běžném kompostovacím procesu nerozkládají a představují nežádoucí příměs. obsah hnědé nádoby na bioodpad ne","padu a při správném třídění a zpracování je cennou surovinou – například pro výrobu kompostu. Bioodpad by měl být ukládán volně, bez použití plastových sáčků, včetně těch označených jako kompostovatelné, které se v běžném kompostovacím procesu nerozkládají a představují nežádoucí příměs. Obsah hnědé nádoby na bioodpad není dále nijak tříděn a míří rovnou kompostárnu. Proto, pokud bioodpad obsahuje co nemá, dojde ke znehodnocení obsahu celého svozového vozid",regex_include_exclude
[175],Czechia - Plzeň - Municipal/operator organic-waste sorting guidance,Certification and Approval Basis,No named standard/approval stated,,,,fallback_default
[175],Czechia - Plzeň - Municipal/operator organic-waste sorting guidance,Rejection Rationale,Reason not explicitly stated,,,,fallback_default
[176],New Zealand - Christchurch - City Council green-bin organics guidance,Source Authority,Municipal sorting rule,,,New Zealand - Christchurch - City Council green-bin organics guidance | Organics – green bin : Christchurch City Council | https://ccc.govt.nz/services/rubbish-and-recycling/greenbin,source_label_priority
[176],New Zealand - Christchurch - City Council green-bin organics guidance,Stated Organic-waste Treatment Route,Composting,\b(composting|compost\s+facility|industrial\s+compost|in[- ]?vessel\s+compost|IVC|compostage|compostaggio|compostaje|compostagem|kompostierung|kompostering|kompostointi|kompostiranje|composteerinstallatie|composteerbaar|kompostownia|κομποστοποίηση|κομπόστ|堆肥化|堆肥|퇴비화|퇴비|kompostitav\w*)\b,composting,"economy. A lot of products that are currently labelled as biodegradable or compostable are not approved as organic so can’t go through our composting plant. Related links Recycling – yellow bin Rubbish – red bin Christchurch bins mobile app My bins Rubbish, recycling, organics Guides, inf",regex_include_exclude
[176],New Zealand - Christchurch - City Council green-bin organics guidance,Acceptance,Rejected,"\b(compostable|biodegradable|bioplastic|bio[- ]?plastic|compostable\s+packag|biodegradable\s+packag|serviceware|cup|cutlery)\w*\b.{0,200}\b(not\s+accepted|not\s+allowed|do\s+not\s+put|don't\s+put|must\s+not|should\s+not|prohibited|rejected|not\s+permitted|not\s+suitable|cannot|can\s*not|can’t|can't|contamination|contaminant)\b",cups or lids - put these in the red bin small dead animals such as rats and mice can be double-bagged and placed in the red bin . larger dead animals such as cats and dogs should not,"put them in the red bin ash, timber and sawdust. Let ash cool for at least five days before disposing of it in the red bin coffee/takeaway cups or lids – put these in the red bin small dead animals such as rats and mice can be double-bagged and placed in the red bin . larger dead animals such as cats and dogs should not be disposed of in any of the kerbside bins. If you are unsure of appropriate disposal options, please seek advice from your local veterinar",regex_include_exclude
[176],New Zealand - Christchurch - City Council green-bin organics guidance,Certification and Approval Basis,Generic compostable/biodegradable wording only,\b(compostable|biodegradable|industrially\s+compostable|certified\s+compostable|composteerbaar\w*|kompostierbar\w*|compostabil\w*|biod[ée]gradable\w*|biohajoava|kompostoituva|biolagunev\w*|biolo[šs]ko\s+razgradljiv\w*|kompostowaln\w*|biodegradowaln\w*)\b,biodegradable,"shredded paper tissues tea bags plastic bottles and containers number 1, 2 and 5 go in the yellow bin all other plastics go in the red bin biodegradable or compostable bags, liners and packaging – put them in the red bin ash, timber and sawdust. Let ash cool for at least five days before dis",regex_include_exclude
[176],New Zealand - Christchurch - City Council green-bin organics guidance,Rejection Rationale,Compost/digestate quality or contamination concern,\b(compost\s+quality|digestate\s+quality|microplastic|microplastics|contamination|contaminant|foreign\s+matter|residue|pollutant|clean\s+compost|soil|agricultural\s+use|quality\s+standard|fertiliser|fertilizer|impurity|physical\s+contamination|quality\s+control|nutrient|nutritional\s+value|soil\s+amendment)\b,soil,"leaves grass clippings, unless sprayed with a herbicide containing Clopyralid We can't accept cuttings from flax, cabbage trees, bamboo or soil. Put these in the red bin or dispose of them at an EcoDrop for a fee. Find out more about food and garden organics collections on the Minis",regex_include_exclude
[177],New Zealand - Auckland - Council food-scraps / compostable liner guidance,Source Authority,Municipal sorting rule,\b(city|municipal|municipality|commune|gemeente|gemeinde|borough|district|council|town|ville|stadt|ayuntamiento|comune|cidade|municipio|município|municipalidad|ciudad|miasto|urząd|alcald[ií]a|oslo|berlin|munich|hamburg|cologne|amsterdam|vienna|milan|barcelona|vigo|toronto|seattle|austin|san francisco|tokyo|seoul|prague|alimos|riga|krak[oó]w|toru[nń]|warsaw|bratislava|vilnius|ljubljana|maribor|christchurch|auckland|vitacura|las\s+palmas|brno|copenhagen|reykjav[ií]k|portland|new\s+york\s+city|minamata|zushi|providencia|santa\s+juana|wrocław|wroclaw)\b,auckland,New Zealand - Auckland - Council food-scraps / compostable liner guidance | The best of both worlds - compost and food scraps - OurAuckland | https://ourauckland.,metadata_regex + fallback_from_source_label
[177],New Zealand - Auckland - Council food-scraps / compostable liner guidance,Stated Organic-waste Treatment Route,Composting,\b(composting|compost\s+facility|industrial\s+compost|in[- ]?vessel\s+compost|IVC|compostage|compostaggio|compostaje|compostagem|kompostierung|kompostering|kompostointi|kompostiranje|composteerinstallatie|composteerbaar|kompostownia|κομποστοποίηση|κομπόστ|堆肥化|堆肥|퇴비화|퇴비|kompostitav\w*)\b,composting,"in our kitchen caddy, which filled our food scraps bin halfway.” Michelle also admits that convenience is a real bonus, even for a dedicated composting family like hers. “When it’s just one kiwifruit skin and it’s hardly worth the trip out into the garden to the worm farm, we just drop it",regex_include_exclude
[177],New Zealand - Auckland - Council food-scraps / compostable liner guidance,Acceptance,Dedicated/controlled route only,\b(closed[- ]?loop|event|festival|venue|stadium|commercial\s+collection|controlled\s+(system|collection)|dedicated\s+collection|back[- ]?of[- ]?house|food[- ]?service|monocharge)\b,event,st of both worlds - compost and food scraps - OurAuckland Toggle search Submit search Menu Home Latest All News News Local Things to do All Events Events Auckland's Future All Auckland's Future In Progress Growth Development Mayor Media Centre Living in Auckland All OurAuckland Dogs f,regex_include_exclude
[177],New Zealand - Auckland - Council food-scraps / compostable liner guidance,Certification and Approval Basis,Generic compostable/biodegradable wording only,\b(compostable|biodegradable|industrially\s+compostable|certified\s+compostable|composteerbaar\w*|kompostierbar\w*|compostabil\w*|biod[ée]gradable\w*|biohajoava|kompostoituva|biolagunev\w*|biolo[šs]ko\s+razgradljiv\w*|kompostowaln\w*|biodegradowaln\w*)\b,compostable,New Zealand - Auckland - Council food-scraps / compostable liner guidance | The best of both worlds - compost and food scraps - OurAuckland | https://ourauckland.aucklandcouncil.govt.nz/news/2023/04,regex_include_exclude
[177],New Zealand - Auckland - Council food-scraps / compostable liner guidance,Rejection Rationale,Compost/digestate quality or contamination concern,\b(compost\s+quality|digestate\s+quality|microplastic|microplastics|contamination|contaminant|foreign\s+matter|residue|pollutant|clean\s+compost|soil|agricultural\s+use|quality\s+standard|fertiliser|fertilizer|impurity|physical\s+contamination|quality\s+control|nutrient|nutritional\s+value|soil\s+amendment)\b,fertiliser,"means that food scraps, which would end up in landfill where they create harmful greenhouse gases, will now be used for renewable energy and fertiliser to grow more food sustainably. Elena and Michelle share their top tips for people using their new food scraps bin: Freeze the meat scraps",regex_include_exclude
[178],Belgium - Wallonia / Intradel - Organic-waste collection guidance,Source Authority,"State, provincial, regional, or canton rule",,,Belgium - Wallonia / Intradel - Organic-waste collection guidance | Intradel - Les déchets organiques | https://www.intradel.be/trier-ses-dechets/les-collectes-en-porte-a-porte-1/les-dechets-organiques.htm?lng=fr,source_label_priority
[178],Belgium - Wallonia / Intradel - Organic-waste collection guidance,Stated Organic-waste Treatment Route,AD/biogas + composting,"\b(anaerobic\s+digestion|\bAD\b|biogas|biomethane|methani[sz]ation|m[ée]thanisation|biom[ée]thanisation|verg[äa]rung|vergisting|r[öo]tning|digestate|biog[öo]dsel|biog[øo]dning)\b.{0,180}\b(compost|composting|kompost|compostaggio|compostaje|compostagem|kompostering|kompostointi|kompostiranje|κομποστοποίηση|堆肥|퇴비)",biométhanisation. ce procédé permet la production d'énergie verte et de compost,"es déchets organiques de la zone Intradel seront traités et transformés en amendement organique, chaleur et électricité dans notre unité de biométhanisation. Ce procédé permet la production d'énergie verte et de compost de qualité. Que peut-on mettre dans le conteneur vert ? Les résidus alimentaires : légumes, fruits, viande, poisson, restes de repas,",regex_include_exclude
[178],Belgium - Wallonia / Intradel - Organic-waste collection guidance,Acceptance,Collection liners only,"(?:d[ée]chets?\s+alimentaires|biod[ée]chets?|d[ée]chets?\s+organiques|mati[èe]res?\s+organiques).{0,140}sacs?\s+(?:compostables?|biod[ée]gradables?|bio|en\s+papier|kraft)",déchets organiques dans des sachets de pain ou des sacs biodégradables,"enir son conteneur vert ? Pour garder votre conteneur propre, disposez dans le fond des feuilles de journal froissées. N'hésitez pas à emballer vos déchets organiques dans des sachets de pain ou des sacs biodégradables, voire dans du papier journal. Pour le nettoyage, utilisez simplement de l'eau chaude. Comment éviter les mauvaises odeurs dans son",regex_include_exclude_context_checked
[178],Belgium - Wallonia / Intradel - Organic-waste collection guidance,Certification and Approval Basis,EN 13432 / OK compost / Seedling,\bok\s*compost(?!\s*home)\b,ok compost,"oivent être jetés dans le conteneur gris, pas dans le conteneur vert. Dans ce dernier, vous ne pouvez jeter que les sacs compostables ayant le logo OK compost/TUV AUSTRIA vendus dans le commerce. Que faire lorsque son conteneur vert est cassé ou vandalisé ? Contactez notre call center au 0",regex_include_exclude
[178],Belgium - Wallonia / Intradel - Organic-waste collection guidance,Rejection Rationale,Compost/digestate quality or contamination concern,(mikroplastik|fremdstoff|st[öo]rstoff|vervuiling|verontreiniging|schone\s+compost|kwaliteit|schadelijke\s+stoffen|compostkwaliteit|bodem|meststof|fertilisant|engrais|qualit[ée]|inquinant|퇴비|비료|품질),qualité,"ment organique, chaleur et électricité dans notre unité de biométhanisation. Ce procédé permet la production d'énergie verte et de compost de qualité. Que peut-on mettre dans le conteneur vert ? Les résidus alimentaires : légumes, fruits, viande, poisson, restes de repas, os, produi",regex_include_exclude
[179],Belgium - Wallonia / Hygea - Organic-waste sorting guidance,Source Authority,"State, provincial, regional, or canton rule",,,Belgium - Wallonia / Hygea - Organic-waste sorting guidance | Les déchets organiques | Hygea | https://www.hygea.be/prevention-dechets/tri-dechets/dechets-organiques,source_label_priority
[179],Belgium - Wallonia / Hygea - Organic-waste sorting guidance,Stated Organic-waste Treatment Route,AD/biogas + composting,"\b(anaerobic\s+digestion|\bAD\b|biogas|biomethane|methani[sz]ation|m[ée]thanisation|biom[ée]thanisation|verg[äa]rung|vergisting|r[öo]tning|digestate|biog[öo]dsel|biog[øo]dning)\b.{0,180}\b(compost|composting|kompost|compostaggio|compostaje|compostagem|kompostering|kompostointi|kompostiranje|κομποστοποίηση|堆肥|퇴비)","biométhanisation le compostage à domicile au lieu de jeter vos déchets organiques, vous pouvez également pratiquer le compostage à domicile. le compost","ualité du compost est une préoccupation constante : sa composition est contrôlée pour veiller à fournir aux sols un amendement de qualité. La biométhanisation Le compostage à domicile Au lieu de jeter vos déchets organiques, vous pouvez également pratiquer le compostage à domicile. Le compost est un engrais 100% naturel, qui peut être utilisé comme fertilisant pour votre potager, vos plantes, etc. En plus d'être écologique, cet",regex_include_exclude
[179],Belgium - Wallonia / Hygea - Organic-waste sorting guidance,Acceptance,Rejected,"(ne\s+(?:les?\s+)?mettez\s+pas|ne\s+pas\s+mettre|pas\s+dans|interdit\w*|refus[ée]s?|non\s+accept[ée]s?).{0,200}(compostable\w*|biod[ée]gradable\w*|bioplastique\w*|emballage\w*|plastique\w*)",interdits les déchets suivants ne sont pas des déchets organiques et doivent être déposés dans le sac moka : les litières minérales excréments les cendres de bois les langes les emballages compostables/biodégradables,"rçants-revendeurs, sont autorisés et collectés toutes les semaines. Un rouleau de 20 sacs de 20L est vendu au prix de 7 € (0,35€/sac) Déchets interdits Les déchets suivants ne sont pas des déchets organiques et doivent être déposés dans le sac moka : Les litières minérales Excréments Les cendres de bois Les langes Les emballages compostables/biodégradables Les déchets alimentaires liquides (sauces, huiles, restes de soupe…) Que deviennent mes déchets organiques ? Ils sont acheminés par camio",regex_include_exclude
[179],Belgium - Wallonia / Hygea - Organic-waste sorting guidance,Certification and Approval Basis,Generic compostable/biodegradable wording only,\b(compostable|biodegradable|industrially\s+compostable|certified\s+compostable|composteerbaar\w*|kompostierbar\w*|compostabil\w*|biod[ée]gradable\w*|biohajoava|kompostoituva|biolagunev\w*|biolo[šs]ko\s+razgradljiv\w*|kompostowaln\w*|biodegradowaln\w*)\b,biodégradables,"iques et doivent être déposés dans le sac moka : Les litières minérales Excréments Les cendres de bois Les langes Les emballages compostables/biodégradables Les déchets alimentaires liquides (sauces, huiles, restes de soupe…) Que deviennent mes déchets organiques ? Ils sont acheminés par camio",regex_include_exclude
[179],Belgium - Wallonia / Hygea - Organic-waste sorting guidance,Rejection Rationale,Compost/digestate quality or contamination concern,(mikroplastik|fremdstoff|st[öo]rstoff|vervuiling|verontreiniging|schone\s+compost|kwaliteit|schadelijke\s+stoffen|compostkwaliteit|bodem|meststof|fertilisant|engrais|qualit[ée]|inquinant|퇴비|비료|품질),qualité,"due à jamais. Or, les déchets alimentaires peuvent être valorisés non seulement en électricité et en chaleur, mais surtout en un compost de qualité pour nourrir nos terres agricoles. La Directive européenne 2018/851 impose aux Etats membres de rendre obligatoire le tri à la source des",regex_include_exclude
[180],Slovenia - Maribor - Municipal waste-sorting guidance,Source Authority,Municipal sorting rule,\b(city|municipal|municipality|commune|gemeente|gemeinde|borough|district|council|town|ville|stadt|ayuntamiento|comune|cidade|municipio|município|municipalidad|ciudad|miasto|urząd|alcald[ií]a|oslo|berlin|munich|hamburg|cologne|amsterdam|vienna|milan|barcelona|vigo|toronto|seattle|austin|san francisco|tokyo|seoul|prague|alimos|riga|krak[oó]w|toru[nń]|warsaw|bratislava|vilnius|ljubljana|maribor|christchurch|auckland|vitacura|las\s+palmas|brno|copenhagen|reykjav[ií]k|portland|new\s+york\s+city|minamata|zushi|providencia|santa\s+juana|wrocław|wroclaw)\b,maribor,Slovenia - Maribor - Municipal waste-sorting guidance | Kako ločevati in odlagati odpadke? - Maribor.si | https://okolje.maribor.si/kakoloevatiinodlagatiodpad,metadata_regex + fallback_from_source_label
[180],Slovenia - Maribor - Municipal waste-sorting guidance,Stated Organic-waste Treatment Route,Treatment route not stated,,,,fallback_default
[180],Slovenia - Maribor - Municipal waste-sorting guidance,Acceptance,Rejected,"(opakowania|embala[žz]a|obaly|foli[oó]wki|plastikow\w*|plastov\w*).{0,220}(nie|ne|niso|nepat[řr][íi]|prepoved|zakaz)","embalaža in karton posoda z rdečim ali modrim pokrovom zbirni center časopisi, revije, knjige, zvezki, letaki, karton, papirnate nakupovalne","emlja lončnic Maščobe, cigaretni ogorki, plenice, vsebina vrečk za sesalce, plastične vrečke Odpadke odložite brez embalaže PAPIR, PAPIRNATA EMBALAŽA IN KARTON Posoda z rdečim ali modrim pokrovom Zbirni center Časopisi, revije, knjige, zvezki, letaki, karton, papirnate nakupovalne vrečke Zamaščen ali plastificiran papir, Tetra Pak embalaža, uporabljeni papirnati prtički, robčki ali brisače, celofan, lepilni trakovi,",regex_include_exclude
[180],Slovenia - Maribor - Municipal waste-sorting guidance,Certification and Approval Basis,No named standard/approval stated,,,,fallback_default
[180],Slovenia - Maribor - Municipal waste-sorting guidance,Rejection Rationale,Explicit no-packaging / positive-list restriction,(no\s+packaging\s+of\s+any\s+kind|without\s+any\s+packaging|aucun\s+emballage|sans\s+emballage|sin\s+(?:ning[uú]n\s+tipo\s+de\s+)?envase|sem\s+embalagem|zonder\s+verpakking|uden\s+emballage|utan\s+förpackning|bez\s+opakowań|brez\s+embala[žz]e|bez\s+obalu),brez embalaže,"beni izdelki, ovenelo cvetje, zemlja lončnic Maščobe, cigaretni ogorki, plenice, vsebina vrečk za sesalce, plastične vrečke Odpadke odložite brez embalaže PAPIR, PAPIRNATA EMBALAŽA IN KARTON Posoda z rdečim ali modrim pokrovom Zbirni center Časopisi, revije, knjige, zvezki, letaki, karton, pa",regex_include_exclude
[181],Slovenia - Kranj / Komunala Kranj - Brown-bin biowaste guidance,Source Authority,Waste operator or treatment-facility rule,,,Slovenia - Kranj / Komunala Kranj - Brown-bin biowaste guidance | Zaščita rjavega zabojnika in pravilno odlaganje bioloških odpadkov | Komunala Kranj | https://www.komunala-kranj.si/zascita-rjavega-zabojnika-in-pravilno-odlaganje-bioloskih-odpadkov,source_label_priority
[181],Slovenia - Kranj / Komunala Kranj - Brown-bin biowaste guidance,Stated Organic-waste Treatment Route,Treatment route not stated,,,,fallback_default
[181],Slovenia - Kranj / Komunala Kranj - Brown-bin biowaste guidance,Acceptance,Collection liners only,"(?:kompostovatel\w*|biolo[šs]ko\s+razgradljiv\w*|biologicky\s+rozlo[žz]iteln\w*|biodegradowaln\w*|kompostowaln\w*).{0,80}(?:vre[čc]k\w*|vrec[úu]ska|s[áa][čc]ky|worki).{0,140}(?:bioodpad|kuchynsk\w*\s+bioodpad|hned[áa]\s+n[áa]doba|rjavi\s+zabojnik|pojemnik\s+bio|bio)","biološko razgradljivih materialov (odlaganje v plastičnih vrečkah je prepovedano, saj s tem onemogočimo nadaljnjo predelavo odpadkov), za zaščito notranjosti zabojnika se lahko odločimo tudi za velike bio","loških odpadkov z zabojem), biološke odpadke odložimo zavite v časopisni papir, papirnate vrečke oz. kar je najboljše – uporabimo vrečke iz biološko razgradljivih materialov (odlaganje v plastičnih vrečkah je prepovedano, saj s tem onemogočimo nadaljnjo predelavo odpadkov), za zaščito notranjosti zabojnika se lahko odločimo tudi za velike biorazgradljive vreče prostornine 120 litrov ali 240 litrov, v obdobju nizkih temperatur pod lediščem svetujemo umik zabojnika v kurilnico ali",regex_include_exclude_context_checked
[181],Slovenia - Kranj / Komunala Kranj - Brown-bin biowaste guidance,Certification and Approval Basis,Generic compostable/biodegradable wording only,\b(compostable|biodegradable|industrially\s+compostable|certified\s+compostable|composteerbaar\w*|kompostierbar\w*|compostabil\w*|biod[ée]gradable\w*|biohajoava|kompostoituva|biolagunev\w*|biolo[šs]ko\s+razgradljiv\w*|kompostowaln\w*|biodegradowaln\w*)\b,biološko razgradljivih,"loških odpadkov z zabojem), biološke odpadke odložimo zavite v časopisni papir, papirnate vrečke oz. kar je najboljše – uporabimo vrečke iz biološko razgradljivih materialov (odlaganje v plastičnih vrečkah je prepovedano, saj s tem onemogočimo nadaljnjo predelavo odpadkov), za zaščito notranjosti zabo",regex_include_exclude
[181],Slovenia - Kranj / Komunala Kranj - Brown-bin biowaste guidance,Rejection Rationale,Reason not explicitly stated,,,,fallback_default
[182],Luxembourg - Minett Kompost - Organic-waste bag / collection guidance,Source Authority,Waste operator or treatment-facility rule,\b(facility|plant|operator|hauler|collector|processor|composter|composting facility|anaerobic|biogas|waste[- ]company|waste company|public utility|recology|wm\b|awm\b|awb\b|bsr\b|stadtreinigung|milieu|hvc|rd4|gesenu|contarina|salerno pulita|mohu|tratolixo|mustankorkea|biorepack|suez|veolia|envar|mywaste|pražské\s+služby|mpo\b|olo\s+a\.s\.|jp\s+voka\s+snaga|vasa\b|getliņi|getlini|voka\s+snaga|intradel|hygea|komunala\s+kranj|minett\s+kompost|calgary|halifax|reykjav[ií]k)\b,minett kompost,Luxembourg - Minett Kompost - Organic-waste bag / collection guidance | Organique sans plastique - c‘est esthétique | https://minett-kompost.lu/organique-sans-plastiqu,metadata_regex + fallback_from_source_label
[182],Luxembourg - Minett Kompost - Organic-waste bag / collection guidance,Stated Organic-waste Treatment Route,Composting,\b(composting|compost\s+facility|industrial\s+compost|in[- ]?vessel\s+compost|IVC|compostage|compostaggio|compostaje|compostagem|kompostierung|kompostering|kompostointi|kompostiranje|composteerinstallatie|composteerbaar|kompostownia|κομποστοποίηση|κομπόστ|堆肥化|堆肥|퇴비화|퇴비|kompostitav\w*)\b,compostage,"mettez vos déchets organiques dans un sac poubelle en plastique, ce sac doit également être séparé de manière coûteuse et complexe avant le compostage. C’est pourquoi Minett Kompost propose des solutions de sacs 100% biodégradables pour l’hygiène de votre poubelle, disponibles dans les com",regex_include_exclude
[182],Luxembourg - Minett Kompost - Organic-waste bag / collection guidance,Acceptance,Collection liners only,"sacs?\s+(?:100%\s+)?biod[ée]gradables?.{0,160}(?:logo|minett\s+kompost|poubelle\s+bio|d[ée]chets?\s+organiques|compostage)","sacs 100% biodégradables pour l'hygiène de votre poubelle, disponibles dans les commerces de proximité et portant le logo minett kompost","sac doit également être séparé de manière coûteuse et complexe avant le compostage. C’est pourquoi Minett Kompost propose des solutions de sacs 100% biodégradables pour l’hygiène de votre poubelle, disponibles dans les commerces de proximité et portant le logo Minett Kompost. Vous pouvez également utiliser des sacs en papier ou emballer vos déchets de cuisine et de repas humides dans du papier journal. Un meille",regex_include_exclude_context_checked
[182],Luxembourg - Minett Kompost - Organic-waste bag / collection guidance,Certification and Approval Basis,Generic compostable/biodegradable wording only,\b(compostable|biodegradable|industrially\s+compostable|certified\s+compostable|composteerbaar\w*|kompostierbar\w*|compostabil\w*|biod[ée]gradable\w*|biohajoava|kompostoituva|biolagunev\w*|biolo[šs]ko\s+razgradljiv\w*|kompostowaln\w*|biodegradowaln\w*)\b,biodégradables,"t aucune ou une seule matière étrangère et que la majorité des utilisateurs effectuaient donc un bon ou très bon tri. Poubelle pour déchets biodégradables sans matières non-compostables Bon tri des déchets organiques Dans 11 % des poubelles bio, on a trouvé plus de trois substances étrangères,",regex_include_exclude
[182],Luxembourg - Minett Kompost - Organic-waste bag / collection guidance,Rejection Rationale,Compost/digestate quality or contamination concern,\b(pfas|additive|chemical|toxic|toxicity|heavy\s+metal|fluorinated|substance|contaminant\s+chemicals?|harmful\s+substances?)\b,substance,"déchets biodégradables sans matières non-compostables Bon tri des déchets organiques Dans 11 % des poubelles bio, on a trouvé plus de trois substances étrangères, et 3,5 % des poubelles bio contenaient un grand nombre de matières étrangères, en partie des déchets résiduels. Ces déchets no",regex_include_exclude
[183],Costa Rica - Costa Rica / community or domestic composting context - ComposterOs - community composting guidance / operator-style guidance,Source Authority,Waste operator or treatment-facility rule,,,Costa Rica - Costa Rica / community or domestic composting context - ComposterOs - community composting guidance / operator-style guidance | ¿Es compostable? Qué agregar y qué no agregar a la compostera | https://composteros.go.cr/blog/-/blogs/-es-compostable-que-agregar-y-que-no-agregar-a-la-compostera,source_label_priority
[183],Costa Rica - Costa Rica / community or domestic composting context - ComposterOs - community composting guidance / operator-style guidance,Stated Organic-waste Treatment Route,Composting,\b(composting|compost\s+facility|industrial\s+compost|in[- ]?vessel\s+compost|IVC|compostage|compostaggio|compostaje|compostagem|kompostierung|kompostering|kompostointi|kompostiranje|composteerinstallatie|composteerbaar|kompostownia|κομποστοποίηση|κομπόστ|堆肥化|堆肥|퇴비화|퇴비|kompostitav\w*)\b,composting,Costa Rica - Costa Rica / community or domestic composting context - ComposterOs - community composting guidance / operator-style guidance | ¿Es compostable? Qué agregar y qué no agregar a la compos,regex_include_exclude
[183],Costa Rica - Costa Rica / community or domestic composting context - ComposterOs - community composting guidance / operator-style guidance,Acceptance,No explicit compostable-packaging rule,,,,fallback_default
[183],Costa Rica - Costa Rica / community or domestic composting context - ComposterOs - community composting guidance / operator-style guidance,Certification and Approval Basis,Generic compostable/biodegradable wording only,\b(compostable|biodegradable|industrially\s+compostable|certified\s+compostable|composteerbaar\w*|kompostierbar\w*|compostabil\w*|biod[ée]gradable\w*|biohajoava|kompostoituva|biolagunev\w*|biolo[šs]ko\s+razgradljiv\w*|kompostowaln\w*|biodegradowaln\w*)\b,compostable,Rica - Costa Rica / community or domestic composting context - ComposterOs - community composting guidance / operator-style guidance | ¿Es compostable? Qué agregar y qué no agregar a la compostera | https://composteros.go.cr/blog/-/blogs/-es-compostable-que-agregar-y-que-no-agregar-a-la-co,regex_include_exclude
[183],Costa Rica - Costa Rica / community or domestic composting context - ComposterOs - community composting guidance / operator-style guidance,Rejection Rationale,Not applicable - not a rejection/restriction case,,,,derived_from_acceptance
[184],Czechia - Karlovy Vary - L?ze?sk? lesy a parky Karlovy Vary - local municipal-operator sorting guidance,Source Authority,Municipal sorting rule,,,Czechia - Karlovy Vary - L?ze?sk? lesy a parky Karlovy Vary - local municipal-operator sorting guidance | Bioodpad | https://www.llpkv.cz/sluzby-pro-obcany/bioodpad,source_label_priority
[184],Czechia - Karlovy Vary - L?ze?sk? lesy a parky Karlovy Vary - local municipal-operator sorting guidance,Stated Organic-waste Treatment Route,Treatment route not stated,\b(brown\s*bin|green\s*cart|organic\s*waste\s*collection|food\s*waste\s*collection|food\s*scraps?\s*(?:bin|collection)|bio[- ]?waste\s*collection|biowaste\s*collection|FOGO|GFT|biotonne|bioabfall|contenedor\s+marr[oó]n|contentor\s+castanho|bac\s+brun|rifiut[io]\s+organic[io]|umido|maisto\s+atliek|bioj[äa]te|madaffald|matavfall|bioodpad|pojemnik\s+bio|kitchen\s*waste\s*collection)\b,bioodpad,"Czechia - Karlovy Vary - L?ze?sk? lesy a parky Karlovy Vary - local municipal-operator sorting guidance | Bioodpad | https://www.llpkv.cz/sluzby-pro-obcany/bioodpad Svoz bioodpadu Od 1.2.2026 nastává změna ve sběru bioodpadu v Karlových Varech, nově se o",regex_include_exclude
[184],Czechia - Karlovy Vary - L?ze?sk? lesy a parky Karlovy Vary - local municipal-operator sorting guidance,Acceptance,Rejected,"(opakowania|embala[žz]a|obaly|foli[oó]wki|plastikow\w*|plastov\w*).{0,220}(nie|ne|niso|nepat[řr][íi]|prepoved|zakaz)","plastových. bioodpad lze do nádob ukládat také volně, bez obalu. prosíme nepoužívejte plastové sáčky na sběr organického odpadu a to ani tzv. kompostovatelné plastové sáčky. kompostovatelný plast se rozkládá příliš pomalu a ne","né popelnice. Do čeho bioodpad ukládat doma? Než bioodpad vynesete do popelnice, ukládejte jej doma výhradně do papírových pytlů, nikoli do plastových. Bioodpad lze do nádob ukládat také volně, bez obalu. Prosíme Nepoužívejte plastové sáčky na sběr organického odpadu a to ani tzv. kompostovatelné plastové sáčky. Kompostovatelný plast se rozkládá příliš pomalu a ne úplně. Děkujeme. Tipy V létě umístěte nádobu na bioodpad na stinné místo a v zimě na místo chráněné před mrazem. Pokud se objeví zápach, po",regex_include_exclude
[184],Czechia - Karlovy Vary - L?ze?sk? lesy a parky Karlovy Vary - local municipal-operator sorting guidance,Certification and Approval Basis,No named standard/approval stated,,,,fallback_default
[184],Czechia - Karlovy Vary - L?ze?sk? lesy a parky Karlovy Vary - local municipal-operator sorting guidance,Rejection Rationale,Explicit no-packaging / positive-list restriction,(no\s+packaging\s+of\s+any\s+kind|without\s+any\s+packaging|aucun\s+emballage|sans\s+emballage|sin\s+(?:ning[uú]n\s+tipo\s+de\s+)?envase|sem\s+embalagem|zonder\s+verpakking|uden\s+emballage|utan\s+förpackning|bez\s+opakowań|brez\s+embala[žz]e|bez\s+obalu),bez obalu,"pad vynesete do popelnice, ukládejte jej doma výhradně do papírových pytlů, nikoli do plastových. Bioodpad lze do nádob ukládat také volně, bez obalu. Prosíme Nepoužívejte plastové sáčky na sběr organického odpadu a to ani tzv. kompostovatelné plastové sáčky. Kompostovatelný plast se rozk",regex_include_exclude
